-- phpMyAdmin SQL Dump
-- version 5.2.1
-- https://www.phpmyadmin.net/
--
-- Host: 127.0.0.1
-- Waktu pembuatan: 08 Mar 2026 pada 10.44
-- Versi server: 10.4.32-MariaDB
-- Versi PHP: 8.2.12

SET SQL_MODE = "NO_AUTO_VALUE_ON_ZERO";
START TRANSACTION;
SET time_zone = "+00:00";


/*!40101 SET @OLD_CHARACTER_SET_CLIENT=@@CHARACTER_SET_CLIENT */;
/*!40101 SET @OLD_CHARACTER_SET_RESULTS=@@CHARACTER_SET_RESULTS */;
/*!40101 SET @OLD_COLLATION_CONNECTION=@@COLLATION_CONNECTION */;
/*!40101 SET NAMES utf8mb4 */;

--
-- Database: `etikets`
--

-- --------------------------------------------------------

--
-- Struktur dari tabel `admin_audit_logs`
--

CREATE TABLE `admin_audit_logs` (
  `id` char(36) CHARACTER SET utf8mb4 COLLATE utf8mb4_bin NOT NULL DEFAULT uuid(),
  `user_id` char(36) CHARACTER SET utf8mb4 COLLATE utf8mb4_bin DEFAULT NULL,
  `action` varchar(50) DEFAULT NULL,
  `ip_address` varchar(50) DEFAULT NULL,
  `user_agent` text DEFAULT NULL,
  `created_at` datetime DEFAULT NULL
) ENGINE=InnoDB DEFAULT CHARSET=utf8mb4 COLLATE=utf8mb4_general_ci;

--
-- Dumping data untuk tabel `admin_audit_logs`
--

INSERT INTO `admin_audit_logs` (`id`, `user_id`, `action`, `ip_address`, `user_agent`, `created_at`) VALUES
('00f44feb-b736-4232-862c-6fe651dc2b51', '52199a96-2434-44e6-b63f-d20f5c46fee8', 'LOGIN_SUCCESS', '::1', 'Mozilla/5.0 (Windows NT 10.0; Win64; x64) AppleWebKit/537.36 (KHTML, like Gecko) Chrome/144.0.0.0 Safari/537.36', '2026-02-05 13:44:48'),
('010b6256-bb4f-4e9e-92f4-77d052eded41', '52199a96-2434-44e6-b63f-d20f5c46fee8', 'LOGIN_SUCCESS', '::1', 'Mozilla/5.0 (Windows NT 10.0; Win64; x64) AppleWebKit/537.36 (KHTML, like Gecko) Chrome/144.0.0.0 Safari/537.36', '2026-02-05 14:35:46'),
('015ef615-84ec-4fcd-a0ce-1e25afdb26b6', '999cf76b-01f9-47fc-b6aa-81f78d533be2', 'LOGIN_SUCCESS', '::1', 'Mozilla/5.0 (Windows NT 10.0; Win64; x64) AppleWebKit/537.36 (KHTML, like Gecko) Chrome/145.0.0.0 Safari/537.36', '2026-02-19 19:54:18'),
('0197b0fc-bb0d-4373-afbf-1f7fe6b6b5c6', '3d2ef306-35c3-486d-a545-51a35bfe08b6', 'LOGIN_SUCCESS', '::1', 'Mozilla/5.0 (Windows NT 10.0; Win64; x64) AppleWebKit/537.36 (KHTML, like Gecko) Chrome/145.0.0.0 Safari/537.36', '2026-03-07 12:48:19'),
('02a76d5e-8354-4ec7-8515-c581ed90fbcb', '999cf76b-01f9-47fc-b6aa-81f78d533be2', 'LOGIN_SUCCESS', '::ffff:127.0.0.1', 'PostmanRuntime/7.51.0', '2025-12-22 07:56:21'),
('03309751-1ff0-4314-862f-76ab877be108', '32aa631c-e79b-44ab-bed5-c2bcf5a5cff6', 'LOGIN_SUCCESS', '::1', 'Mozilla/5.0 (Windows NT 10.0; Win64; x64) AppleWebKit/537.36 (KHTML, like Gecko) Chrome/145.0.0.0 Safari/537.36', '2026-02-20 14:19:19'),
('034e2a13-254b-4b21-a446-04b18b75bea1', '217964b7-2332-43d1-be35-c92716920f10', 'LOGIN_SUCCESS', '::1', 'Mozilla/5.0 (Windows NT 10.0; Win64; x64) AppleWebKit/537.36 (KHTML, like Gecko) Chrome/145.0.0.0 Safari/537.36', '2026-02-11 21:25:16'),
('03ef7133-1fc3-44f2-85cc-8de7c39ea495', 'b62b7429-7550-4da5-aa53-be976b8da2f7', 'LOGIN_SUCCESS', '::1', 'Mozilla/5.0 (Windows NT 10.0; Win64; x64) AppleWebKit/537.36 (KHTML, like Gecko) Chrome/143.0.0.0 Safari/537.36', '2026-01-03 15:42:23'),
('042f20ce-5c14-4de6-b845-875b79249bf0', '217964b7-2332-43d1-be35-c92716920f10', 'LOGIN_SUCCESS', '::ffff:127.0.0.1', 'PostmanRuntime/7.51.1', '2026-02-12 14:41:15'),
('04629cad-08aa-481c-8cf1-9b76e9a2aa21', '217964b7-2332-43d1-be35-c92716920f10', 'LOGIN_FAILED', '::1', 'Mozilla/5.0 (iPhone; CPU iPhone OS 18_5 like Mac OS X) AppleWebKit/605.1.15 (KHTML, like Gecko) Version/18.5 Mobile/15E148 Safari/604.1', '2026-02-21 21:30:00'),
('07ecd535-6238-47b5-8355-513b0c3f6602', 'd4d759fd-6696-47c3-b3ec-b9b3b3d3f796', 'LOGIN_SUCCESS', '::1', 'Mozilla/5.0 (Windows NT 10.0; Win64; x64) AppleWebKit/537.36 (KHTML, like Gecko) Chrome/145.0.0.0 Safari/537.36', '2026-02-16 20:52:06'),
('0804dbbb-4522-4603-abb9-dc6664260953', 'b62b7429-7550-4da5-aa53-be976b8da2f7', 'LOGIN_SUCCESS', '::1', 'Mozilla/5.0 (Windows NT 10.0; Win64; x64) AppleWebKit/537.36 (KHTML, like Gecko) Chrome/143.0.0.0 Safari/537.36', '2026-01-03 13:16:45'),
('087c64e3-6cb1-4c89-b948-05703c5bcd55', '217964b7-2332-43d1-be35-c92716920f10', 'LOGIN_SUCCESS', '::1', 'Mozilla/5.0 (Windows NT 10.0; Win64; x64) AppleWebKit/537.36 (KHTML, like Gecko) Chrome/145.0.0.0 Safari/537.36', '2026-02-12 16:30:23'),
('0890526e-a7ea-4c0b-b101-10a0af712772', '999cf76b-01f9-47fc-b6aa-81f78d533be2', 'LOGIN_SUCCESS', '::1', 'Mozilla/5.0 (Windows NT 10.0; Win64; x64) AppleWebKit/537.36 (KHTML, like Gecko) Chrome/144.0.0.0 Safari/537.36', '2026-02-05 14:44:22'),
('08c19b7b-7860-4868-9ffd-c5f82106f8b9', 'b62b7429-7550-4da5-aa53-be976b8da2f7', 'LOGIN_FAILED', '::1', 'Mozilla/5.0 (Windows NT 10.0; Win64; x64) AppleWebKit/537.36 (KHTML, like Gecko) Chrome/144.0.0.0 Safari/537.36', '2026-02-05 15:05:02'),
('091957b2-34cc-46cf-84e8-11e7f90cb02d', 'b62b7429-7550-4da5-aa53-be976b8da2f7', 'LOGIN_SUCCESS', '::1', 'Mozilla/5.0 (Windows NT 10.0; Win64; x64) AppleWebKit/537.36 (KHTML, like Gecko) Chrome/144.0.0.0 Safari/537.36', '2026-02-04 12:12:51'),
('0b3817e9-69e5-4abd-a55e-e75362e3685a', '217964b7-2332-43d1-be35-c92716920f10', 'LOGIN_SUCCESS', '::1', 'Mozilla/5.0 (Windows NT 10.0; Win64; x64) AppleWebKit/537.36 (KHTML, like Gecko) Chrome/145.0.0.0 Safari/537.36', '2026-02-12 00:02:46'),
('0b8d4bd0-1e23-40aa-ae00-fc4d45b3eab2', '999cf76b-01f9-47fc-b6aa-81f78d533be2', 'LOGIN_SUCCESS', '::ffff:127.0.0.1', 'PostmanRuntime/7.51.1', '2026-02-17 17:13:45'),
('0c6d3053-158f-4f5b-adcc-69a7abb35706', '217964b7-2332-43d1-be35-c92716920f10', 'LOGIN_SUCCESS', '::1', 'Mozilla/5.0 (Linux; Android 6.0; Nexus 5 Build/MRA58N) AppleWebKit/537.36 (KHTML, like Gecko) Chrome/145.0.0.0 Mobile Safari/537.36', '2026-02-17 00:34:45'),
('0d58d87b-806c-45aa-b131-b3aa6ef9cd26', '217964b7-2332-43d1-be35-c92716920f10', 'LOGIN_SUCCESS', '::1', 'Mozilla/5.0 (Windows NT 10.0; Win64; x64) AppleWebKit/537.36 (KHTML, like Gecko) Chrome/145.0.0.0 Safari/537.36', '2026-03-06 17:00:42'),
('0d83de94-fac6-40a3-8373-3621ea268a1d', 'b62b7429-7550-4da5-aa53-be976b8da2f7', 'LOGIN_SUCCESS', '::1', 'Mozilla/5.0 (Linux; Android 6.0; Nexus 5 Build/MRA58N) AppleWebKit/537.36 (KHTML, like Gecko) Chrome/144.0.0.0 Mobile Safari/537.36', '2026-02-05 11:19:48'),
('0e055d56-35c3-48cc-93d9-f52266344653', '217964b7-2332-43d1-be35-c92716920f10', 'LOGIN_SUCCESS', '::1', 'Mozilla/5.0 (Windows NT 10.0; Win64; x64) AppleWebKit/537.36 (KHTML, like Gecko) Chrome/145.0.0.0 Safari/537.36', '2026-02-20 11:43:28'),
('1031cebc-9ac8-4bab-bc72-5b00597c7611', '3d2ef306-35c3-486d-a545-51a35bfe08b6', 'LOGIN_SUCCESS', '::1', 'Mozilla/5.0 (Windows NT 10.0; Win64; x64) AppleWebKit/537.36 (KHTML, like Gecko) Chrome/145.0.0.0 Safari/537.36', '2026-03-06 04:21:27'),
('125fa83f-9a18-4d3f-8654-bda3e1edddc9', '999cf76b-01f9-47fc-b6aa-81f78d533be2', 'LOGIN_SUCCESS', '::ffff:127.0.0.1', 'PostmanRuntime/7.51.0', '2026-01-02 15:36:52'),
('1314b3ff-acf2-4f4a-b511-ac8139f04709', '217964b7-2332-43d1-be35-c92716920f10', 'LOGIN_SUCCESS', '::1', 'Mozilla/5.0 (Windows NT 10.0; Win64; x64) AppleWebKit/537.36 (KHTML, like Gecko) Chrome/145.0.0.0 Safari/537.36', '2026-02-21 15:40:00'),
('13694cff-376e-4977-9a76-b9bc2a978509', '217964b7-2332-43d1-be35-c92716920f10', 'LOGIN_SUCCESS', '::1', 'Mozilla/5.0 (Windows NT 10.0; Win64; x64) AppleWebKit/537.36 (KHTML, like Gecko) Chrome/145.0.0.0 Safari/537.36', '2026-02-23 11:22:07'),
('13926d65-1037-4470-9a8f-87b75fe12e95', '999cf76b-01f9-47fc-b6aa-81f78d533be2', 'LOGIN_SUCCESS', '::1', 'Mozilla/5.0 (Linux; Android 10; K) AppleWebKit/537.36 (KHTML, like Gecko) Chrome/144.0.0.0 Mobile Safari/537.36', '2026-02-06 15:32:15'),
('149a0d2f-94e6-4731-a732-61dd4c08dc1c', '3d2ef306-35c3-486d-a545-51a35bfe08b6', 'LOGIN_SUCCESS', '157.15.62.32', 'Mozilla/5.0 (Linux; Android 10; K) AppleWebKit/537.36 (KHTML, like Gecko) Chrome/145.0.0.0 Mobile Safari/537.36', '2026-03-06 20:30:56'),
('168a225f-e80f-4196-808a-09e588ec71b7', 'b62b7429-7550-4da5-aa53-be976b8da2f7', 'LOGIN_SUCCESS', '::ffff:127.0.0.1', 'Mozilla/5.0 (Windows NT 10.0; Win64; x64) AppleWebKit/537.36 (KHTML, like Gecko) Chrome/143.0.0.0 Safari/537.36', '2026-01-02 16:52:56'),
('16c0e93d-856c-4477-813d-9c0872676eb2', '3d2ef306-35c3-486d-a545-51a35bfe08b6', 'LOGIN_SUCCESS', '157.15.62.32', 'Mozilla/5.0 (iPhone; CPU iPhone OS 18_5 like Mac OS X) AppleWebKit/605.1.15 (KHTML, like Gecko) Version/18.5 Mobile/15E148 Safari/604.1', '2026-03-06 20:28:22'),
('178c0b0e-c237-452b-9f10-cf6cc961dde1', '217964b7-2332-43d1-be35-c92716920f10', 'LOGIN_SUCCESS', '::1', 'Mozilla/5.0 (Windows NT 10.0; Win64; x64) AppleWebKit/537.36 (KHTML, like Gecko) Chrome/145.0.0.0 Safari/537.36', '2026-02-26 12:55:45'),
('18609437-a75a-4167-b1cc-b72fba1eeea6', '217964b7-2332-43d1-be35-c92716920f10', 'LOGIN_SUCCESS', '::1', 'Mozilla/5.0 (Windows NT 10.0; Win64; x64) AppleWebKit/537.36 (KHTML, like Gecko) Chrome/145.0.0.0 Safari/537.36', '2026-03-06 17:07:51'),
('1b503dc9-73bf-4a00-8f70-507ef7a6d0ee', 'b62b7429-7550-4da5-aa53-be976b8da2f7', 'LOGIN_SUCCESS', '::1', 'Mozilla/5.0 (Linux; Android 6.0; Nexus 5 Build/MRA58N) AppleWebKit/537.36 (KHTML, like Gecko) Chrome/144.0.0.0 Mobile Safari/537.36', '2026-02-05 11:23:04'),
('1b7cc675-5c8f-4675-be07-0d27281225d7', '999cf76b-01f9-47fc-b6aa-81f78d533be2', 'LOGIN_SUCCESS', '::1', 'Mozilla/5.0 (Windows NT 10.0; Win64; x64) AppleWebKit/537.36 (KHTML, like Gecko) Chrome/143.0.0.0 Safari/537.36', '2026-01-05 12:18:26'),
('1b8f44df-c2a0-4142-9bd1-76b9149a909d', '9e2c2c2d-53e7-4c62-a2ba-d4a8d2abf03e', 'LOGIN_SUCCESS', '::1', 'Mozilla/5.0 (Windows NT 10.0; Win64; x64) AppleWebKit/537.36 (KHTML, like Gecko) Chrome/144.0.0.0 Safari/537.36', '2026-02-05 13:44:07'),
('1d6ef3b2-4cb8-41b6-8aa4-75af2a57d5ad', '3d2ef306-35c3-486d-a545-51a35bfe08b6', 'LOGIN_SUCCESS', '::1', 'Mozilla/5.0 (Windows NT 10.0; Win64; x64) AppleWebKit/537.36 (KHTML, like Gecko) Chrome/145.0.0.0 Safari/537.36', '2026-03-05 14:40:24'),
('1e24f881-bf99-4dec-a23a-2f8eb0ff7874', '999cf76b-01f9-47fc-b6aa-81f78d533be2', 'LOGIN_SUCCESS', '::1', 'Mozilla/5.0 (Windows NT 10.0; Win64; x64) AppleWebKit/537.36 (KHTML, like Gecko) Chrome/144.0.0.0 Safari/537.36', '2026-02-05 12:28:51'),
('1f9f519d-6c2b-4585-bba5-531c9ae54ac2', '999cf76b-01f9-47fc-b6aa-81f78d533be2', 'LOGIN_SUCCESS', '::1', 'Mozilla/5.0 (Windows NT 10.0; Win64; x64) AppleWebKit/537.36 (KHTML, like Gecko) Chrome/145.0.0.0 Safari/537.36', '2026-02-26 00:32:59'),
('1fb4962b-a45f-459e-863d-57db8ce0a9eb', 'b62b7429-7550-4da5-aa53-be976b8da2f7', 'LOGIN_SUCCESS', '::1', 'Mozilla/5.0 (Windows NT 10.0; Win64; x64) AppleWebKit/537.36 (KHTML, like Gecko) Chrome/144.0.0.0 Safari/537.36', '2026-02-05 14:23:53'),
('2026ccc9-7352-4c8a-ba34-2b636aa40bd8', '217964b7-2332-43d1-be35-c92716920f10', 'LOGIN_SUCCESS', '::1', 'Mozilla/5.0 (Linux; Android 6.0; Nexus 5 Build/MRA58N) AppleWebKit/537.36 (KHTML, like Gecko) Chrome/145.0.0.0 Mobile Safari/537.36', '2026-03-07 12:19:15'),
('2062b4cf-2f67-49b2-9d47-81edb1ec90fc', '3d2ef306-35c3-486d-a545-51a35bfe08b6', 'LOGIN_SUCCESS', '157.15.62.32', 'Mozilla/5.0 (Linux; Android 10; K) AppleWebKit/537.36 (KHTML, like Gecko) Chrome/145.0.0.0 Mobile Safari/537.36', '2026-03-07 00:32:52'),
('20f6335b-afe3-42c3-84d2-600f59a26f0e', '217964b7-2332-43d1-be35-c92716920f10', 'LOGIN_FAILED', '::1', 'Mozilla/5.0 (Windows NT 10.0; Win64; x64) AppleWebKit/537.36 (KHTML, like Gecko) Chrome/145.0.0.0 Safari/537.36', '2026-02-20 11:43:25'),
('222b693f-0896-4f59-8b16-9ce1063749ae', 'd4d759fd-6696-47c3-b3ec-b9b3b3d3f796', 'LOGIN_SUCCESS', '::1', 'Mozilla/5.0 (Windows NT 10.0; Win64; x64) AppleWebKit/537.36 (KHTML, like Gecko) Chrome/145.0.0.0 Safari/537.36', '2026-02-16 21:12:19'),
('23bf3808-1ca9-46f3-9511-eb7c56543d9e', 'b62b7429-7550-4da5-aa53-be976b8da2f7', 'LOGIN_SUCCESS', '::1', 'Mozilla/5.0 (Windows NT 10.0; Win64; x64) AppleWebKit/537.36 (KHTML, like Gecko) Chrome/143.0.0.0 Safari/537.36', '2026-01-04 23:01:06'),
('2474d29a-61cc-460d-a9db-304fe4dd4277', '217964b7-2332-43d1-be35-c92716920f10', 'LOGIN_SUCCESS', '::1', 'Mozilla/5.0 (Windows NT 10.0; Win64; x64) AppleWebKit/537.36 (KHTML, like Gecko) Chrome/145.0.0.0 Safari/537.36', '2026-02-12 16:22:34'),
('25dcddf4-0589-4d7c-881e-680b7e3fc762', '217964b7-2332-43d1-be35-c92716920f10', 'LOGIN_SUCCESS', '::1', 'Mozilla/5.0 (Windows NT 10.0; Win64; x64) AppleWebKit/537.36 (KHTML, like Gecko) Chrome/145.0.0.0 Safari/537.36', '2026-03-07 12:30:08'),
('274e260d-270e-497e-b591-1025d5457254', 'b62b7429-7550-4da5-aa53-be976b8da2f7', 'LOGIN_SUCCESS', '::1', 'Mozilla/5.0 (Windows NT 10.0; Win64; x64) AppleWebKit/537.36 (KHTML, like Gecko) Chrome/143.0.0.0 Safari/537.36', '2026-01-03 13:02:31'),
('27bb0246-541d-4923-afaf-9ffb2cf330bc', 'b62b7429-7550-4da5-aa53-be976b8da2f7', 'LOGIN_SUCCESS', '::1', 'Mozilla/5.0 (Windows NT 10.0; Win64; x64) AppleWebKit/537.36 (KHTML, like Gecko) Chrome/143.0.0.0 Safari/537.36', '2026-01-05 00:05:37'),
('283cc604-69df-4f04-bfec-84e7b2958fce', 'b62b7429-7550-4da5-aa53-be976b8da2f7', 'LOGIN_SUCCESS', '::1', 'Mozilla/5.0 (Windows NT 10.0; Win64; x64) AppleWebKit/537.36 (KHTML, like Gecko) Chrome/143.0.0.0 Safari/537.36', '2026-01-03 01:20:50'),
('298576d3-73a5-4d5a-91a6-083d1b6643a4', '217964b7-2332-43d1-be35-c92716920f10', 'LOGIN_SUCCESS', '157.15.62.32', 'Mozilla/5.0 (Linux; Android 6.0; Nexus 5 Build/MRA58N) AppleWebKit/537.36 (KHTML, like Gecko) Chrome/145.0.0.0 Mobile Safari/537.36', '2026-03-06 20:28:00'),
('29c6c944-4e62-4917-ac81-646abac6f39c', 'b62b7429-7550-4da5-aa53-be976b8da2f7', 'LOGIN_SUCCESS', '::1', 'Mozilla/5.0 (Windows NT 10.0; Win64; x64) AppleWebKit/537.36 (KHTML, like Gecko) Chrome/144.0.0.0 Safari/537.36', '2026-02-05 13:00:58'),
('2a8c5398-38cf-4303-adf6-3ff0311cfec2', '217964b7-2332-43d1-be35-c92716920f10', 'LOGIN_SUCCESS', '::1', 'Mozilla/5.0 (Linux; Android 6.0; Nexus 5 Build/MRA58N) AppleWebKit/537.36 (KHTML, like Gecko) Chrome/145.0.0.0 Mobile Safari/537.36', '2026-02-17 00:31:26'),
('2b2defc7-66e3-4043-9233-46af1293fec8', '217964b7-2332-43d1-be35-c92716920f10', 'LOGIN_SUCCESS', '::1', 'Mozilla/5.0 (Windows NT 10.0; Win64; x64) AppleWebKit/537.36 (KHTML, like Gecko) Chrome/145.0.0.0 Safari/537.36', '2026-02-12 14:30:22'),
('2b43a645-c0f6-4be2-91e3-1003b2ad4d89', 'd4d759fd-6696-47c3-b3ec-b9b3b3d3f796', 'LOGIN_SUCCESS', '::1', 'Mozilla/5.0 (Linux; Android 6.0; Nexus 5 Build/MRA58N) AppleWebKit/537.36 (KHTML, like Gecko) Chrome/145.0.0.0 Mobile Safari/537.36', '2026-02-16 20:29:54'),
('2bf388eb-c321-42c8-a2c4-a2e8b16e4587', '217964b7-2332-43d1-be35-c92716920f10', 'LOGIN_SUCCESS', '::1', 'Mozilla/5.0 (Windows NT 10.0; Win64; x64) AppleWebKit/537.36 (KHTML, like Gecko) Chrome/145.0.0.0 Safari/537.36', '2026-02-11 21:59:38'),
('2c4a963f-5384-4db2-93f9-1278e812c040', 'b62b7429-7550-4da5-aa53-be976b8da2f7', 'LOGIN_SUCCESS', '::1', 'Mozilla/5.0 (Windows NT 10.0; Win64; x64) AppleWebKit/537.36 (KHTML, like Gecko) Chrome/144.0.0.0 Safari/537.36', '2026-02-05 11:45:38'),
('2d43e884-6981-4940-953d-bc09c3ecb78a', '52199a96-2434-44e6-b63f-d20f5c46fee8', 'LOGIN_SUCCESS', '::1', 'PostmanRuntime/7.51.1', '2026-02-05 14:13:58'),
('2d506b56-1bb9-4f8d-8589-ae5511b10af7', '999cf76b-01f9-47fc-b6aa-81f78d533be2', 'LOGIN_SUCCESS', '::ffff:127.0.0.1', 'Mozilla/5.0 (Windows NT 10.0; Win64; x64) AppleWebKit/537.36 (KHTML, like Gecko) Chrome/143.0.0.0 Safari/537.36', '2026-01-02 15:43:28'),
('2e9d4900-4fe3-4dd8-9dde-acd460882659', '999cf76b-01f9-47fc-b6aa-81f78d533be2', 'LOGIN_SUCCESS', '::1', 'Mozilla/5.0 (Windows NT 10.0; Win64; x64) AppleWebKit/537.36 (KHTML, like Gecko) Chrome/144.0.0.0 Safari/537.36', '2026-02-05 12:40:01'),
('2f20ab06-bb09-45ac-bf12-60ab1af817d9', '999cf76b-01f9-47fc-b6aa-81f78d533be2', 'LOGIN_SUCCESS', '::ffff:127.0.0.1', 'PostmanRuntime/7.51.0', '2025-12-17 16:18:48'),
('2f3e99bf-9e54-482b-bbef-62e2ae1680cc', '999cf76b-01f9-47fc-b6aa-81f78d533be2', 'LOGIN_SUCCESS', '::1', 'Mozilla/5.0 (Windows NT 10.0; Win64; x64) AppleWebKit/537.36 (KHTML, like Gecko) Chrome/145.0.0.0 Safari/537.36', '2026-02-19 20:06:33'),
('2f760ebc-bc25-4100-8c27-1303ce379dc5', 'b62b7429-7550-4da5-aa53-be976b8da2f7', 'LOGIN_SUCCESS', '::1', 'Mozilla/5.0 (Windows NT 10.0; Win64; x64) AppleWebKit/537.36 (KHTML, like Gecko) Chrome/143.0.0.0 Safari/537.36', '2026-01-03 12:53:57'),
('2f93d545-c14b-4064-affb-8bbffd483fae', 'b62b7429-7550-4da5-aa53-be976b8da2f7', 'LOGIN_SUCCESS', '::1', 'Mozilla/5.0 (Windows NT 10.0; Win64; x64) AppleWebKit/537.36 (KHTML, like Gecko) Chrome/144.0.0.0 Safari/537.36', '2026-02-05 14:14:06'),
('3216d7af-9083-4a80-8a2b-12ab9d5c5770', '217964b7-2332-43d1-be35-c92716920f10', 'LOGIN_SUCCESS', '::1', 'Mozilla/5.0 (Linux; Android 6.0; Nexus 5 Build/MRA58N) AppleWebKit/537.36 (KHTML, like Gecko) Chrome/145.0.0.0 Mobile Safari/537.36', '2026-03-06 16:57:37'),
('3383bd5f-57f2-464e-8209-52a4b749b1e6', 'b62b7429-7550-4da5-aa53-be976b8da2f7', 'LOGIN_FAILED', '::1', 'Mozilla/5.0 (Windows NT 10.0; Win64; x64) AppleWebKit/537.36 (KHTML, like Gecko) Chrome/144.0.0.0 Safari/537.36', '2026-02-05 11:04:36'),
('3432c708-b51a-4bb5-9f12-24c6b7753dc5', 'b62b7429-7550-4da5-aa53-be976b8da2f7', 'LOGIN_SUCCESS', '::ffff:127.0.0.1', 'Mozilla/5.0 (Windows NT 10.0; Win64; x64) AppleWebKit/537.36 (KHTML, like Gecko) Chrome/143.0.0.0 Safari/537.36', '2026-01-02 17:52:58'),
('367553a3-8cb6-47b3-8b0d-c17440e8d8f4', '217964b7-2332-43d1-be35-c92716920f10', 'LOGIN_SUCCESS', '::1', 'Mozilla/5.0 (Windows NT 10.0; Win64; x64) AppleWebKit/537.36 (KHTML, like Gecko) Chrome/145.0.0.0 Safari/537.36', '2026-02-12 15:18:46'),
('367ee75f-7958-4dfc-86ae-4d3580adfba4', '999cf76b-01f9-47fc-b6aa-81f78d533be2', 'LOGIN_FAILED', '::1', 'Mozilla/5.0 (Windows NT 10.0; Win64; x64) AppleWebKit/537.36 (KHTML, like Gecko) Chrome/145.0.0.0 Safari/537.36', '2026-02-19 19:54:11'),
('37c177ca-cb87-4f07-9a03-9b1eafeab4cd', '999cf76b-01f9-47fc-b6aa-81f78d533be2', 'LOGIN_SUCCESS', '::1', 'Mozilla/5.0 (Windows NT 10.0; Win64; x64) AppleWebKit/537.36 (KHTML, like Gecko) Chrome/144.0.0.0 Safari/537.36', '2026-02-05 16:29:10'),
('37df86aa-f2db-4f20-8f40-186a5407efa6', 'b62b7429-7550-4da5-aa53-be976b8da2f7', 'LOGIN_SUCCESS', '::1', 'Mozilla/5.0 (Windows NT 10.0; Win64; x64) AppleWebKit/537.36 (KHTML, like Gecko) Chrome/144.0.0.0 Safari/537.36', '2026-02-05 12:48:19'),
('38e302bd-cb22-4a18-862c-2c93cc2a225f', '999cf76b-01f9-47fc-b6aa-81f78d533be2', 'LOGIN_SUCCESS', '::ffff:127.0.0.1', 'PostmanRuntime/7.51.0', '2025-12-17 16:11:32'),
('391deb65-6441-4e74-b195-5ba886fca503', '217964b7-2332-43d1-be35-c92716920f10', 'LOGIN_SUCCESS', '::1', 'Mozilla/5.0 (Windows NT 10.0; Win64; x64) AppleWebKit/537.36 (KHTML, like Gecko) Chrome/145.0.0.0 Safari/537.36', '2026-02-12 16:28:41'),
('3944e387-99c0-4527-8088-6aca2ea2ec1b', 'b62b7429-7550-4da5-aa53-be976b8da2f7', 'LOGIN_SUCCESS', '::1', 'Mozilla/5.0 (Windows NT 10.0; Win64; x64) AppleWebKit/537.36 (KHTML, like Gecko) Chrome/143.0.0.0 Safari/537.36', '2026-01-03 02:34:33'),
('3a424e58-fbc8-4e7b-a55b-11a67b2d8c97', 'b62b7429-7550-4da5-aa53-be976b8da2f7', 'LOGIN_SUCCESS', '::1', 'Mozilla/5.0 (Windows NT 10.0; Win64; x64) AppleWebKit/537.36 (KHTML, like Gecko) Chrome/143.0.0.0 Safari/537.36', '2026-01-03 14:36:58'),
('3a538f37-622a-4caf-a88a-0c784594a2bb', '999cf76b-01f9-47fc-b6aa-81f78d533be2', 'LOGIN_SUCCESS', '::ffff:127.0.0.1', 'PostmanRuntime/7.51.1', '2026-02-10 15:22:38'),
('3a6e9497-ae8c-477c-a6ed-9aa9bcd0acca', '999cf76b-01f9-47fc-b6aa-81f78d533be2', 'LOGIN_SUCCESS', '::ffff:127.0.0.1', 'PostmanRuntime/7.51.0', '2025-12-18 09:49:36'),
('3b1334b6-9519-4fb5-9e07-c40546b9a647', '217964b7-2332-43d1-be35-c92716920f10', 'LOGIN_SUCCESS', '::ffff:127.0.0.1', 'PostmanRuntime/7.51.1', '2026-02-10 15:42:24'),
('3bf2f6bf-5de7-4d16-9794-757f4ba4905a', '999cf76b-01f9-47fc-b6aa-81f78d533be2', 'LOGIN_SUCCESS', '::ffff:127.0.0.1', 'PostmanRuntime/7.51.0', '2025-12-22 08:16:12'),
('3c390d4a-15f4-4e5e-8b1e-a23c23df2505', '217964b7-2332-43d1-be35-c92716920f10', 'LOGIN_SUCCESS', '::1', 'Mozilla/5.0 (Windows NT 10.0; Win64; x64) AppleWebKit/537.36 (KHTML, like Gecko) Chrome/145.0.0.0 Safari/537.36', '2026-02-11 21:43:20'),
('3cf4774e-2cf4-4c16-bbe8-26f3d4dad693', 'd4d759fd-6696-47c3-b3ec-b9b3b3d3f796', 'LOGIN_SUCCESS', '::ffff:127.0.0.1', 'PostmanRuntime/7.51.1', '2026-02-17 17:14:03'),
('3ef96b2c-9cc5-4632-bc17-a66706a035a4', 'b62b7429-7550-4da5-aa53-be976b8da2f7', 'LOGIN_SUCCESS', '::1', 'Mozilla/5.0 (Windows NT 10.0; Win64; x64) AppleWebKit/537.36 (KHTML, like Gecko) Chrome/143.0.0.0 Safari/537.36', '2026-01-03 14:01:59'),
('3f52c560-0f86-4e44-8703-c61da46163c6', 'b62b7429-7550-4da5-aa53-be976b8da2f7', 'LOGIN_SUCCESS', '::1', 'Mozilla/5.0 (Windows NT 10.0; Win64; x64) AppleWebKit/537.36 (KHTML, like Gecko) Chrome/144.0.0.0 Safari/537.36', '2026-02-05 11:04:43'),
('3fa04ee7-e0d7-4cf4-9685-df660f62b536', '999cf76b-01f9-47fc-b6aa-81f78d533be2', 'LOGIN_SUCCESS', '::1', 'Mozilla/5.0 (Windows NT 10.0; Win64; x64) AppleWebKit/537.36 (KHTML, like Gecko) Chrome/145.0.0.0 Safari/537.36', '2026-02-19 20:15:38'),
('3fa8eced-33f6-494b-a24d-002cf86938d8', '999cf76b-01f9-47fc-b6aa-81f78d533be2', 'LOGIN_SUCCESS', '::ffff:127.0.0.1', 'PostmanRuntime/7.51.0', '2025-12-17 15:56:12'),
('4104641b-a29d-486e-a4c0-2df3cd75ebef', 'b62b7429-7550-4da5-aa53-be976b8da2f7', 'LOGIN_SUCCESS', '::ffff:127.0.0.1', 'Mozilla/5.0 (Windows NT 10.0; Win64; x64) AppleWebKit/537.36 (KHTML, like Gecko) Chrome/143.0.0.0 Safari/537.36', '2026-01-02 21:14:30'),
('424e3689-098b-4bad-9564-5c815c4eec58', '999cf76b-01f9-47fc-b6aa-81f78d533be2', 'LOGIN_SUCCESS', '::1', 'Mozilla/5.0 (Windows NT 10.0; Win64; x64) AppleWebKit/537.36 (KHTML, like Gecko) Chrome/144.0.0.0 Safari/537.36', '2026-02-09 16:10:45'),
('44b76dd0-f82f-4614-b9d6-bbaefa459a8f', 'b62b7429-7550-4da5-aa53-be976b8da2f7', 'LOGIN_SUCCESS', '::1', 'Mozilla/5.0 (Windows NT 10.0; Win64; x64) AppleWebKit/537.36 (KHTML, like Gecko) Chrome/143.0.0.0 Safari/537.36', '2026-01-04 22:04:07'),
('476683f8-648c-40b8-b2a7-c18c407861a4', '9e2c2c2d-53e7-4c62-a2ba-d4a8d2abf03e', 'LOGIN_SUCCESS', '::1', 'Mozilla/5.0 (Windows NT 10.0; Win64; x64) AppleWebKit/537.36 (KHTML, like Gecko) Chrome/144.0.0.0 Safari/537.36', '2026-02-09 14:43:32'),
('4767ac92-951f-48fa-ad16-b8a35c04bf79', 'b62b7429-7550-4da5-aa53-be976b8da2f7', 'LOGIN_SUCCESS', '::1', 'Mozilla/5.0 (Windows NT 10.0; Win64; x64) AppleWebKit/537.36 (KHTML, like Gecko) Chrome/144.0.0.0 Safari/537.36', '2026-02-05 15:05:04'),
('47820280-8650-4e19-b049-d55139dcc298', '217964b7-2332-43d1-be35-c92716920f10', 'LOGIN_SUCCESS', '::1', 'Mozilla/5.0 (Linux; Android 6.0; Nexus 5 Build/MRA58N) AppleWebKit/537.36 (KHTML, like Gecko) Chrome/145.0.0.0 Mobile Safari/537.36', '2026-02-18 12:18:41'),
('47d15919-376c-47c9-81ab-81fc88fa5934', 'b62b7429-7550-4da5-aa53-be976b8da2f7', 'LOGIN_SUCCESS', '::1', 'Mozilla/5.0 (Windows NT 10.0; Win64; x64) AppleWebKit/537.36 (KHTML, like Gecko) Chrome/143.0.0.0 Safari/537.36', '2026-01-05 11:44:05'),
('48c977fb-ecf6-49f1-a1bb-5970c2670a8a', '217964b7-2332-43d1-be35-c92716920f10', 'LOGIN_SUCCESS', '::1', 'Mozilla/5.0 (Windows NT 10.0; Win64; x64) AppleWebKit/537.36 (KHTML, like Gecko) Chrome/145.0.0.0 Safari/537.36', '2026-02-12 14:36:37'),
('48f6f556-60f1-438d-bbb2-a7c70afb4d3f', '52199a96-2434-44e6-b63f-d20f5c46fee8', 'LOGIN_SUCCESS', '::1', 'Mozilla/5.0 (Windows NT 10.0; Win64; x64) AppleWebKit/537.36 (KHTML, like Gecko) Chrome/144.0.0.0 Safari/537.36', '2026-02-05 13:30:47'),
('49536ff8-3706-48a8-950c-cec8d1c3889a', '217964b7-2332-43d1-be35-c92716920f10', 'LOGIN_SUCCESS', '::1', 'Mozilla/5.0 (Windows NT 10.0; Win64; x64) AppleWebKit/537.36 (KHTML, like Gecko) Chrome/145.0.0.0 Safari/537.36', '2026-02-16 01:56:30'),
('49ed1c16-d44e-44cd-a01d-8cc8a5241353', '217964b7-2332-43d1-be35-c92716920f10', 'LOGIN_SUCCESS', '::1', 'Mozilla/5.0 (Linux; Android 6.0; Nexus 5 Build/MRA58N) AppleWebKit/537.36 (KHTML, like Gecko) Chrome/145.0.0.0 Mobile Safari/537.36', '2026-03-06 16:47:37'),
('4b1f0f82-c40f-4b28-a566-7a1ef7040f7b', '999cf76b-01f9-47fc-b6aa-81f78d533be2', 'LOGIN_SUCCESS', '::ffff:127.0.0.1', 'PostmanRuntime/7.51.1', '2026-02-10 15:21:23'),
('4b4290a1-40d3-4751-b093-6164914626ae', 'b62b7429-7550-4da5-aa53-be976b8da2f7', 'LOGIN_SUCCESS', '::ffff:127.0.0.1', 'Mozilla/5.0 (Windows NT 10.0; Win64; x64) AppleWebKit/537.36 (KHTML, like Gecko) Chrome/143.0.0.0 Safari/537.36', '2026-01-02 17:08:22'),
('4b9f23d2-93f8-4daf-8c3b-afeec8e402ca', '217964b7-2332-43d1-be35-c92716920f10', 'LOGIN_SUCCESS', '::1', 'Mozilla/5.0 (iPhone; CPU iPhone OS 18_5 like Mac OS X) AppleWebKit/605.1.15 (KHTML, like Gecko) Version/18.5 Mobile/15E148 Safari/604.1', '2026-02-21 21:30:03'),
('4bd7e41d-a013-4da3-938d-cac75c81ab46', 'b62b7429-7550-4da5-aa53-be976b8da2f7', 'LOGIN_SUCCESS', '::1', 'Mozilla/5.0 (Windows NT 10.0; Win64; x64) AppleWebKit/537.36 (KHTML, like Gecko) Chrome/143.0.0.0 Safari/537.36', '2026-01-03 13:34:21'),
('4c0710dc-dc99-4cd4-a10a-6f703c6ccef3', '999cf76b-01f9-47fc-b6aa-81f78d533be2', 'LOGIN_SUCCESS', '::1', 'Mozilla/5.0 (Windows NT 10.0; Win64; x64) AppleWebKit/537.36 (KHTML, like Gecko) Chrome/145.0.0.0 Safari/537.36', '2026-02-26 13:07:43'),
('4cd4d03d-4d47-495d-91c5-e08e35b4bd7d', '999cf76b-01f9-47fc-b6aa-81f78d533be2', 'LOGIN_SUCCESS', '::ffff:127.0.0.1', 'PostmanRuntime/7.51.0', '2025-12-18 08:50:51'),
('4d313701-953a-4dcd-87e6-86cc24a3e757', '217964b7-2332-43d1-be35-c92716920f10', 'LOGIN_SUCCESS', '::ffff:127.0.0.1', 'PostmanRuntime/7.51.1', '2026-02-10 17:20:55'),
('4ed13f95-f81a-47e9-98a3-ee0e2961b72d', '217964b7-2332-43d1-be35-c92716920f10', 'LOGIN_FAILED', '::1', 'Mozilla/5.0 (Linux; Android 6.0; Nexus 5 Build/MRA58N) AppleWebKit/537.36 (KHTML, like Gecko) Chrome/145.0.0.0 Mobile Safari/537.36', '2026-02-16 23:45:00'),
('4f21f296-79bb-44f9-862f-f1768ce2185d', '217964b7-2332-43d1-be35-c92716920f10', 'LOGIN_SUCCESS', '::1', 'Mozilla/5.0 (Windows NT 10.0; Win64; x64) AppleWebKit/537.36 (KHTML, like Gecko) Chrome/145.0.0.0 Safari/537.36', '2026-02-12 16:24:47'),
('50bde535-3d1f-41ab-9a75-7e06765bc30d', '217964b7-2332-43d1-be35-c92716920f10', 'LOGIN_SUCCESS', '::1', 'Mozilla/5.0 (Windows NT 10.0; Win64; x64) AppleWebKit/537.36 (KHTML, like Gecko) Chrome/145.0.0.0 Safari/537.36', '2026-02-12 00:26:54'),
('514bea1c-9b33-4533-a131-88a871cb2d51', 'b62b7429-7550-4da5-aa53-be976b8da2f7', 'LOGIN_SUCCESS', '::ffff:127.0.0.1', 'Mozilla/5.0 (Windows NT 10.0; Win64; x64) AppleWebKit/537.36 (KHTML, like Gecko) Chrome/143.0.0.0 Safari/537.36', '2026-01-02 18:34:42'),
('51e25996-58c2-4cde-b584-7aad8a8a33bc', '999cf76b-01f9-47fc-b6aa-81f78d533be2', 'LOGIN_SUCCESS', '::ffff:127.0.0.1', 'PostmanRuntime/7.51.0', '2025-12-18 10:08:59'),
('52b45bc4-acfc-4052-9880-939cd97b6d99', 'b62b7429-7550-4da5-aa53-be976b8da2f7', 'LOGIN_FAILED', '::1', 'Mozilla/5.0 (Windows NT 10.0; Win64; x64) AppleWebKit/537.36 (KHTML, like Gecko) Chrome/143.0.0.0 Safari/537.36', '2026-01-04 23:40:33'),
('5367ca2b-e521-4747-b620-82f38c1c0730', '217964b7-2332-43d1-be35-c92716920f10', 'LOGIN_SUCCESS', '::1', 'Mozilla/5.0 (Windows NT 10.0; Win64; x64) AppleWebKit/537.36 (KHTML, like Gecko) Chrome/145.0.0.0 Safari/537.36', '2026-02-11 20:09:01'),
('53a7f810-3f5f-4c9f-82ee-75b4b386773e', '999cf76b-01f9-47fc-b6aa-81f78d533be2', 'LOGIN_SUCCESS', '::ffff:127.0.0.1', 'PostmanRuntime/7.51.0', '2025-12-22 17:57:30'),
('53d509b0-743f-4530-a41c-7434070ff868', 'b62b7429-7550-4da5-aa53-be976b8da2f7', 'LOGIN_SUCCESS', '::1', 'Mozilla/5.0 (Windows NT 10.0; Win64; x64) AppleWebKit/537.36 (KHTML, like Gecko) Chrome/143.0.0.0 Safari/537.36', '2026-01-06 02:09:26'),
('544cdc5d-8738-4fb5-a109-e2e952ff581a', 'b62b7429-7550-4da5-aa53-be976b8da2f7', 'LOGIN_SUCCESS', '::1', 'Mozilla/5.0 (Windows NT 10.0; Win64; x64) AppleWebKit/537.36 (KHTML, like Gecko) Chrome/143.0.0.0 Safari/537.36', '2026-01-03 12:26:25'),
('560cdd54-6975-49b9-80af-fb333df0e98d', '217964b7-2332-43d1-be35-c92716920f10', 'LOGIN_SUCCESS', '::1', 'Mozilla/5.0 (Linux; Android 6.0; Nexus 5 Build/MRA58N) AppleWebKit/537.36 (KHTML, like Gecko) Chrome/145.0.0.0 Mobile Safari/537.36', '2026-02-17 00:29:10'),
('57d3f9f0-9540-4f32-8a1f-d768c3fde93d', 'b62b7429-7550-4da5-aa53-be976b8da2f7', 'LOGIN_SUCCESS', '::1', 'Mozilla/5.0 (Windows NT 10.0; Win64; x64) AppleWebKit/537.36 (KHTML, like Gecko) Chrome/143.0.0.0 Safari/537.36', '2026-01-03 15:26:05'),
('5875c9e0-8a56-4e18-ab5e-55a55cc8c1a3', 'b62b7429-7550-4da5-aa53-be976b8da2f7', 'LOGIN_SUCCESS', '::1', 'Mozilla/5.0 (Windows NT 10.0; Win64; x64) AppleWebKit/537.36 (KHTML, like Gecko) Chrome/143.0.0.0 Safari/537.36', '2026-01-05 11:42:27'),
('589a3072-3dff-407c-9ae7-70c0e5fdb4bd', 'b62b7429-7550-4da5-aa53-be976b8da2f7', 'LOGIN_SUCCESS', '::1', 'Mozilla/5.0 (Windows NT 10.0; Win64; x64) AppleWebKit/537.36 (KHTML, like Gecko) Chrome/143.0.0.0 Safari/537.36', '2026-01-03 01:08:18'),
('5b8d2ef1-bc7b-48db-bbc3-4f4e884defc8', '217964b7-2332-43d1-be35-c92716920f10', 'LOGIN_SUCCESS', '::1', 'Mozilla/5.0 (Windows NT 10.0; Win64; x64) AppleWebKit/537.36 (KHTML, like Gecko) Chrome/145.0.0.0 Safari/537.36', '2026-02-18 14:40:04'),
('5bd21dc3-8b03-4b38-9716-fc9f1b454f93', '3d2ef306-35c3-486d-a545-51a35bfe08b6', 'LOGIN_SUCCESS', '::1', 'Mozilla/5.0 (Linux; Android 10; K) AppleWebKit/537.36 (KHTML, like Gecko) Chrome/145.0.0.0 Mobile Safari/537.36', '2026-03-06 17:28:23'),
('5c86741b-d50e-4733-a45e-6a7bdb33a90b', 'b62b7429-7550-4da5-aa53-be976b8da2f7', 'LOGIN_SUCCESS', '::ffff:127.0.0.1', 'Mozilla/5.0 (Windows NT 10.0; Win64; x64) AppleWebKit/537.36 (KHTML, like Gecko) Chrome/143.0.0.0 Safari/537.36', '2026-01-02 22:39:40'),
('5cbcebe5-2cf9-4fd3-90a0-842ba6a35194', 'b62b7429-7550-4da5-aa53-be976b8da2f7', 'LOGIN_SUCCESS', '::1', 'Mozilla/5.0 (Windows NT 10.0; Win64; x64) AppleWebKit/537.36 (KHTML, like Gecko) Chrome/144.0.0.0 Safari/537.36', '2026-02-05 11:29:19'),
('5cc5271b-aa9b-447f-9815-f0e941415ba6', 'b62b7429-7550-4da5-aa53-be976b8da2f7', 'LOGIN_SUCCESS', '::1', 'Mozilla/5.0 (Windows NT 10.0; Win64; x64) AppleWebKit/537.36 (KHTML, like Gecko) Chrome/144.0.0.0 Safari/537.36', '2026-02-05 12:36:14'),
('5d32a13c-e490-4e07-a46b-f3b39f5c17f9', 'b62b7429-7550-4da5-aa53-be976b8da2f7', 'LOGIN_SUCCESS', '::ffff:127.0.0.1', 'Mozilla/5.0 (Windows NT 10.0; Win64; x64) AppleWebKit/537.36 (KHTML, like Gecko) Chrome/143.0.0.0 Safari/537.36', '2026-01-02 16:37:12'),
('5e57900f-4c52-44f2-9145-09bd4d901714', '217964b7-2332-43d1-be35-c92716920f10', 'LOGIN_SUCCESS', '::ffff:127.0.0.1', 'PostmanRuntime/7.51.1', '2026-02-10 16:44:33'),
('5f062aa4-20b6-46c2-8ade-b2f692614e1a', '999cf76b-01f9-47fc-b6aa-81f78d533be2', 'LOGIN_SUCCESS', '::ffff:127.0.0.1', 'PostmanRuntime/7.51.0', '2025-12-23 15:51:00'),
('6115119b-cfe2-4a71-a077-f50b08d7afc2', '217964b7-2332-43d1-be35-c92716920f10', 'LOGIN_SUCCESS', '::1', 'Mozilla/5.0 (Windows NT 10.0; Win64; x64) AppleWebKit/537.36 (KHTML, like Gecko) Chrome/145.0.0.0 Safari/537.36', '2026-02-12 16:26:56'),
('62854ce8-312d-4687-a4dd-e061714547c1', '3d2ef306-35c3-486d-a545-51a35bfe08b6', 'LOGIN_SUCCESS', '157.15.62.32', 'Mozilla/5.0 (Windows NT 10.0; Win64; x64) AppleWebKit/537.36 (KHTML, like Gecko) Chrome/145.0.0.0 Safari/537.36', '2026-03-06 20:29:58'),
('63d21b66-86f6-4994-92bb-38001178436f', '52199a96-2434-44e6-b63f-d20f5c46fee8', 'LOGIN_SUCCESS', '::1', 'Mozilla/5.0 (Windows NT 10.0; Win64; x64) AppleWebKit/537.36 (KHTML, like Gecko) Chrome/144.0.0.0 Safari/537.36', '2026-02-09 16:49:56'),
('66893c35-142f-46de-8457-6a83684187f4', 'b62b7429-7550-4da5-aa53-be976b8da2f7', 'LOGIN_SUCCESS', '::1', 'Mozilla/5.0 (Windows NT 10.0; Win64; x64) AppleWebKit/537.36 (KHTML, like Gecko) Chrome/143.0.0.0 Safari/537.36', '2026-01-06 00:59:06'),
('670725ba-be9b-4d62-b995-f6efdc24e066', '999cf76b-01f9-47fc-b6aa-81f78d533be2', 'LOGIN_SUCCESS', '::ffff:127.0.0.1', 'PostmanRuntime/7.51.0', '2025-12-16 10:48:29'),
('6735151f-7fe7-4539-9150-32640fa5553f', '217964b7-2332-43d1-be35-c92716920f10', 'LOGIN_SUCCESS', '::1', 'Mozilla/5.0 (Windows NT 10.0; Win64; x64) AppleWebKit/537.36 (KHTML, like Gecko) Chrome/145.0.0.0 Safari/537.36', '2026-02-19 23:36:50'),
('67946b4b-8e76-41e5-9199-a5767b422df9', '9e2c2c2d-53e7-4c62-a2ba-d4a8d2abf03e', 'LOGIN_FAILED', '::1', 'Mozilla/5.0 (Windows NT 10.0; Win64; x64) AppleWebKit/537.36 (KHTML, like Gecko) Chrome/144.0.0.0 Safari/537.36', '2026-02-05 16:31:08'),
('67dcce18-c138-476c-b608-75fd96c8332d', '999cf76b-01f9-47fc-b6aa-81f78d533be2', 'LOGIN_SUCCESS', '::1', 'Mozilla/5.0 (Windows NT 10.0; Win64; x64) AppleWebKit/537.36 (KHTML, like Gecko) Chrome/144.0.0.0 Safari/537.36', '2026-02-05 12:42:21'),
('68574994-6477-4d78-9fdb-d28e588acdf3', 'b62b7429-7550-4da5-aa53-be976b8da2f7', 'LOGIN_SUCCESS', '::1', 'Mozilla/5.0 (Windows NT 10.0; Win64; x64) AppleWebKit/537.36 (KHTML, like Gecko) Chrome/143.0.0.0 Safari/537.36', '2026-01-05 11:06:32'),
('6857ef34-6fd6-4ec2-9824-ab35f9e1d093', 'b62b7429-7550-4da5-aa53-be976b8da2f7', 'LOGIN_SUCCESS', '::1', 'Mozilla/5.0 (Windows NT 10.0; Win64; x64) AppleWebKit/537.36 (KHTML, like Gecko) Chrome/143.0.0.0 Safari/537.36', '2026-01-04 23:43:01'),
('6a664a92-dd8a-430f-aaef-4c0e2daa78b5', '217964b7-2332-43d1-be35-c92716920f10', 'LOGIN_SUCCESS', '::1', 'Mozilla/5.0 (Windows NT 10.0; Win64; x64) AppleWebKit/537.36 (KHTML, like Gecko) Chrome/145.0.0.0 Safari/537.36', '2026-02-11 20:47:40'),
('6a97c5ef-ce93-4207-93d8-e96a5a60f623', 'b62b7429-7550-4da5-aa53-be976b8da2f7', 'LOGIN_SUCCESS', '::1', 'Mozilla/5.0 (Windows NT 10.0; Win64; x64) AppleWebKit/537.36 (KHTML, like Gecko) Chrome/143.0.0.0 Safari/537.36', '2026-01-03 12:40:25'),
('6b2aa38e-8977-4299-9db7-c78d0403f520', '32aa631c-e79b-44ab-bed5-c2bcf5a5cff6', 'LOGIN_FAILED', '::1', 'Mozilla/5.0 (Windows NT 10.0; Win64; x64) AppleWebKit/537.36 (KHTML, like Gecko) Chrome/145.0.0.0 Safari/537.36', '2026-02-20 14:18:15'),
('6b7afbce-3637-458e-a8ca-c82d4338005e', '9e2c2c2d-53e7-4c62-a2ba-d4a8d2abf03e', 'LOGIN_FAILED', '::1', 'Mozilla/5.0 (Windows NT 10.0; Win64; x64) AppleWebKit/537.36 (KHTML, like Gecko) Chrome/144.0.0.0 Safari/537.36', '2026-02-05 16:29:52'),
('6c6510cd-45ea-43c8-9510-21b3d692a0e3', '217964b7-2332-43d1-be35-c92716920f10', 'LOGIN_SUCCESS', '::1', 'Mozilla/5.0 (Windows NT 10.0; Win64; x64) AppleWebKit/537.36 (KHTML, like Gecko) Chrome/145.0.0.0 Safari/537.36', '2026-02-16 16:26:42'),
('6d39a9a4-0fdb-40fa-8312-381fa3279603', '217964b7-2332-43d1-be35-c92716920f10', 'LOGIN_SUCCESS', '::1', 'Mozilla/5.0 (Windows NT 10.0; Win64; x64) AppleWebKit/537.36 (KHTML, like Gecko) Chrome/145.0.0.0 Safari/537.36', '2026-02-12 00:36:57'),
('6d5e4f32-4a79-4853-b5fb-99dc6a9d662e', '217964b7-2332-43d1-be35-c92716920f10', 'LOGIN_SUCCESS', '::ffff:127.0.0.1', 'PostmanRuntime/7.51.1', '2026-02-10 16:20:19'),
('6dfec74d-9258-4386-bc6c-aac512ad8aa9', '217964b7-2332-43d1-be35-c92716920f10', 'LOGIN_SUCCESS', '::1', 'Mozilla/5.0 (Windows NT 10.0; Win64; x64) AppleWebKit/537.36 (KHTML, like Gecko) Chrome/145.0.0.0 Safari/537.36', '2026-02-12 17:40:58'),
('6f3a4561-8c79-407d-8748-00e4c8bc0822', '999cf76b-01f9-47fc-b6aa-81f78d533be2', 'LOGIN_SUCCESS', '::ffff:127.0.0.1', 'PostmanRuntime/7.51.0', '2025-12-16 10:13:22'),
('6f68d841-7bd1-4e9b-b86f-1a819a2d668b', 'b62b7429-7550-4da5-aa53-be976b8da2f7', 'LOGIN_SUCCESS', '::ffff:127.0.0.1', 'Mozilla/5.0 (Windows NT 10.0; Win64; x64) AppleWebKit/537.36 (KHTML, like Gecko) Chrome/143.0.0.0 Safari/537.36', '2026-01-02 20:20:38'),
('706b0e86-7207-4963-a7fc-3e2695b80671', 'b62b7429-7550-4da5-aa53-be976b8da2f7', 'LOGIN_SUCCESS', '::1', 'Mozilla/5.0 (Windows NT 10.0; Win64; x64) AppleWebKit/537.36 (KHTML, like Gecko) Chrome/144.0.0.0 Safari/537.36', '2026-02-05 12:38:34'),
('70ebd7e0-3ed4-4062-8f00-28c8d35043f6', 'b62b7429-7550-4da5-aa53-be976b8da2f7', 'LOGIN_SUCCESS', '::1', 'Mozilla/5.0 (Windows NT 10.0; Win64; x64) AppleWebKit/537.36 (KHTML, like Gecko) Chrome/143.0.0.0 Safari/537.36', '2026-01-03 03:13:29'),
('71033497-a963-4e35-8280-1e51a332802a', '217964b7-2332-43d1-be35-c92716920f10', 'LOGIN_FAILED', '::1', 'Mozilla/5.0 (Windows NT 10.0; Win64; x64) AppleWebKit/537.36 (KHTML, like Gecko) Chrome/145.0.0.0 Safari/537.36', '2026-02-23 11:22:04'),
('7128cc4b-91a6-45f5-8142-08b27f51d265', '217964b7-2332-43d1-be35-c92716920f10', 'LOGIN_SUCCESS', '::ffff:127.0.0.1', 'PostmanRuntime/7.51.1', '2026-02-17 17:14:11'),
('717c94ec-6e08-4bc1-9a6d-37510c51dfcd', '217964b7-2332-43d1-be35-c92716920f10', 'LOGIN_SUCCESS', '::1', 'Mozilla/5.0 (Windows NT 10.0; Win64; x64) AppleWebKit/537.36 (KHTML, like Gecko) Chrome/145.0.0.0 Safari/537.36', '2026-02-26 19:33:49'),
('72a4b175-9036-4d31-8e17-35dc8e617e88', 'b62b7429-7550-4da5-aa53-be976b8da2f7', 'LOGIN_SUCCESS', '::1', 'Mozilla/5.0 (Windows NT 10.0; Win64; x64) AppleWebKit/537.36 (KHTML, like Gecko) Chrome/143.0.0.0 Safari/537.36', '2026-01-05 12:20:57'),
('732e88aa-0f24-4211-af33-12b551cbecdf', 'b62b7429-7550-4da5-aa53-be976b8da2f7', 'LOGIN_SUCCESS', '::1', 'Mozilla/5.0 (Windows NT 10.0; Win64; x64) AppleWebKit/537.36 (KHTML, like Gecko) Chrome/143.0.0.0 Safari/537.36', '2026-01-05 11:23:23'),
('7388554b-3206-4375-bb4e-1d75d81bdfb7', 'd4d759fd-6696-47c3-b3ec-b9b3b3d3f796', 'LOGIN_SUCCESS', '::1', 'Mozilla/5.0 (Windows NT 10.0; Win64; x64) AppleWebKit/537.36 (KHTML, like Gecko) Chrome/145.0.0.0 Safari/537.36', '2026-02-16 20:22:21'),
('73a6b7b3-1ad8-485b-9a4d-0d5839c9b01a', '217964b7-2332-43d1-be35-c92716920f10', 'LOGIN_SUCCESS', '::1', 'Mozilla/5.0 (Linux; Android 6.0; Nexus 5 Build/MRA58N) AppleWebKit/537.36 (KHTML, like Gecko) Chrome/145.0.0.0 Mobile Safari/537.36', '2026-02-16 23:45:09'),
('74d31eef-d891-479f-9e64-f1d996568952', 'b62b7429-7550-4da5-aa53-be976b8da2f7', 'LOGIN_SUCCESS', '::1', 'Mozilla/5.0 (Windows NT 10.0; Win64; x64) AppleWebKit/537.36 (KHTML, like Gecko) Chrome/143.0.0.0 Safari/537.36', '2026-01-03 02:28:01'),
('750273f2-5857-4327-a366-44e781d4241b', '999cf76b-01f9-47fc-b6aa-81f78d533be2', 'LOGIN_SUCCESS', '::ffff:127.0.0.1', 'PostmanRuntime/7.51.0', '2025-12-18 10:07:08'),
('767a4312-8902-4553-8ffc-2204595e3c0d', '217964b7-2332-43d1-be35-c92716920f10', 'LOGIN_SUCCESS', '::1', 'Mozilla/5.0 (Windows NT 10.0; Win64; x64) AppleWebKit/537.36 (KHTML, like Gecko) Chrome/145.0.0.0 Safari/537.36', '2026-02-26 12:35:05'),
('76ce0db0-4918-4f97-932e-34d735d21a05', '3d2ef306-35c3-486d-a545-51a35bfe08b6', 'LOGIN_SUCCESS', '157.15.62.32', 'Mozilla/5.0 (Linux; Android 10; K) AppleWebKit/537.36 (KHTML, like Gecko) Chrome/145.0.0.0 Mobile Safari/537.36', '2026-03-07 01:12:25'),
('7773b5d8-f74e-417d-b87a-6e4944e6e8ba', '217964b7-2332-43d1-be35-c92716920f10', 'LOGIN_FAILED', '::1', 'Mozilla/5.0 (Windows NT 10.0; Win64; x64) AppleWebKit/537.36 (KHTML, like Gecko) Chrome/145.0.0.0 Safari/537.36', '2026-03-07 12:30:03'),
('7815e096-76c3-48dd-91f2-bcd50207c14c', 'b62b7429-7550-4da5-aa53-be976b8da2f7', 'LOGIN_SUCCESS', '::ffff:127.0.0.1', 'Mozilla/5.0 (Windows NT 10.0; Win64; x64) AppleWebKit/537.36 (KHTML, like Gecko) Chrome/143.0.0.0 Safari/537.36', '2026-01-02 20:02:14'),
('783b0bef-7bbf-42e8-8cb3-daa7b966b334', '217964b7-2332-43d1-be35-c92716920f10', 'LOGIN_SUCCESS', '::1', 'Mozilla/5.0 (Linux; Android 6.0; Nexus 5 Build/MRA58N) AppleWebKit/537.36 (KHTML, like Gecko) Chrome/145.0.0.0 Mobile Safari/537.36', '2026-03-07 12:29:01'),
('7a1de235-cdfa-479d-8c22-3490376287d6', 'b62b7429-7550-4da5-aa53-be976b8da2f7', 'LOGIN_SUCCESS', '::1', 'Mozilla/5.0 (Linux; Android 6.0; Nexus 5 Build/MRA58N) AppleWebKit/537.36 (KHTML, like Gecko) Chrome/144.0.0.0 Mobile Safari/537.36', '2026-02-05 11:09:15'),
('7be2cfb3-1694-43f4-bfb1-7c1ce4501c7b', '999cf76b-01f9-47fc-b6aa-81f78d533be2', 'LOGIN_SUCCESS', '::ffff:127.0.0.1', 'PostmanRuntime/7.51.0', '2025-12-16 10:13:50'),
('7e44fcaa-2954-4689-a6ff-f3f639a9fb95', '217964b7-2332-43d1-be35-c92716920f10', 'LOGIN_FAILED', '::1', 'Mozilla/5.0 (Windows NT 10.0; Win64; x64) AppleWebKit/537.36 (KHTML, like Gecko) Chrome/145.0.0.0 Safari/537.36', '2026-02-16 01:55:43'),
('7f2d84eb-683f-47d6-916c-4aa3cd6dc6cf', '217964b7-2332-43d1-be35-c92716920f10', 'LOGIN_SUCCESS', '::ffff:127.0.0.1', 'PostmanRuntime/7.51.1', '2026-02-10 17:03:58'),
('8133b6d5-c38f-4cfe-801c-ced74b0061dd', '999cf76b-01f9-47fc-b6aa-81f78d533be2', 'LOGIN_SUCCESS', '::ffff:127.0.0.1', 'PostmanRuntime/7.51.0', '2026-01-02 18:32:55'),
('82f8627e-8203-47b6-a50d-4be405b7afe9', 'b62b7429-7550-4da5-aa53-be976b8da2f7', 'LOGIN_SUCCESS', '::1', 'Mozilla/5.0 (Windows NT 10.0; Win64; x64) AppleWebKit/537.36 (KHTML, like Gecko) Chrome/144.0.0.0 Safari/537.36', '2026-02-04 13:33:28'),
('83cc9124-c8a2-4691-8b17-4770ce1d91a3', '217964b7-2332-43d1-be35-c92716920f10', 'LOGIN_SUCCESS', '::1', 'Mozilla/5.0 (Windows NT 10.0; Win64; x64) AppleWebKit/537.36 (KHTML, like Gecko) Chrome/145.0.0.0 Safari/537.36', '2026-02-12 16:26:41'),
('83df640d-a758-4070-9712-f279877e1dd8', '999cf76b-01f9-47fc-b6aa-81f78d533be2', 'LOGIN_FAILED', '::1', 'Mozilla/5.0 (Windows NT 10.0; Win64; x64) AppleWebKit/537.36 (KHTML, like Gecko) Chrome/144.0.0.0 Safari/537.36', '2026-02-05 12:39:57'),
('84a15937-d8b8-4e76-b0fc-a6c07333ee90', '3d2ef306-35c3-486d-a545-51a35bfe08b6', 'LOGIN_FAILED', '::1', 'Mozilla/5.0 (Windows NT 10.0; Win64; x64) AppleWebKit/537.36 (KHTML, like Gecko) Chrome/145.0.0.0 Safari/537.36', '2026-03-06 04:21:15'),
('857790d3-9e31-404d-8a55-ef51a793b8cb', 'd4d759fd-6696-47c3-b3ec-b9b3b3d3f796', 'LOGIN_SUCCESS', '::1', 'Mozilla/5.0 (Windows NT 10.0; Win64; x64) AppleWebKit/537.36 (KHTML, like Gecko) Chrome/145.0.0.0 Safari/537.36', '2026-02-22 13:37:29'),
('85e5676c-2a6c-4df5-ad41-1ce00b8a61a5', 'b62b7429-7550-4da5-aa53-be976b8da2f7', 'LOGIN_SUCCESS', '::1', 'Mozilla/5.0 (Windows NT 10.0; Win64; x64) AppleWebKit/537.36 (KHTML, like Gecko) Chrome/144.0.0.0 Safari/537.36', '2026-02-05 16:35:48'),
('8669079d-6e2b-4788-b490-25c366062236', '217964b7-2332-43d1-be35-c92716920f10', 'LOGIN_SUCCESS', '::1', 'Mozilla/5.0 (Windows NT 10.0; Win64; x64) AppleWebKit/537.36 (KHTML, like Gecko) Chrome/145.0.0.0 Safari/537.36', '2026-03-02 20:40:07'),
('8687f300-4c9f-4f11-90be-7fe0c17275b2', 'b62b7429-7550-4da5-aa53-be976b8da2f7', 'LOGIN_SUCCESS', '::1', 'Mozilla/5.0 (Windows NT 10.0; Win64; x64) AppleWebKit/537.36 (KHTML, like Gecko) Chrome/143.0.0.0 Safari/537.36', '2026-01-03 16:03:11'),
('885b8e09-7305-4429-b4ff-d4ae068fb7b2', '9e2c2c2d-53e7-4c62-a2ba-d4a8d2abf03e', 'LOGIN_SUCCESS', '::1', 'Mozilla/5.0 (Windows NT 10.0; Win64; x64) AppleWebKit/537.36 (KHTML, like Gecko) Chrome/144.0.0.0 Safari/537.36', '2026-02-09 16:49:33'),
('88d35d29-3119-4062-a9ed-192aa183531a', 'b62b7429-7550-4da5-aa53-be976b8da2f7', 'LOGIN_SUCCESS', '::1', 'Mozilla/5.0 (Linux; Android 10; K) AppleWebKit/537.36 (KHTML, like Gecko) Chrome/144.0.0.0 Mobile Safari/537.36', '2026-02-06 15:25:31'),
('892ac609-8b58-414e-aea5-b96b3bc65428', '999cf76b-01f9-47fc-b6aa-81f78d533be2', 'LOGIN_SUCCESS', '::ffff:127.0.0.1', 'PostmanRuntime/7.51.1', '2026-02-11 18:34:36'),
('89744fd9-7a8e-4214-ab9b-61a247d52d83', '32aa631c-e79b-44ab-bed5-c2bcf5a5cff6', 'LOGIN_FAILED', '::1', 'Mozilla/5.0 (Windows NT 10.0; Win64; x64) AppleWebKit/537.36 (KHTML, like Gecko) Chrome/145.0.0.0 Safari/537.36', '2026-02-20 14:18:18'),
('899448ad-c144-48b9-a69d-51857b11b28e', '52199a96-2434-44e6-b63f-d20f5c46fee8', 'LOGIN_SUCCESS', '::1', 'Mozilla/5.0 (Linux; Android 10; K) AppleWebKit/537.36 (KHTML, like Gecko) Chrome/144.0.0.0 Mobile Safari/537.36', '2026-02-06 15:19:54'),
('8aeb35ea-a00d-4064-9603-e5deac047b63', 'b62b7429-7550-4da5-aa53-be976b8da2f7', 'LOGIN_FAILED', '::1', 'Mozilla/5.0 (Windows NT 10.0; Win64; x64) AppleWebKit/537.36 (KHTML, like Gecko) Chrome/143.0.0.0 Safari/537.36', '2026-01-04 23:42:52'),
('8aee13b0-ec1e-4df4-afc1-7b59e4073a72', '32aa631c-e79b-44ab-bed5-c2bcf5a5cff6', 'LOGIN_SUCCESS', '::1', 'Mozilla/5.0 (iPhone; CPU iPhone OS 15_0 like Mac OS X) AppleWebKit/603.1.30 (KHTML, like Gecko) Version/17.5 Mobile/15A5370a Safari/602.1', '2026-02-20 14:32:36'),
('8b552f6a-6b88-4c1f-bd79-0ccaea6e4f82', '217964b7-2332-43d1-be35-c92716920f10', 'LOGIN_SUCCESS', '::1', 'Mozilla/5.0 (Windows NT 10.0; Win64; x64) AppleWebKit/537.36 (KHTML, like Gecko) Chrome/145.0.0.0 Safari/537.36', '2026-02-17 16:54:19'),
('8b76b869-00aa-4d36-8630-6d7a7932b245', '999cf76b-01f9-47fc-b6aa-81f78d533be2', 'LOGIN_SUCCESS', '::ffff:127.0.0.1', 'PostmanRuntime/7.51.0', '2025-12-16 10:42:51'),
('8d0381b6-eca4-4b56-bf0c-6e9e84bc47eb', '999cf76b-01f9-47fc-b6aa-81f78d533be2', 'LOGIN_SUCCESS', '::ffff:127.0.0.1', 'Mozilla/5.0 (Windows NT 10.0; Win64; x64) AppleWebKit/537.36 (KHTML, like Gecko) Chrome/143.0.0.0 Safari/537.36', '2026-01-02 15:58:13'),
('8d9af542-e6c1-4042-a858-c9f896f50532', '217964b7-2332-43d1-be35-c92716920f10', 'LOGIN_SUCCESS', '::1', 'Mozilla/5.0 (Windows NT 10.0; Win64; x64) AppleWebKit/537.36 (KHTML, like Gecko) Chrome/145.0.0.0 Safari/537.36', '2026-02-12 00:01:39'),
('8e145f52-77fa-48b3-9392-419be3be9cd2', '217964b7-2332-43d1-be35-c92716920f10', 'LOGIN_FAILED', '::1', 'Mozilla/5.0 (Windows NT 10.0; Win64; x64) AppleWebKit/537.36 (KHTML, like Gecko) Chrome/145.0.0.0 Safari/537.36', '2026-02-18 14:39:55'),
('8f345746-a2a6-4156-94fb-a389e6648953', '217964b7-2332-43d1-be35-c92716920f10', 'LOGIN_SUCCESS', '::1', 'Mozilla/5.0 (Windows NT 10.0; Win64; x64) AppleWebKit/537.36 (KHTML, like Gecko) Chrome/145.0.0.0 Safari/537.36', '2026-02-12 17:44:46'),
('8fb02453-266d-46bb-86fb-7251586a3af3', '217964b7-2332-43d1-be35-c92716920f10', 'LOGIN_SUCCESS', '::ffff:127.0.0.1', 'PostmanRuntime/7.51.1', '2026-02-10 15:33:02'),
('92665692-77b4-4eaa-9771-9f738098b716', 'b62b7429-7550-4da5-aa53-be976b8da2f7', 'LOGIN_SUCCESS', '::1', 'Mozilla/5.0 (Windows NT 10.0; Win64; x64) AppleWebKit/537.36 (KHTML, like Gecko) Chrome/144.0.0.0 Safari/537.36', '2026-02-09 16:14:39'),
('930e702e-5fcb-4021-8009-4b0bab59c1ce', '217964b7-2332-43d1-be35-c92716920f10', 'LOGIN_SUCCESS', '::1', 'Mozilla/5.0 (Windows NT 10.0; Win64; x64) AppleWebKit/537.36 (KHTML, like Gecko) Chrome/145.0.0.0 Safari/537.36', '2026-02-18 14:18:12'),
('93843821-767e-4100-b34f-1a9ad9cffd06', 'b62b7429-7550-4da5-aa53-be976b8da2f7', 'LOGIN_FAILED', '::1', 'Mozilla/5.0 (Windows NT 10.0; Win64; x64) AppleWebKit/537.36 (KHTML, like Gecko) Chrome/143.0.0.0 Safari/537.36', '2026-01-04 23:42:06'),
('93c32b55-885f-43ac-bb0c-645690288c38', '9e2c2c2d-53e7-4c62-a2ba-d4a8d2abf03e', 'LOGIN_SUCCESS', '::1', 'Mozilla/5.0 (Windows NT 10.0; Win64; x64) AppleWebKit/537.36 (KHTML, like Gecko) Chrome/144.0.0.0 Safari/537.36', '2026-02-05 13:30:20'),
('9557227d-5b66-4d7c-b0ba-4d331ce33bdb', '3d2ef306-35c3-486d-a545-51a35bfe08b6', 'LOGIN_SUCCESS', '::1', 'Mozilla/5.0 (Windows NT 10.0; Win64; x64) AppleWebKit/537.36 (KHTML, like Gecko) Chrome/145.0.0.0 Safari/537.36', '2026-03-06 17:05:16'),
('95fb4402-f024-4fda-8c7e-a06aebdf1636', 'b62b7429-7550-4da5-aa53-be976b8da2f7', 'LOGIN_SUCCESS', '::1', 'Mozilla/5.0 (Windows NT 10.0; Win64; x64) AppleWebKit/537.36 (KHTML, like Gecko) Chrome/144.0.0.0 Safari/537.36', '2026-02-09 16:38:28'),
('971178d4-e3e7-44fd-af46-6fa7ce42fc17', 'b62b7429-7550-4da5-aa53-be976b8da2f7', 'LOGIN_SUCCESS', '::ffff:127.0.0.1', 'Mozilla/5.0 (Windows NT 10.0; Win64; x64) AppleWebKit/537.36 (KHTML, like Gecko) Chrome/143.0.0.0 Safari/537.36', '2026-01-02 17:28:53'),
('9719f406-86e3-41b6-82bc-2d23bd2acc17', '999cf76b-01f9-47fc-b6aa-81f78d533be2', 'LOGIN_SUCCESS', '::1', 'Mozilla/5.0 (Windows NT 10.0; Win64; x64) AppleWebKit/537.36 (KHTML, like Gecko) Chrome/145.0.0.0 Safari/537.36', '2026-03-07 19:16:20'),
('97486b07-0c7f-4dfb-b4ee-4ce1cee27fa9', '999cf76b-01f9-47fc-b6aa-81f78d533be2', 'LOGIN_SUCCESS', '::1', 'Mozilla/5.0 (Windows NT 10.0; Win64; x64) AppleWebKit/537.36 (KHTML, like Gecko) Chrome/144.0.0.0 Safari/537.36', '2026-02-09 14:09:04'),
('97b920b1-f469-4d56-8fdc-0dff89bf2445', 'b62b7429-7550-4da5-aa53-be976b8da2f7', 'LOGIN_SUCCESS', '::1', 'Mozilla/5.0 (Windows NT 10.0; Win64; x64) AppleWebKit/537.36 (KHTML, like Gecko) Chrome/143.0.0.0 Safari/537.36', '2026-01-03 03:57:51'),
('987ef3fa-3303-45da-8c09-2707c0c0863f', '3d2ef306-35c3-486d-a545-51a35bfe08b6', 'LOGIN_SUCCESS', '157.15.62.32', 'Mozilla/5.0 (Linux; Android 10; K) AppleWebKit/537.36 (KHTML, like Gecko) Chrome/145.0.0.0 Mobile Safari/537.36', '2026-03-07 01:11:38'),
('9dbade6b-af32-4acf-8f22-051dbd52bb22', 'b62b7429-7550-4da5-aa53-be976b8da2f7', 'LOGIN_SUCCESS', '::ffff:127.0.0.1', 'Mozilla/5.0 (Windows NT 10.0; Win64; x64) AppleWebKit/537.36 (KHTML, like Gecko) Chrome/143.0.0.0 Safari/537.36', '2026-01-02 16:20:24'),
('9e5e9255-4606-4c59-ab5f-d55eb08e23b9', '217964b7-2332-43d1-be35-c92716920f10', 'LOGIN_SUCCESS', '::1', 'Mozilla/5.0 (Windows NT 10.0; Win64; x64) AppleWebKit/537.36 (KHTML, like Gecko) Chrome/145.0.0.0 Safari/537.36', '2026-02-12 17:40:00'),
('a03ddc94-e6d9-4426-956b-4a1de3792e07', '999cf76b-01f9-47fc-b6aa-81f78d533be2', 'LOGIN_SUCCESS', '::ffff:127.0.0.1', 'Mozilla/5.0 (Windows NT 10.0; Win64; x64) AppleWebKit/537.36 (KHTML, like Gecko) Chrome/143.0.0.0 Safari/537.36', '2026-01-02 16:05:11'),
('a14c5ce8-6842-48d0-867d-e19503869cf6', '217964b7-2332-43d1-be35-c92716920f10', 'LOGIN_SUCCESS', '::1', 'Mozilla/5.0 (Windows NT 10.0; Win64; x64) AppleWebKit/537.36 (KHTML, like Gecko) Chrome/145.0.0.0 Safari/537.36', '2026-03-07 18:59:01'),
('a17a7769-4bf1-4e46-a6a1-6273e93444cf', '999cf76b-01f9-47fc-b6aa-81f78d533be2', 'LOGIN_SUCCESS', '::ffff:127.0.0.1', 'PostmanRuntime/7.51.1', '2026-02-17 17:13:13'),
('a1f893ea-9d45-44e3-85e3-95b98a092f0a', 'b62b7429-7550-4da5-aa53-be976b8da2f7', 'LOGIN_SUCCESS', '::1', 'Mozilla/5.0 (Windows NT 10.0; Win64; x64) AppleWebKit/537.36 (KHTML, like Gecko) Chrome/144.0.0.0 Safari/537.36', '2026-02-05 14:13:12'),
('a2a7ec2d-c1f4-42d5-8e27-2f25c9832554', '999cf76b-01f9-47fc-b6aa-81f78d533be2', 'LOGIN_SUCCESS', '::1', 'Mozilla/5.0 (Windows NT 10.0; Win64; x64) AppleWebKit/537.36 (KHTML, like Gecko) Chrome/144.0.0.0 Safari/537.36', '2026-02-04 13:31:33'),
('a3de7e42-cb3a-4b16-aa52-c3304ba98c4b', 'b62b7429-7550-4da5-aa53-be976b8da2f7', 'LOGIN_SUCCESS', '::1', 'Mozilla/5.0 (Windows NT 10.0; Win64; x64) AppleWebKit/537.36 (KHTML, like Gecko) Chrome/143.0.0.0 Safari/537.36', '2026-01-03 13:18:24'),
('a595bf03-d516-4c9e-93a3-5933f122b0bd', '3d2ef306-35c3-486d-a545-51a35bfe08b6', 'LOGIN_FAILED', '::1', 'Mozilla/5.0 (Windows NT 10.0; Win64; x64) AppleWebKit/537.36 (KHTML, like Gecko) Chrome/145.0.0.0 Safari/537.36', '2026-03-06 17:05:08'),
('a59973bc-5d09-4b7f-8c4b-1ad3df89f5aa', '3d2ef306-35c3-486d-a545-51a35bfe08b6', 'LOGIN_SUCCESS', '157.15.62.32', 'Mozilla/5.0 (Linux; Android 10; K) AppleWebKit/537.36 (KHTML, like Gecko) Chrome/145.0.0.0 Mobile Safari/537.36', '2026-03-06 20:36:50'),
('a619ecb7-caca-4943-a5ee-80dce2bf146c', 'b62b7429-7550-4da5-aa53-be976b8da2f7', 'LOGIN_SUCCESS', '::1', 'Mozilla/5.0 (Windows NT 10.0; Win64; x64) AppleWebKit/537.36 (KHTML, like Gecko) Chrome/144.0.0.0 Safari/537.36', '2026-02-05 14:09:45'),
('a7434c36-bc3d-4956-b639-2c4cb02ca50a', '217964b7-2332-43d1-be35-c92716920f10', 'LOGIN_SUCCESS', '::1', 'Mozilla/5.0 (Windows NT 10.0; Win64; x64) AppleWebKit/537.36 (KHTML, like Gecko) Chrome/145.0.0.0 Safari/537.36', '2026-02-17 16:50:20'),
('a775a9b7-ce70-4415-ab4b-09a8562b703e', '217964b7-2332-43d1-be35-c92716920f10', 'LOGIN_SUCCESS', '::1', 'Mozilla/5.0 (Windows NT 10.0; Win64; x64) AppleWebKit/537.36 (KHTML, like Gecko) Chrome/145.0.0.0 Safari/537.36', '2026-02-11 21:47:34'),
('a7ca04a4-efd7-4cff-a933-0ed66ec02b29', '3d2ef306-35c3-486d-a545-51a35bfe08b6', 'LOGIN_FAILED', '::1', 'Mozilla/5.0 (Windows NT 10.0; Win64; x64) AppleWebKit/537.36 (KHTML, like Gecko) Chrome/145.0.0.0 Safari/537.36', '2026-03-06 17:05:05'),
('ab7041b4-e917-482d-a00f-52f7f71f29b2', 'b62b7429-7550-4da5-aa53-be976b8da2f7', 'LOGIN_SUCCESS', '::1', 'Mozilla/5.0 (Windows NT 10.0; Win64; x64) AppleWebKit/537.36 (KHTML, like Gecko) Chrome/143.0.0.0 Safari/537.36', '2026-01-03 13:17:22'),
('ab9cf782-deb8-4f0c-8edc-e555ccf1dae5', '217964b7-2332-43d1-be35-c92716920f10', 'LOGIN_SUCCESS', '::ffff:127.0.0.1', 'PostmanRuntime/7.51.1', '2026-02-17 17:13:32');
INSERT INTO `admin_audit_logs` (`id`, `user_id`, `action`, `ip_address`, `user_agent`, `created_at`) VALUES
('ac280eac-d36a-4dc5-ae19-840616a24692', '999cf76b-01f9-47fc-b6aa-81f78d533be2', 'LOGIN_SUCCESS', '::1', 'Mozilla/5.0 (Windows NT 10.0; Win64; x64) AppleWebKit/537.36 (KHTML, like Gecko) Chrome/145.0.0.0 Safari/537.36', '2026-02-19 19:54:58'),
('ac40e927-0764-4d42-aa93-3b584fc48006', '999cf76b-01f9-47fc-b6aa-81f78d533be2', 'LOGIN_SUCCESS', '::ffff:127.0.0.1', 'Mozilla/5.0 (Windows NT 10.0; Win64; x64) AppleWebKit/537.36 (KHTML, like Gecko) Chrome/143.0.0.0 Safari/537.36', '2026-01-02 15:46:30'),
('adf1ebce-0da5-4de4-b9a7-ec50f57c5092', '999cf76b-01f9-47fc-b6aa-81f78d533be2', 'LOGIN_SUCCESS', '::1', 'Mozilla/5.0 (Windows NT 10.0; Win64; x64) AppleWebKit/537.36 (KHTML, like Gecko) Chrome/145.0.0.0 Safari/537.36', '2026-02-18 15:26:00'),
('ae80443f-dad7-4d90-b5c2-e4d9e15d3ea3', '999cf76b-01f9-47fc-b6aa-81f78d533be2', 'LOGIN_FAILED', '::1', 'Mozilla/5.0 (Windows NT 10.0; Win64; x64) AppleWebKit/537.36 (KHTML, like Gecko) Chrome/145.0.0.0 Safari/537.36', '2026-03-07 19:16:17'),
('b2193fa4-c3b2-4d0d-90b9-5ee799f9e0a7', '999cf76b-01f9-47fc-b6aa-81f78d533be2', 'LOGIN_SUCCESS', '::ffff:127.0.0.1', 'PostmanRuntime/7.51.1', '2026-02-10 15:42:02'),
('b233958b-e6c4-4d57-ae22-4f23a5653a94', 'b62b7429-7550-4da5-aa53-be976b8da2f7', 'LOGIN_SUCCESS', '::ffff:127.0.0.1', 'Mozilla/5.0 (Windows NT 10.0; Win64; x64) AppleWebKit/537.36 (KHTML, like Gecko) Chrome/143.0.0.0 Safari/537.36', '2026-01-02 21:36:31'),
('b36a5e36-df3d-41fd-a4ed-858450477f8a', '217964b7-2332-43d1-be35-c92716920f10', 'LOGIN_SUCCESS', '::1', 'Mozilla/5.0 (Windows NT 10.0; Win64; x64) AppleWebKit/537.36 (KHTML, like Gecko) Chrome/145.0.0.0 Safari/537.36', '2026-02-11 19:05:33'),
('b5077c0d-bfb6-4272-8027-4055d8c381e2', '3d2ef306-35c3-486d-a545-51a35bfe08b6', 'LOGIN_SUCCESS', '::1', 'Mozilla/5.0 (Linux; Android 10; K) AppleWebKit/537.36 (KHTML, like Gecko) Chrome/145.0.0.0 Mobile Safari/537.36', '2026-03-06 17:24:09'),
('b5240629-c964-4aa0-98c6-2f529da5169e', '999cf76b-01f9-47fc-b6aa-81f78d533be2', 'LOGIN_SUCCESS', '::1', 'Mozilla/5.0 (Windows NT 10.0; Win64; x64) AppleWebKit/537.36 (KHTML, like Gecko) Chrome/144.0.0.0 Safari/537.36', '2026-02-05 12:59:17'),
('b582454e-1b8c-42d1-8cbf-77899af878b4', '217964b7-2332-43d1-be35-c92716920f10', 'LOGIN_SUCCESS', '::1', 'Mozilla/5.0 (Linux; Android 10; K) AppleWebKit/537.36 (KHTML, like Gecko) Chrome/145.0.0.0 Mobile Safari/537.36', '2026-03-06 17:24:59'),
('b64592da-92c4-4ac1-9492-d1e994290349', '217964b7-2332-43d1-be35-c92716920f10', 'LOGIN_SUCCESS', '::1', 'Mozilla/5.0 (Windows NT 10.0; Win64; x64) AppleWebKit/537.36 (KHTML, like Gecko) Chrome/145.0.0.0 Safari/537.36', '2026-03-06 16:09:40'),
('b7ee479f-5882-4ce2-a2ec-aa2e524392b5', '999cf76b-01f9-47fc-b6aa-81f78d533be2', 'LOGIN_SUCCESS', '::1', 'Mozilla/5.0 (Windows NT 10.0; Win64; x64) AppleWebKit/537.36 (KHTML, like Gecko) Chrome/143.0.0.0 Safari/537.36', '2026-01-03 12:51:18'),
('b7fcd8f9-1816-412c-833b-e35fb607208b', '9e2c2c2d-53e7-4c62-a2ba-d4a8d2abf03e', 'LOGIN_SUCCESS', '::1', 'Mozilla/5.0 (Linux; Android 10; K) AppleWebKit/537.36 (KHTML, like Gecko) Chrome/144.0.0.0 Mobile Safari/537.36', '2026-02-06 15:19:18'),
('b8bc5e75-23f4-4f01-aeae-b401ef7fc301', 'b62b7429-7550-4da5-aa53-be976b8da2f7', 'LOGIN_SUCCESS', '::1', 'Mozilla/5.0 (Windows NT 10.0; Win64; x64) AppleWebKit/537.36 (KHTML, like Gecko) Chrome/143.0.0.0 Safari/537.36', '2026-01-05 11:50:38'),
('b8d042d6-490a-4f30-9f77-30b09071196a', '999cf76b-01f9-47fc-b6aa-81f78d533be2', 'LOGIN_SUCCESS', '::ffff:127.0.0.1', 'PostmanRuntime/7.51.0', '2025-12-18 11:14:10'),
('b906e8c8-aff6-4212-815f-f15c37d77ac5', '999cf76b-01f9-47fc-b6aa-81f78d533be2', 'LOGIN_SUCCESS', '::ffff:127.0.0.1', 'PostmanRuntime/7.51.0', '2025-12-22 06:30:05'),
('b9dff32f-5197-46df-bd26-00ecec383d78', 'b62b7429-7550-4da5-aa53-be976b8da2f7', 'LOGIN_SUCCESS', '::1', 'Mozilla/5.0 (Windows NT 10.0; Win64; x64) AppleWebKit/537.36 (KHTML, like Gecko) Chrome/143.0.0.0 Safari/537.36', '2026-01-03 14:56:35'),
('ba3d60cf-6598-4f56-b663-53629bfe3b64', '999cf76b-01f9-47fc-b6aa-81f78d533be2', 'LOGIN_SUCCESS', '::ffff:127.0.0.1', 'PostmanRuntime/7.51.1', '2026-02-10 15:31:12'),
('ba4aac4d-9403-4dc6-8fa3-33dbdba2f1e6', 'b62b7429-7550-4da5-aa53-be976b8da2f7', 'LOGIN_SUCCESS', '::ffff:127.0.0.1', 'Mozilla/5.0 (Windows NT 10.0; Win64; x64) AppleWebKit/537.36 (KHTML, like Gecko) Chrome/143.0.0.0 Safari/537.36', '2026-01-02 18:32:17'),
('bbde5218-6571-46b2-a8fe-cce24bcba1d0', '999cf76b-01f9-47fc-b6aa-81f78d533be2', 'LOGIN_SUCCESS', '::1', 'Mozilla/5.0 (Windows NT 10.0; Win64; x64) AppleWebKit/537.36 (KHTML, like Gecko) Chrome/145.0.0.0 Safari/537.36', '2026-02-28 20:51:23'),
('bd79e39d-d2f8-4010-a750-4417013be95b', '217964b7-2332-43d1-be35-c92716920f10', 'LOGIN_SUCCESS', '::ffff:127.0.0.1', 'PostmanRuntime/7.51.1', '2026-02-11 18:22:36'),
('bdaf1032-d4f0-4fd2-8147-0760bbee7cdb', '999cf76b-01f9-47fc-b6aa-81f78d533be2', 'LOGIN_SUCCESS', '::ffff:127.0.0.1', 'Mozilla/5.0 (Windows NT 10.0; Win64; x64) AppleWebKit/537.36 (KHTML, like Gecko) Chrome/143.0.0.0 Safari/537.36', '2026-01-02 16:17:02'),
('bdd16d98-9994-4483-9454-4fd3f456b5fb', '217964b7-2332-43d1-be35-c92716920f10', 'LOGIN_SUCCESS', '::ffff:127.0.0.1', 'PostmanRuntime/7.51.1', '2026-02-10 17:00:49'),
('be9513ac-4dc8-429a-bd04-79f9b69a2730', '999cf76b-01f9-47fc-b6aa-81f78d533be2', 'LOGIN_SUCCESS', '::1', 'Mozilla/5.0 (Windows NT 10.0; Win64; x64) AppleWebKit/537.36 (KHTML, like Gecko) Chrome/143.0.0.0 Safari/537.36', '2026-01-17 17:13:38'),
('bebd22a8-513b-4350-b20f-f1dd14ff7db2', '217964b7-2332-43d1-be35-c92716920f10', 'LOGIN_SUCCESS', '::1', 'Mozilla/5.0 (Windows NT 10.0; Win64; x64) AppleWebKit/537.36 (KHTML, like Gecko) Chrome/145.0.0.0 Safari/537.36', '2026-03-06 17:20:37'),
('c0e1a3cb-e589-4cc8-932e-47c7dc1238bb', '999cf76b-01f9-47fc-b6aa-81f78d533be2', 'LOGIN_SUCCESS', '::1', 'Mozilla/5.0 (Windows NT 10.0; Win64; x64) AppleWebKit/537.36 (KHTML, like Gecko) Chrome/145.0.0.0 Safari/537.36', '2026-02-18 20:12:26'),
('c2e74a5f-041c-4bae-9d94-07ce1080ee3a', '217964b7-2332-43d1-be35-c92716920f10', 'LOGIN_SUCCESS', '::1', 'Mozilla/5.0 (Windows NT 10.0; Win64; x64) AppleWebKit/537.36 (KHTML, like Gecko) Chrome/145.0.0.0 Safari/537.36', '2026-02-11 21:26:30'),
('c5023a72-9bc4-4928-abf3-0507ef1e701c', 'b62b7429-7550-4da5-aa53-be976b8da2f7', 'LOGIN_SUCCESS', '::1', 'Mozilla/5.0 (Windows NT 10.0; Win64; x64) AppleWebKit/537.36 (KHTML, like Gecko) Chrome/143.0.0.0 Safari/537.36', '2026-01-05 11:47:50'),
('c5f7a3e4-818a-4fff-b759-e77c7daf66b0', '999cf76b-01f9-47fc-b6aa-81f78d533be2', 'LOGIN_SUCCESS', '::ffff:127.0.0.1', 'PostmanRuntime/7.51.0', '2025-12-17 15:36:49'),
('c843dd88-1e56-4ef4-adfe-4ec4dbb8e273', '999cf76b-01f9-47fc-b6aa-81f78d533be2', 'LOGIN_SUCCESS', '::ffff:127.0.0.1', 'PostmanRuntime/7.51.1', '2026-02-10 15:48:22'),
('c9e1e6c2-3884-4d76-a2d9-03da169d5a99', '217964b7-2332-43d1-be35-c92716920f10', 'LOGIN_SUCCESS', '::ffff:127.0.0.1', 'PostmanRuntime/7.51.1', '2026-02-10 15:41:45'),
('ca6005db-90da-4f3e-8100-3dc04bdcc367', 'b62b7429-7550-4da5-aa53-be976b8da2f7', 'LOGIN_SUCCESS', '::ffff:127.0.0.1', 'Mozilla/5.0 (Windows NT 10.0; Win64; x64) AppleWebKit/537.36 (KHTML, like Gecko) Chrome/143.0.0.0 Safari/537.36', '2026-01-02 19:30:41'),
('cc499083-c5c3-41bb-8b2f-b3b9fc2295d9', '217964b7-2332-43d1-be35-c92716920f10', 'LOGIN_SUCCESS', '::1', 'Mozilla/5.0 (Windows NT 10.0; Win64; x64) AppleWebKit/537.36 (KHTML, like Gecko) Chrome/145.0.0.0 Safari/537.36', '2026-02-16 02:16:38'),
('cdefdf86-ce99-4f5f-8ff3-2818202029f7', '999cf76b-01f9-47fc-b6aa-81f78d533be2', 'LOGIN_SUCCESS', '::ffff:127.0.0.1', 'PostmanRuntime/7.51.0', '2025-12-16 10:12:08'),
('ced1b272-e79c-4bf2-83c8-d78ee09af9c4', '217964b7-2332-43d1-be35-c92716920f10', 'LOGIN_SUCCESS', '::1', 'Mozilla/5.0 (Linux; Android 6.0; Nexus 5 Build/MRA58N) AppleWebKit/537.36 (KHTML, like Gecko) Chrome/145.0.0.0 Mobile Safari/537.36', '2026-02-26 19:06:55'),
('cf16bea1-4048-40cd-9c9e-88c072cb036f', '3d2ef306-35c3-486d-a545-51a35bfe08b6', 'LOGIN_FAILED', '::1', 'Mozilla/5.0 (Windows NT 10.0; Win64; x64) AppleWebKit/537.36 (KHTML, like Gecko) Chrome/145.0.0.0 Safari/537.36', '2026-03-06 04:21:10'),
('d1d42549-a7d8-478c-8ed7-97d5e4674a33', 'd4d759fd-6696-47c3-b3ec-b9b3b3d3f796', 'LOGIN_SUCCESS', '::1', 'Mozilla/5.0 (Windows NT 10.0; Win64; x64) AppleWebKit/537.36 (KHTML, like Gecko) Chrome/145.0.0.0 Safari/537.36', '2026-02-16 20:03:45'),
('d2583b76-e2ca-4dd4-97c9-a8e333d61521', '999cf76b-01f9-47fc-b6aa-81f78d533be2', 'LOGIN_SUCCESS', '::1', 'Mozilla/5.0 (Windows NT 10.0; Win64; x64) AppleWebKit/537.36 (KHTML, like Gecko) Chrome/145.0.0.0 Safari/537.36', '2026-03-03 17:39:48'),
('d2b60e42-bdf5-4452-80c9-a8162a1734dd', '217964b7-2332-43d1-be35-c92716920f10', 'LOGIN_FAILED', '::1', 'Mozilla/5.0 (Windows NT 10.0; Win64; x64) AppleWebKit/537.36 (KHTML, like Gecko) Chrome/145.0.0.0 Safari/537.36', '2026-02-21 15:39:57'),
('d35e4882-79bd-4ce4-9839-ff07064a7761', '3d2ef306-35c3-486d-a545-51a35bfe08b6', 'LOGIN_SUCCESS', '157.15.62.32', 'Mozilla/5.0 (Linux; Android 10; K) AppleWebKit/537.36 (KHTML, like Gecko) Chrome/145.0.0.0 Mobile Safari/537.36', '2026-03-06 20:29:03'),
('d4e5f990-b49f-45db-b461-2cf543847813', '217964b7-2332-43d1-be35-c92716920f10', 'LOGIN_SUCCESS', '::1', 'Mozilla/5.0 (Windows NT 10.0; Win64; x64) AppleWebKit/537.36 (KHTML, like Gecko) Chrome/145.0.0.0 Safari/537.36', '2026-02-16 23:14:36'),
('d5204cf3-6ea1-4e4b-9a2b-5c727526b87e', '999cf76b-01f9-47fc-b6aa-81f78d533be2', 'LOGIN_SUCCESS', '::1', 'Mozilla/5.0 (Windows NT 10.0; Win64; x64) AppleWebKit/537.36 (KHTML, like Gecko) Chrome/143.0.0.0 Safari/537.36', '2026-01-06 17:06:44'),
('d5ba6020-de32-45ad-9121-cc66119ab6f7', '999cf76b-01f9-47fc-b6aa-81f78d533be2', 'LOGIN_SUCCESS', '::1', 'Mozilla/5.0 (Windows NT 10.0; Win64; x64) AppleWebKit/537.36 (KHTML, like Gecko) Chrome/145.0.0.0 Safari/537.36', '2026-02-25 13:45:51'),
('d63eeea5-0532-4ba6-b527-3b063771b5a0', '999cf76b-01f9-47fc-b6aa-81f78d533be2', 'LOGIN_SUCCESS', '::1', 'Mozilla/5.0 (Windows NT 10.0; Win64; x64) AppleWebKit/537.36 (KHTML, like Gecko) Chrome/144.0.0.0 Safari/537.36', '2026-02-05 11:01:25'),
('d7561c61-ba06-46f3-9738-bd3d6217213a', 'b62b7429-7550-4da5-aa53-be976b8da2f7', 'LOGIN_SUCCESS', '::1', 'Mozilla/5.0 (Windows NT 10.0; Win64; x64) AppleWebKit/537.36 (KHTML, like Gecko) Chrome/143.0.0.0 Safari/537.36', '2026-01-17 18:21:10'),
('d9d6595d-7f17-4c0b-a390-ade45139c66e', 'b62b7429-7550-4da5-aa53-be976b8da2f7', 'LOGIN_SUCCESS', '::1', 'Mozilla/5.0 (Windows NT 10.0; Win64; x64) AppleWebKit/537.36 (KHTML, like Gecko) Chrome/144.0.0.0 Safari/537.36', '2026-02-05 12:50:21'),
('dbb0d846-907b-4a0d-bcd1-9aa0fd888080', '217964b7-2332-43d1-be35-c92716920f10', 'LOGIN_SUCCESS', '::ffff:127.0.0.1', 'PostmanRuntime/7.51.1', '2026-02-10 16:19:52'),
('ded70955-2887-43a4-996c-2206bc1ad2f1', '999cf76b-01f9-47fc-b6aa-81f78d533be2', 'LOGIN_SUCCESS', '::ffff:127.0.0.1', 'PostmanRuntime/7.51.0', '2025-12-16 10:14:20'),
('e2d7f9ab-7798-4f38-a948-31756b17a0e6', '217964b7-2332-43d1-be35-c92716920f10', 'LOGIN_SUCCESS', '::1', 'Mozilla/5.0 (Linux; Android 6.0; Nexus 5 Build/MRA58N) AppleWebKit/537.36 (KHTML, like Gecko) Chrome/145.0.0.0 Mobile Safari/537.36', '2026-02-17 00:33:40'),
('e2e523cd-67d8-4302-a414-c421b1cd1e2d', '999cf76b-01f9-47fc-b6aa-81f78d533be2', 'LOGIN_SUCCESS', '::ffff:127.0.0.1', 'PostmanRuntime/7.51.1', '2026-02-12 00:43:14'),
('e40ec1b5-6c38-4272-b9a8-aec6abf5ef35', '3d2ef306-35c3-486d-a545-51a35bfe08b6', 'LOGIN_SUCCESS', '::1', 'Mozilla/5.0 (Linux; Android 10; K) AppleWebKit/537.36 (KHTML, like Gecko) Chrome/145.0.0.0 Mobile Safari/537.36', '2026-03-06 17:26:07'),
('e420b448-6022-476c-9bd5-63c5127a969f', 'b62b7429-7550-4da5-aa53-be976b8da2f7', 'LOGIN_FAILED', '::1', 'Mozilla/5.0 (Windows NT 10.0; Win64; x64) AppleWebKit/537.36 (KHTML, like Gecko) Chrome/144.0.0.0 Safari/537.36', '2026-02-05 11:23:44'),
('e68b7bce-89a3-444f-a1f6-af659b7e4721', '999cf76b-01f9-47fc-b6aa-81f78d533be2', 'LOGIN_SUCCESS', '::1', 'Mozilla/5.0 (Linux; Android 6.0; Nexus 5 Build/MRA58N) AppleWebKit/537.36 (KHTML, like Gecko) Chrome/145.0.0.0 Mobile Safari/537.36', '2026-02-20 12:24:38'),
('e714a7ce-12ed-41ba-ad0c-ff99ba28f4db', '3d2ef306-35c3-486d-a545-51a35bfe08b6', 'LOGIN_FAILED', '::1', 'Mozilla/5.0 (Windows NT 10.0; Win64; x64) AppleWebKit/537.36 (KHTML, like Gecko) Chrome/145.0.0.0 Safari/537.36', '2026-03-06 04:21:22'),
('e8c54859-770e-4cae-953c-fe3b25c50c3a', 'b62b7429-7550-4da5-aa53-be976b8da2f7', 'LOGIN_SUCCESS', '::1', 'Mozilla/5.0 (Windows NT 10.0; Win64; x64) AppleWebKit/537.36 (KHTML, like Gecko) Chrome/144.0.0.0 Safari/537.36', '2026-02-05 10:59:57'),
('e9b23cb8-b935-4d20-8636-3c1ae4d86efa', '217964b7-2332-43d1-be35-c92716920f10', 'LOGIN_SUCCESS', '::1', 'Mozilla/5.0 (Linux; Android 6.0; Nexus 5 Build/MRA58N) AppleWebKit/537.36 (KHTML, like Gecko) Chrome/145.0.0.0 Mobile Safari/537.36', '2026-02-17 00:50:57'),
('eacbacfe-70a4-4cd3-abc9-8a0ca28430bd', '999cf76b-01f9-47fc-b6aa-81f78d533be2', 'LOGIN_SUCCESS', '::ffff:127.0.0.1', 'PostmanRuntime/7.51.1', '2026-02-12 14:40:11'),
('eed8bb0b-8367-4e0f-bda7-b3643a92e941', 'b62b7429-7550-4da5-aa53-be976b8da2f7', 'LOGIN_SUCCESS', '::1', 'Mozilla/5.0 (Windows NT 10.0; Win64; x64) AppleWebKit/537.36 (KHTML, like Gecko) Chrome/143.0.0.0 Safari/537.36', '2026-01-04 22:43:20'),
('f18bfed6-508d-4adb-8d43-156f68c943c9', '3d2ef306-35c3-486d-a545-51a35bfe08b6', 'LOGIN_SUCCESS', '157.15.62.32', 'Mozilla/5.0 (Linux; Android 10; K) AppleWebKit/537.36 (KHTML, like Gecko) Chrome/145.0.0.0 Mobile Safari/537.36', '2026-03-07 00:39:19'),
('f23a338c-b49a-4f5f-a2de-ee0c63f02dbb', 'b62b7429-7550-4da5-aa53-be976b8da2f7', 'LOGIN_SUCCESS', '::1', 'Mozilla/5.0 (Windows NT 10.0; Win64; x64) AppleWebKit/537.36 (KHTML, like Gecko) Chrome/143.0.0.0 Safari/537.36', '2026-01-03 14:21:09'),
('f2b28702-5ece-42e6-86df-54188edf519f', 'd4d759fd-6696-47c3-b3ec-b9b3b3d3f796', 'LOGIN_SUCCESS', '::1', 'Mozilla/5.0 (Windows NT 10.0; Win64; x64) AppleWebKit/537.36 (KHTML, like Gecko) Chrome/145.0.0.0 Safari/537.36', '2026-03-07 21:26:10'),
('f2f8600f-81d8-47dd-a309-06984bfae31b', '999cf76b-01f9-47fc-b6aa-81f78d533be2', 'LOGIN_SUCCESS', '::ffff:127.0.0.1', 'Mozilla/5.0 (Windows NT 10.0; Win64; x64) AppleWebKit/537.36 (KHTML, like Gecko) Chrome/143.0.0.0 Safari/537.36', '2026-01-02 16:08:18'),
('f4f28e0e-a829-4bd2-af51-c46d73e77da5', '217964b7-2332-43d1-be35-c92716920f10', 'LOGIN_SUCCESS', '::1', 'Mozilla/5.0 (Windows NT 10.0; Win64; x64) AppleWebKit/537.36 (KHTML, like Gecko) Chrome/145.0.0.0 Safari/537.36', '2026-02-16 01:55:52'),
('f627b828-7c97-490b-8178-cfa53a36f79a', '999cf76b-01f9-47fc-b6aa-81f78d533be2', 'LOGIN_SUCCESS', '::1', 'Mozilla/5.0 (Windows NT 10.0; Win64; x64) AppleWebKit/537.36 (KHTML, like Gecko) Chrome/143.0.0.0 Safari/537.36', '2026-01-18 16:48:48'),
('f64df322-efb6-401f-8de4-2f787ff9bd6b', 'b62b7429-7550-4da5-aa53-be976b8da2f7', 'LOGIN_SUCCESS', '::ffff:127.0.0.1', 'Mozilla/5.0 (Windows NT 10.0; Win64; x64) AppleWebKit/537.36 (KHTML, like Gecko) Chrome/143.0.0.0 Safari/537.36', '2026-01-02 18:14:52'),
('f6a498c0-00ce-4b0a-882c-68ae438179f5', 'b62b7429-7550-4da5-aa53-be976b8da2f7', 'LOGIN_FAILED', '::1', 'Mozilla/5.0 (Windows NT 10.0; Win64; x64) AppleWebKit/537.36 (KHTML, like Gecko) Chrome/144.0.0.0 Safari/537.36', '2026-02-05 16:29:34'),
('f7452f84-3585-400a-b8f9-b6476aa58254', '999cf76b-01f9-47fc-b6aa-81f78d533be2', 'LOGIN_SUCCESS', '::1', 'Mozilla/5.0 (Windows NT 10.0; Win64; x64) AppleWebKit/537.36 (KHTML, like Gecko) Chrome/144.0.0.0 Safari/537.36', '2026-02-05 11:01:50'),
('f750a8a9-d020-4f0a-a81d-5673d80b6029', '999cf76b-01f9-47fc-b6aa-81f78d533be2', 'LOGIN_SUCCESS', '::ffff:127.0.0.1', 'PostmanRuntime/7.51.0', '2026-01-02 00:23:41'),
('f78378ed-7518-4cc3-addd-16e47b61788d', 'b62b7429-7550-4da5-aa53-be976b8da2f7', 'LOGIN_SUCCESS', '::1', 'Mozilla/5.0 (Windows NT 10.0; Win64; x64) AppleWebKit/537.36 (KHTML, like Gecko) Chrome/143.0.0.0 Safari/537.36', '2026-01-18 16:57:09'),
('f93ff4fc-33f2-4255-9000-3600cff113f0', 'b62b7429-7550-4da5-aa53-be976b8da2f7', 'LOGIN_SUCCESS', '::1', 'Mozilla/5.0 (Windows NT 10.0; Win64; x64) AppleWebKit/537.36 (KHTML, like Gecko) Chrome/144.0.0.0 Safari/537.36', '2026-02-05 11:23:51'),
('f9d2daae-1c6a-4e0c-8372-e823547aea32', '217964b7-2332-43d1-be35-c92716920f10', 'LOGIN_SUCCESS', '::1', 'Mozilla/5.0 (Windows NT 10.0; Win64; x64) AppleWebKit/537.36 (KHTML, like Gecko) Chrome/145.0.0.0 Safari/537.36', '2026-03-06 16:47:00'),
('fb1ed596-a80a-4d41-a966-9fc151791b0c', 'b62b7429-7550-4da5-aa53-be976b8da2f7', 'LOGIN_SUCCESS', '::1', 'Mozilla/5.0 (Windows NT 10.0; Win64; x64) AppleWebKit/537.36 (KHTML, like Gecko) Chrome/143.0.0.0 Safari/537.36', '2026-01-04 23:40:13'),
('fddc7476-32e9-45a3-9813-dc00efef13ce', '52199a96-2434-44e6-b63f-d20f5c46fee8', 'LOGIN_SUCCESS', '::1', 'Mozilla/5.0 (Windows NT 10.0; Win64; x64) AppleWebKit/537.36 (KHTML, like Gecko) Chrome/144.0.0.0 Safari/537.36', '2026-02-05 13:55:17'),
('ff98f90e-49be-40fa-b536-32153e2a0370', 'b62b7429-7550-4da5-aa53-be976b8da2f7', 'LOGIN_SUCCESS', '::1', 'Mozilla/5.0 (Windows NT 10.0; Win64; x64) AppleWebKit/537.36 (KHTML, like Gecko) Chrome/143.0.0.0 Safari/537.36', '2026-01-06 17:11:13');

-- --------------------------------------------------------

--
-- Struktur dari tabel `admin_refresh_tokens`
--

CREATE TABLE `admin_refresh_tokens` (
  `id` char(36) CHARACTER SET utf8mb4 COLLATE utf8mb4_bin NOT NULL DEFAULT uuid(),
  `user_id` char(36) CHARACTER SET utf8mb4 COLLATE utf8mb4_bin DEFAULT NULL,
  `token` text DEFAULT NULL,
  `expires_at` datetime DEFAULT NULL,
  `created_at` datetime DEFAULT NULL
) ENGINE=InnoDB DEFAULT CHARSET=utf8mb4 COLLATE=utf8mb4_general_ci;

--
-- Dumping data untuk tabel `admin_refresh_tokens`
--

INSERT INTO `admin_refresh_tokens` (`id`, `user_id`, `token`, `expires_at`, `created_at`) VALUES
('00f39612-d1bc-4d13-87db-f4e00de59bd2', '217964b7-2332-43d1-be35-c92716920f10', 'eyJhbGciOiJIUzI1NiIsInR5cCI6IkpXVCJ9.eyJpZCI6IjIxNzk2NGI3LTIzMzItNDNkMS1iZTM1LWM5MjcxNjkyMGYxMCIsImVtYWlsIjoicGFlcnVAZ21haWwuY29tIiwibmFtZSI6InBhZXJ1IiwiaW1nIjoiaHR0cDovL2xvY2FsaG9zdDozMDAwL3VwbG9hZHMvaW1hZ2UvMTc3MTM5NzA0OTM2NC04NTM0OTQ0Ni53ZWJwIiwiZ2xvYmFsUm9sZXMiOltdLCJjcmVhdG9yUm9sZXMiOlsiUFJPTU9UT1JfT1dORVIiXSwiY3JlYXRvcl9pZCI6Ijc5ZGEzNjNkLWY1ZGItNDM5OS1hOTM2LWQzNTU3ODg0MDFmNSIsImlhdCI6MTc3Mjc5MjY5OSwiZXhwIjoxNzczMzk3NDk5fQ.HiCVoIcft88czc_JP3wEapP2GqyGOdlrBOeA1xpkMlI', '2026-03-13 17:24:59', '2026-03-06 17:24:59'),
('4fee680c-6ad9-4919-9e45-31b646e0ef61', '3d2ef306-35c3-486d-a545-51a35bfe08b6', 'eyJhbGciOiJIUzI1NiIsInR5cCI6IkpXVCJ9.eyJpZCI6IjNkMmVmMzA2LTM1YzMtNDg2ZC1hNTQ1LTUxYTM1YmZlMDhiNiIsImVtYWlsIjoic2NhbmFkbWluQGdtYWlsLmNvbSIsIm5hbWUiOiJzY2FuIGFkbWluIiwiaW1nIjoiaHR0cHM6Ly9iaW9kZWdyYWRhYmxlLXBhdC1kb3VibHkubmdyb2stZnJlZS5kZXYvdXBsb2Fkcy9pbWFnZS8xNzcyNjk2NTIwMDI3LTIxODgyMTkxMC53ZWJwIiwiZ2xvYmFsUm9sZXMiOltdLCJjcmVhdG9yUm9sZXMiOlsiU0NBTl9TVEFGRiJdLCJjcmVhdG9yX2lkIjoiNzlkYTM2M2QtZjVkYi00Mzk5LWE5MzYtZDM1NTc4ODQwMWY1IiwiaWF0IjoxNzcyODIwNzQ1LCJleHAiOjE3NzM0MjU1NDV9.3IEfx0eqxW0a-1U8JmQMv7YAdzmniUA-Ebblle6Fxpg', '2026-03-14 01:12:25', '2026-03-07 01:12:25'),
('5b029c49-ae70-49f8-a6e0-a6cf9652b203', '3d2ef306-35c3-486d-a545-51a35bfe08b6', 'eyJhbGciOiJIUzI1NiIsInR5cCI6IkpXVCJ9.eyJpZCI6IjNkMmVmMzA2LTM1YzMtNDg2ZC1hNTQ1LTUxYTM1YmZlMDhiNiIsImVtYWlsIjoic2NhbmFkbWluQGdtYWlsLmNvbSIsIm5hbWUiOiJzY2FuIGFkbWluIiwiaW1nIjoiaHR0cHM6Ly9iaW9kZWdyYWRhYmxlLXBhdC1kb3VibHkubmdyb2stZnJlZS5kZXYvdXBsb2Fkcy9pbWFnZS8xNzcyNjk2NTIwMDI3LTIxODgyMTkxMC53ZWJwIiwiZ2xvYmFsUm9sZXMiOltdLCJjcmVhdG9yUm9sZXMiOlsiU0NBTl9TVEFGRiJdLCJjcmVhdG9yX2lkIjoiNzlkYTM2M2QtZjVkYi00Mzk5LWE5MzYtZDM1NTc4ODQwMWY1IiwiaWF0IjoxNzcyODE4NzU5LCJleHAiOjE3NzM0MjM1NTl9.DgdpvWGf5aFrNJInC2WBaLplxqOlrUbSd-3fHD7u69w', '2026-03-14 00:39:19', '2026-03-07 00:39:19'),
('6751ad25-8e63-4a92-a40a-de620baee3a9', '3d2ef306-35c3-486d-a545-51a35bfe08b6', 'eyJhbGciOiJIUzI1NiIsInR5cCI6IkpXVCJ9.eyJpZCI6IjNkMmVmMzA2LTM1YzMtNDg2ZC1hNTQ1LTUxYTM1YmZlMDhiNiIsImVtYWlsIjoic2NhbmFkbWluQGdtYWlsLmNvbSIsIm5hbWUiOiJzY2FuIGFkbWluIiwiaW1nIjoiaHR0cDovL2xvY2FsaG9zdDozMDAwL3VwbG9hZHMvaW1hZ2UvMTc3MjY5NjUyMDAyNy0yMTg4MjE5MTAud2VicCIsImdsb2JhbFJvbGVzIjpbXSwiY3JlYXRvclJvbGVzIjpbIlNDQU5fU1RBRkYiXSwiY3JlYXRvcl9pZCI6Ijc5ZGEzNjNkLWY1ZGItNDM5OS1hOTM2LWQzNTU3ODg0MDFmNSIsImlhdCI6MTc3Mjc5MjY0OSwiZXhwIjoxNzczMzk3NDQ5fQ.hb_VVXnll1qhqmmGIVxZs8yh3zR53W0lsqIuplskZP0', '2026-03-13 17:24:09', '2026-03-06 17:24:09'),
('6eccbd1f-33ef-4d50-aeeb-a93164cf69b7', '217964b7-2332-43d1-be35-c92716920f10', 'eyJhbGciOiJIUzI1NiIsInR5cCI6IkpXVCJ9.eyJpZCI6IjIxNzk2NGI3LTIzMzItNDNkMS1iZTM1LWM5MjcxNjkyMGYxMCIsImVtYWlsIjoicGFlcnVAZ21haWwuY29tIiwibmFtZSI6InBhZXJ1IiwiaW1nIjoiaHR0cHM6Ly9iaW9kZWdyYWRhYmxlLXBhdC1kb3VibHkubmdyb2stZnJlZS5kZXYvdXBsb2Fkcy9pbWFnZS8xNzcxMzk3MDQ5MzY0LTg1MzQ5NDQ2LndlYnAiLCJnbG9iYWxSb2xlcyI6W10sImNyZWF0b3JSb2xlcyI6WyJQUk9NT1RPUl9PV05FUiJdLCJjcmVhdG9yX2lkIjoiNzlkYTM2M2QtZjVkYi00Mzk5LWE5MzYtZDM1NTc4ODQwMWY1IiwiaWF0IjoxNzcyODIwNjA5LCJleHAiOjE3NzM0MjU0MDl9.GCq9C1Sol9rHg01NT0d7TtDAnEX1NbGmF9ri4fRSEqs', '2026-03-14 01:10:09', '2026-03-07 01:10:09'),
('7812c3aa-7178-4cba-865f-d1825c7d1162', '217964b7-2332-43d1-be35-c92716920f10', 'eyJhbGciOiJIUzI1NiIsInR5cCI6IkpXVCJ9.eyJpZCI6IjIxNzk2NGI3LTIzMzItNDNkMS1iZTM1LWM5MjcxNjkyMGYxMCIsImVtYWlsIjoicGFlcnVAZ21haWwuY29tIiwibmFtZSI6InBhZXJ1IiwiaW1nIjoiaHR0cDovL2xvY2FsaG9zdDozMDAwL3VwbG9hZHMvaW1hZ2UvMTc3MTM5NzA0OTM2NC04NTM0OTQ0Ni53ZWJwIiwiZ2xvYmFsUm9sZXMiOltdLCJjcmVhdG9yUm9sZXMiOlsiUFJPTU9UT1JfT1dORVIiXSwiY3JlYXRvcl9pZCI6Ijc5ZGEzNjNkLWY1ZGItNDM5OS1hOTM2LWQzNTU3ODg0MDFmNSIsImlhdCI6MTc3Mjg2MTM0MCwiZXhwIjoxNzczNDY2MTQwfQ.KDzmYNzEPTsQz-GrhEYK_Tpe5iKSGIhFcKUKlj-fq8M', '2026-03-14 12:29:00', '2026-03-07 12:29:00'),
('83be14ae-c450-4809-aedc-06c5b972ea26', '999cf76b-01f9-47fc-b6aa-81f78d533be2', 'eyJhbGciOiJIUzI1NiIsInR5cCI6IkpXVCJ9.eyJpZCI6Ijk5OWNmNzZiLTAxZjktNDdmYy1iNmFhLTgxZjc4ZDUzM2JlMiIsImVtYWlsIjoic3VwZXJhZG1pbkBnbWFpbC5jb20iLCJuYW1lIjoic3VwZXIgYWRtaW4iLCJpbWciOiJodHRwczovL2Jpb2RlZ3JhZGFibGUtcGF0LWRvdWJseS5uZ3Jvay1mcmVlLmRldi91cGxvYWRzL3VzZXJzLzE3NzE0MTg4MDI1NDItNzIxNzQyMzIwLndlYnAiLCJnbG9iYWxSb2xlcyI6WyJTVVBFUkFETUlOIl0sImNyZWF0b3JSb2xlcyI6W10sImNyZWF0b3JfaWQiOm51bGwsImlhdCI6MTc3MjkxNDMxMSwiZXhwIjoxNzczNTE5MTExfQ.B8VnJHXA7Td3cHDGTReoeQY1_snWo6XDqKKGv2IWXxQ', '2026-03-15 03:11:51', '2026-03-08 03:11:51'),
('910937e0-c26a-4e24-9a11-8e5c1256830d', '3d2ef306-35c3-486d-a545-51a35bfe08b6', 'eyJhbGciOiJIUzI1NiIsInR5cCI6IkpXVCJ9.eyJpZCI6IjNkMmVmMzA2LTM1YzMtNDg2ZC1hNTQ1LTUxYTM1YmZlMDhiNiIsImVtYWlsIjoic2NhbmFkbWluQGdtYWlsLmNvbSIsIm5hbWUiOiJzY2FuIGFkbWluIiwiaW1nIjoiaHR0cDovL2xvY2FsaG9zdDozMDAwL3VwbG9hZHMvaW1hZ2UvMTc3MjY5NjUyMDAyNy0yMTg4MjE5MTAud2VicCIsImdsb2JhbFJvbGVzIjpbXSwiY3JlYXRvclJvbGVzIjpbIlNDQU5fU1RBRkYiXSwiY3JlYXRvcl9pZCI6Ijc5ZGEzNjNkLWY1ZGItNDM5OS1hOTM2LWQzNTU3ODg0MDFmNSIsImlhdCI6MTc3Mjc5Mjc2NywiZXhwIjoxNzczMzk3NTY3fQ.gNcs4DZOW7LK3QhcLy-cFOpCr7y60ZS5rCKHoodxxK4', '2026-03-13 17:26:07', '2026-03-06 17:26:07'),
('9696400f-ff22-497d-88e5-2a0a9807eee7', '3d2ef306-35c3-486d-a545-51a35bfe08b6', 'eyJhbGciOiJIUzI1NiIsInR5cCI6IkpXVCJ9.eyJpZCI6IjNkMmVmMzA2LTM1YzMtNDg2ZC1hNTQ1LTUxYTM1YmZlMDhiNiIsImVtYWlsIjoic2NhbmFkbWluQGdtYWlsLmNvbSIsIm5hbWUiOiJzY2FuIGFkbWluIiwiaW1nIjoiaHR0cHM6Ly9iaW9kZWdyYWRhYmxlLXBhdC1kb3VibHkubmdyb2stZnJlZS5kZXYvdXBsb2Fkcy9pbWFnZS8xNzcyNjk2NTIwMDI3LTIxODgyMTkxMC53ZWJwIiwiZ2xvYmFsUm9sZXMiOltdLCJjcmVhdG9yUm9sZXMiOlsiU0NBTl9TVEFGRiJdLCJjcmVhdG9yX2lkIjoiNzlkYTM2M2QtZjVkYi00Mzk5LWE5MzYtZDM1NTc4ODQwMWY1IiwiaWF0IjoxNzcyODAzNzk3LCJleHAiOjE3NzM0MDg1OTd9.aR2UrpLyqKnvB76vOXSCK22Yd_glcpfKzxcY5lPYLPQ', '2026-03-13 20:29:57', '2026-03-06 20:29:57'),
('98a9bc92-7659-4529-95c8-43bd29f37eca', '3d2ef306-35c3-486d-a545-51a35bfe08b6', 'eyJhbGciOiJIUzI1NiIsInR5cCI6IkpXVCJ9.eyJpZCI6IjNkMmVmMzA2LTM1YzMtNDg2ZC1hNTQ1LTUxYTM1YmZlMDhiNiIsImVtYWlsIjoic2NhbmFkbWluQGdtYWlsLmNvbSIsIm5hbWUiOiJzY2FuIGFkbWluIiwiaW1nIjoiaHR0cHM6Ly9iaW9kZWdyYWRhYmxlLXBhdC1kb3VibHkubmdyb2stZnJlZS5kZXYvdXBsb2Fkcy9pbWFnZS8xNzcyNjk2NTIwMDI3LTIxODgyMTkxMC53ZWJwIiwiZ2xvYmFsUm9sZXMiOltdLCJjcmVhdG9yUm9sZXMiOlsiU0NBTl9TVEFGRiJdLCJjcmVhdG9yX2lkIjoiNzlkYTM2M2QtZjVkYi00Mzk5LWE5MzYtZDM1NTc4ODQwMWY1IiwiaWF0IjoxNzcyODIwNjk4LCJleHAiOjE3NzM0MjU0OTh9.iv0acATvaFEzuR8Av15odQGNLovmjA5YVumxAQY4bSI', '2026-03-14 01:11:38', '2026-03-07 01:11:38'),
('a69b6e16-9e62-4475-948a-424f5793211e', '3d2ef306-35c3-486d-a545-51a35bfe08b6', 'eyJhbGciOiJIUzI1NiIsInR5cCI6IkpXVCJ9.eyJpZCI6IjNkMmVmMzA2LTM1YzMtNDg2ZC1hNTQ1LTUxYTM1YmZlMDhiNiIsImVtYWlsIjoic2NhbmFkbWluQGdtYWlsLmNvbSIsIm5hbWUiOiJzY2FuIGFkbWluIiwiaW1nIjoiaHR0cDovL2xvY2FsaG9zdDozMDAwL3VwbG9hZHMvaW1hZ2UvMTc3MjY5NjUyMDAyNy0yMTg4MjE5MTAud2VicCIsImdsb2JhbFJvbGVzIjpbXSwiY3JlYXRvclJvbGVzIjpbIlNDQU5fU1RBRkYiXSwiY3JlYXRvcl9pZCI6Ijc5ZGEzNjNkLWY1ZGItNDM5OS1hOTM2LWQzNTU3ODg0MDFmNSIsImlhdCI6MTc3Mjc5MjkwMywiZXhwIjoxNzczMzk3NzAzfQ.lEnXjMUHnCzyfLEeuMr65Lzl_dRVMXipDNh7mwEy2lw', '2026-03-13 17:28:23', '2026-03-06 17:28:23'),
('b19798a3-a6ef-4480-97fd-b9cb598f5578', 'd4d759fd-6696-47c3-b3ec-b9b3b3d3f796', 'eyJhbGciOiJIUzI1NiIsInR5cCI6IkpXVCJ9.eyJpZCI6ImQ0ZDc1OWZkLTY2OTYtNDdjMy1iM2VjLWI5YjNiM2QzZjc5NiIsImVtYWlsIjoidGVzdDExMkBnbWFpbC5jb20iLCJuYW1lIjoidGVzdCIsImltZyI6Imh0dHA6Ly9sb2NhbGhvc3Q6MzAwMC91cGxvYWRzL2ltYWdlLzE3NzE3NDIyNzAyOTAtOTY5MTMzMTE4LndlYnAiLCJnbG9iYWxSb2xlcyI6W10sImNyZWF0b3JSb2xlcyI6WyJQUk9NT1RPUl9PV05FUiJdLCJjcmVhdG9yX2lkIjoiOWFhMGE4YmQtOTM1OC00Y2Y2LWJjMDAtYTEyMzE0MTFkNTJmIiwiaWF0IjoxNzcyOTEzNzU0LCJleHAiOjE3NzM1MTg1NTR9.3VWExXP1OUAqzA9OKSubbg9YFErNU-kwhhfMfOyO-jk', '2026-03-15 03:02:34', '2026-03-08 03:02:34'),
('c57f6986-1712-4dcd-975c-24afd463f14e', '217964b7-2332-43d1-be35-c92716920f10', 'eyJhbGciOiJIUzI1NiIsInR5cCI6IkpXVCJ9.eyJpZCI6IjIxNzk2NGI3LTIzMzItNDNkMS1iZTM1LWM5MjcxNjkyMGYxMCIsImVtYWlsIjoicGFlcnVAZ21haWwuY29tIiwibmFtZSI6InBhZXJ1IiwiaW1nIjoiaHR0cDovL2xvY2FsaG9zdDozMDAwL3VwbG9hZHMvaW1hZ2UvMTc3MTM5NzA0OTM2NC04NTM0OTQ0Ni53ZWJwIiwiZ2xvYmFsUm9sZXMiOltdLCJjcmVhdG9yUm9sZXMiOlsiUFJPTU9UT1JfT1dORVIiXSwiY3JlYXRvcl9pZCI6Ijc5ZGEzNjNkLWY1ZGItNDM5OS1hOTM2LWQzNTU3ODg0MDFmNSIsImlhdCI6MTc3Mjg2MDc1NSwiZXhwIjoxNzczNDY1NTU1fQ.9qCdObJkDBK5tfaJImtfAs2a9c_VGybmRU4IWVILbFU', '2026-03-14 12:19:15', '2026-03-07 12:19:15'),
('d2498764-60f2-425f-8858-6c1ab972c40f', '217964b7-2332-43d1-be35-c92716920f10', 'eyJhbGciOiJIUzI1NiIsInR5cCI6IkpXVCJ9.eyJpZCI6IjIxNzk2NGI3LTIzMzItNDNkMS1iZTM1LWM5MjcxNjkyMGYxMCIsImVtYWlsIjoicGFlcnVAZ21haWwuY29tIiwibmFtZSI6InBhZXJ1IiwiaW1nIjoiaHR0cHM6Ly9iaW9kZWdyYWRhYmxlLXBhdC1kb3VibHkubmdyb2stZnJlZS5kZXYvdXBsb2Fkcy9pbWFnZS8xNzcxMzk3MDQ5MzY0LTg1MzQ5NDQ2LndlYnAiLCJnbG9iYWxSb2xlcyI6W10sImNyZWF0b3JSb2xlcyI6WyJQUk9NT1RPUl9PV05FUiJdLCJjcmVhdG9yX2lkIjoiNzlkYTM2M2QtZjVkYi00Mzk5LWE5MzYtZDM1NTc4ODQwMWY1IiwiaWF0IjoxNzcyOTUwODY0LCJleHAiOjE3NzM1NTU2NjR9.tE6gevqgYzLivNAiG9mSE3bgSe81OWmVnrpoWrB4AfY', '2026-03-15 13:21:04', '2026-03-08 13:21:04'),
('dea358ee-fdf8-4a33-9529-a0cae2f98625', '3d2ef306-35c3-486d-a545-51a35bfe08b6', 'eyJhbGciOiJIUzI1NiIsInR5cCI6IkpXVCJ9.eyJpZCI6IjNkMmVmMzA2LTM1YzMtNDg2ZC1hNTQ1LTUxYTM1YmZlMDhiNiIsImVtYWlsIjoic2NhbmFkbWluQGdtYWlsLmNvbSIsIm5hbWUiOiJzY2FuIGFkbWluIiwiaW1nIjoiaHR0cHM6Ly9iaW9kZWdyYWRhYmxlLXBhdC1kb3VibHkubmdyb2stZnJlZS5kZXYvdXBsb2Fkcy9pbWFnZS8xNzcyNjk2NTIwMDI3LTIxODgyMTkxMC53ZWJwIiwiZ2xvYmFsUm9sZXMiOltdLCJjcmVhdG9yUm9sZXMiOlsiU0NBTl9TVEFGRiJdLCJjcmVhdG9yX2lkIjoiNzlkYTM2M2QtZjVkYi00Mzk5LWE5MzYtZDM1NTc4ODQwMWY1IiwiaWF0IjoxNzcyODE4MzcyLCJleHAiOjE3NzM0MjMxNzJ9.0po-b0_bNln8o1v0TiYMgQAAIZdm7zCFPnH1fOOXwuw', '2026-03-14 00:32:52', '2026-03-07 00:32:52'),
('e71a0e4a-acbe-4844-8be8-bc30d39691a6', '3d2ef306-35c3-486d-a545-51a35bfe08b6', 'eyJhbGciOiJIUzI1NiIsInR5cCI6IkpXVCJ9.eyJpZCI6IjNkMmVmMzA2LTM1YzMtNDg2ZC1hNTQ1LTUxYTM1YmZlMDhiNiIsImVtYWlsIjoic2NhbmFkbWluQGdtYWlsLmNvbSIsIm5hbWUiOiJzY2FuIGFkbWluIiwiaW1nIjoiaHR0cHM6Ly9iaW9kZWdyYWRhYmxlLXBhdC1kb3VibHkubmdyb2stZnJlZS5kZXYvdXBsb2Fkcy9pbWFnZS8xNzcyNjk2NTIwMDI3LTIxODgyMTkxMC53ZWJwIiwiZ2xvYmFsUm9sZXMiOltdLCJjcmVhdG9yUm9sZXMiOlsiU0NBTl9TVEFGRiJdLCJjcmVhdG9yX2lkIjoiNzlkYTM2M2QtZjVkYi00Mzk5LWE5MzYtZDM1NTc4ODQwMWY1IiwiaWF0IjoxNzcyODAzODU2LCJleHAiOjE3NzM0MDg2NTZ9.D4LlIVeonFM6QFEuYGXFdttCfGXoz-Z_RIsH-xOnm60', '2026-03-13 20:30:56', '2026-03-06 20:30:56'),
('ed04aa7e-b246-4ce6-bb40-233cbb9bb198', '3d2ef306-35c3-486d-a545-51a35bfe08b6', 'eyJhbGciOiJIUzI1NiIsInR5cCI6IkpXVCJ9.eyJpZCI6IjNkMmVmMzA2LTM1YzMtNDg2ZC1hNTQ1LTUxYTM1YmZlMDhiNiIsImVtYWlsIjoic2NhbmFkbWluQGdtYWlsLmNvbSIsIm5hbWUiOiJzY2FuIGFkbWluIiwiaW1nIjoiaHR0cHM6Ly9iaW9kZWdyYWRhYmxlLXBhdC1kb3VibHkubmdyb2stZnJlZS5kZXYvdXBsb2Fkcy9pbWFnZS8xNzcyNjk2NTIwMDI3LTIxODgyMTkxMC53ZWJwIiwiZ2xvYmFsUm9sZXMiOltdLCJjcmVhdG9yUm9sZXMiOlsiU0NBTl9TVEFGRiJdLCJjcmVhdG9yX2lkIjoiNzlkYTM2M2QtZjVkYi00Mzk5LWE5MzYtZDM1NTc4ODQwMWY1IiwiaWF0IjoxNzcyODA0MjA5LCJleHAiOjE3NzM0MDkwMDl9.peohfl8S8x-Pii5PFOGC_pg8G--t1IV7oxzfQviVH-U', '2026-03-13 20:36:49', '2026-03-06 20:36:49'),
('f1e2b740-c480-4ef7-9edb-562177869b0a', '217964b7-2332-43d1-be35-c92716920f10', 'eyJhbGciOiJIUzI1NiIsInR5cCI6IkpXVCJ9.eyJpZCI6IjIxNzk2NGI3LTIzMzItNDNkMS1iZTM1LWM5MjcxNjkyMGYxMCIsImVtYWlsIjoicGFlcnVAZ21haWwuY29tIiwibmFtZSI6InBhZXJ1IiwiaW1nIjoiaHR0cDovL2xvY2FsaG9zdDozMDAwL3VwbG9hZHMvaW1hZ2UvMTc3MTM5NzA0OTM2NC04NTM0OTQ0Ni53ZWJwIiwiZ2xvYmFsUm9sZXMiOltdLCJjcmVhdG9yUm9sZXMiOlsiUFJPTU9UT1JfT1dORVIiXSwiY3JlYXRvcl9pZCI6Ijc5ZGEzNjNkLWY1ZGItNDM5OS1hOTM2LWQzNTU3ODg0MDFmNSIsImlhdCI6MTc3Mjc5MTY3MSwiZXhwIjoxNzczMzk2NDcxfQ.Cmrx9ieuPCHLOqHDozcsBQ0yj9NMi92R_wptWNwIGNg', '2026-03-13 17:07:51', '2026-03-06 17:07:51'),
('f45d465f-279f-47ee-984f-5f2285d581d0', '3d2ef306-35c3-486d-a545-51a35bfe08b6', 'eyJhbGciOiJIUzI1NiIsInR5cCI6IkpXVCJ9.eyJpZCI6IjNkMmVmMzA2LTM1YzMtNDg2ZC1hNTQ1LTUxYTM1YmZlMDhiNiIsImVtYWlsIjoic2NhbmFkbWluQGdtYWlsLmNvbSIsIm5hbWUiOiJzY2FuIGFkbWluIiwiaW1nIjoiaHR0cHM6Ly9iaW9kZWdyYWRhYmxlLXBhdC1kb3VibHkubmdyb2stZnJlZS5kZXYvdXBsb2Fkcy9pbWFnZS8xNzcyNjk2NTIwMDI3LTIxODgyMTkxMC53ZWJwIiwiZ2xvYmFsUm9sZXMiOltdLCJjcmVhdG9yUm9sZXMiOlsiU0NBTl9TVEFGRiJdLCJjcmVhdG9yX2lkIjoiNzlkYTM2M2QtZjVkYi00Mzk5LWE5MzYtZDM1NTc4ODQwMWY1IiwiaWF0IjoxNzcyODAzNzAyLCJleHAiOjE3NzM0MDg1MDJ9.sdSBsB25qE6B2ktvVmAS5T5KNAqRMn_23MCL5zbRC6c', '2026-03-13 20:28:22', '2026-03-06 20:28:22'),
('ffde1206-3288-4db1-bd73-56756097906d', '3d2ef306-35c3-486d-a545-51a35bfe08b6', 'eyJhbGciOiJIUzI1NiIsInR5cCI6IkpXVCJ9.eyJpZCI6IjNkMmVmMzA2LTM1YzMtNDg2ZC1hNTQ1LTUxYTM1YmZlMDhiNiIsImVtYWlsIjoic2NhbmFkbWluQGdtYWlsLmNvbSIsIm5hbWUiOiJzY2FuIGFkbWluIiwiaW1nIjoiaHR0cHM6Ly9iaW9kZWdyYWRhYmxlLXBhdC1kb3VibHkubmdyb2stZnJlZS5kZXYvdXBsb2Fkcy9pbWFnZS8xNzcyNjk2NTIwMDI3LTIxODgyMTkxMC53ZWJwIiwiZ2xvYmFsUm9sZXMiOltdLCJjcmVhdG9yUm9sZXMiOlsiU0NBTl9TVEFGRiJdLCJjcmVhdG9yX2lkIjoiNzlkYTM2M2QtZjVkYi00Mzk5LWE5MzYtZDM1NTc4ODQwMWY1IiwiaWF0IjoxNzcyODAzNzQzLCJleHAiOjE3NzM0MDg1NDN9.qb2c8XmiVQ1tSh3rocI-mjVuI2PCQUFba5QvptOxiDQ', '2026-03-13 20:29:03', '2026-03-06 20:29:03');

-- --------------------------------------------------------

--
-- Struktur dari tabel `banners`
--

CREATE TABLE `banners` (
  `id` char(36) CHARACTER SET utf8mb4 COLLATE utf8mb4_bin NOT NULL DEFAULT uuid(),
  `author_id` char(36) CHARACTER SET utf8mb4 COLLATE utf8mb4_bin NOT NULL,
  `name` varchar(150) NOT NULL,
  `image_banner` text DEFAULT NULL,
  `link` text DEFAULT NULL,
  `is_active` tinyint(1) NOT NULL DEFAULT 1,
  `created_at` datetime NOT NULL,
  `updated_at` datetime NOT NULL,
  `deleted_at` datetime DEFAULT NULL
) ENGINE=InnoDB DEFAULT CHARSET=utf8mb4 COLLATE=utf8mb4_general_ci;

--
-- Dumping data untuk tabel `banners`
--

INSERT INTO `banners` (`id`, `author_id`, `name`, `image_banner`, `link`, `is_active`, `created_at`, `updated_at`, `deleted_at`) VALUES
('60078c79-7d3b-4dd2-84d2-48134e31d4fc', '999cf76b-01f9-47fc-b6aa-81f78d533be2', 'banner 2', '/uploads/banners/1771594850668-511743844.webp', '', 1, '2026-01-17 18:09:08', '2026-02-20 20:40:50', NULL),
('8b9d66c9-5a16-4efb-9795-f5262510d0df', '999cf76b-01f9-47fc-b6aa-81f78d533be2', 'banner 2', '/uploads/banners/1768648099519-212315123.webp', '', 1, '2026-01-17 18:07:47', '2026-01-17 18:08:29', '2026-01-17 18:08:29'),
('ba7d7f1a-72e2-4b89-a17d-0ddd8455c222', '999cf76b-01f9-47fc-b6aa-81f78d533be2', 'bgf 1', '/uploads/banners/1771416958791-893992369.webp', 'huisdhi hsduh dshsd hsdh suidh d', 1, '2026-01-17 18:13:49', '2026-02-20 12:03:15', NULL),
('cf20f773-5607-4829-a5be-31db494a47db', '999cf76b-01f9-47fc-b6aa-81f78d533be2', 'gfdg', '/uploads/banners/1771515031908-244287112.webp', '', 1, '2026-02-19 22:30:32', '2026-02-19 22:30:40', '2026-02-19 22:30:40'),
('ffd9a819-f7ab-432d-a1d0-1ed93b379658', '999cf76b-01f9-47fc-b6aa-81f78d533be2', 'banner 1', '/uploads/banners/1771417332554-189154412.webp', '#', 1, '2026-01-17 18:08:51', '2026-02-18 19:22:12', NULL);

-- --------------------------------------------------------

--
-- Struktur dari tabel `creators`
--

CREATE TABLE `creators` (
  `id` char(36) CHARACTER SET utf8mb4 COLLATE utf8mb4_bin NOT NULL DEFAULT uuid(),
  `owner_user_id` char(36) NOT NULL,
  `name` varchar(150) NOT NULL,
  `slug` text NOT NULL,
  `image` text DEFAULT NULL,
  `social_link` longtext CHARACTER SET utf8mb4 COLLATE utf8mb4_bin DEFAULT NULL CHECK (json_valid(`social_link`)),
  `created_at` datetime NOT NULL,
  `updated_at` datetime NOT NULL,
  `deleted_at` datetime DEFAULT NULL
) ENGINE=InnoDB DEFAULT CHARSET=utf8mb4 COLLATE=utf8mb4_general_ci;

--
-- Dumping data untuk tabel `creators`
--

INSERT INTO `creators` (`id`, `owner_user_id`, `name`, `slug`, `image`, `social_link`, `created_at`, `updated_at`, `deleted_at`) VALUES
('09ecb52b-0cdf-423a-99c5-8dd6118e7971', '7f3b5d6c-5d26-4b16-a7d8-f117d7544eb5', 'new test', 'new-test', NULL, NULL, '2026-02-16 19:59:44', '2026-02-16 19:59:44', NULL),
('453edd49-8e09-4418-a062-9dba57af9e04', '440d27ba-1f0d-4f87-9dc0-7466fade2864', 'new test', 'new-test', NULL, NULL, '2026-02-16 19:55:10', '2026-02-16 19:55:10', NULL),
('57e0fe5d-78e2-42ca-a6c1-f934e7416910', '999cf76b-01f9-47fc-b6aa-81f78d533be2', 'pt. dirgantara indonesia update', 'pt-dirgantara-indonesia-update', '/uploads/creators/1766480684578-950643659.webp', NULL, '2025-12-23 15:58:35', '2025-12-23 16:09:49', '2025-12-23 16:09:49'),
('5d632395-87f2-4c9d-bb55-575f6ac60f46', '999cf76b-01f9-47fc-b6aa-81f78d533be2', 'synchronize fest', 'synchronize-fest', '/uploads/creators/1766480736007-676559765.webp', NULL, '2025-12-23 16:05:36', '2025-12-23 16:05:36', NULL),
('79da363d-f5db-4399-a936-d355788401f5', '217964b7-2332-43d1-be35-c92716920f10', 'name fest 1', 'name-fest-1', '/uploads/creators/1771764997216-376290135.webp', '{\"youtube\":\"Valovadinata\"}', '2026-02-10 15:03:20', '2026-02-22 19:56:37', NULL),
('9aa0a8bd-9358-4cf6-bc00-a1231411d52f', 'd4d759fd-6696-47c3-b3ec-b9b3b3d3f796', 'pestapora', 'pestapora', '/uploads/creators/1772893602126-593479408.webp', '{}', '2026-02-16 20:03:16', '2026-03-07 21:26:42', NULL);

-- --------------------------------------------------------

--
-- Struktur dari tabel `creator_bank_accounts`
--

CREATE TABLE `creator_bank_accounts` (
  `id` char(36) CHARACTER SET utf8mb4 COLLATE utf8mb4_bin NOT NULL DEFAULT uuid(),
  `creator_id` char(36) CHARACTER SET utf8mb4 COLLATE utf8mb4_bin NOT NULL,
  `bank_code` varchar(20) NOT NULL,
  `bank_name` varchar(120) NOT NULL,
  `account_number` varchar(50) NOT NULL,
  `account_holder_name` varchar(120) NOT NULL,
  `is_verified` tinyint(1) DEFAULT 0,
  `created_at` datetime DEFAULT NULL,
  `updated_at` datetime DEFAULT NULL,
  `deleted_at` datetime DEFAULT NULL
) ENGINE=InnoDB DEFAULT CHARSET=utf8mb4 COLLATE=utf8mb4_general_ci;

--
-- Dumping data untuk tabel `creator_bank_accounts`
--

INSERT INTO `creator_bank_accounts` (`id`, `creator_id`, `bank_code`, `bank_name`, `account_number`, `account_holder_name`, `is_verified`, `created_at`, `updated_at`, `deleted_at`) VALUES
('241f81ae-16e3-11f1-9e0f-74d02b4698cd', '79da363d-f5db-4399-a936-d355788401f5', 'BRI', 'BRI', '057901064634501', 'HERU PRATAMA', 1, NULL, NULL, NULL);

-- --------------------------------------------------------

--
-- Struktur dari tabel `creator_documents`
--

CREATE TABLE `creator_documents` (
  `id` char(36) CHARACTER SET utf8mb4 COLLATE utf8mb4_bin NOT NULL DEFAULT uuid(),
  `creator_id` char(36) CHARACTER SET utf8mb4 COLLATE utf8mb4_bin NOT NULL,
  `ktp_number` varchar(50) DEFAULT NULL,
  `ktp_image` text DEFAULT NULL,
  `npwp_number` varchar(50) DEFAULT NULL,
  `npwp_image` text DEFAULT NULL,
  `legal_type` varchar(50) DEFAULT NULL,
  `legal_name` varchar(150) DEFAULT NULL,
  `legal_doc` text DEFAULT NULL,
  `additional_docs` longtext CHARACTER SET utf8mb4 COLLATE utf8mb4_bin DEFAULT NULL CHECK (json_valid(`additional_docs`)),
  `created_at` datetime DEFAULT NULL,
  `updated_at` datetime DEFAULT NULL,
  `deleted_at` datetime DEFAULT NULL
) ENGINE=InnoDB DEFAULT CHARSET=utf8mb4 COLLATE=utf8mb4_general_ci;

-- --------------------------------------------------------

--
-- Struktur dari tabel `creator_finance_settings`
--

CREATE TABLE `creator_finance_settings` (
  `id` char(36) CHARACTER SET utf8mb4 COLLATE utf8mb4_bin NOT NULL DEFAULT uuid(),
  `creator_id` char(36) CHARACTER SET utf8mb4 COLLATE utf8mb4_bin NOT NULL,
  `admin_fee_type` enum('flat','percent') NOT NULL,
  `admin_fee_value` decimal(18,2) NOT NULL,
  `created_at` datetime DEFAULT NULL,
  `updated_at` datetime DEFAULT NULL
) ENGINE=InnoDB DEFAULT CHARSET=utf8mb4 COLLATE=utf8mb4_general_ci;

--
-- Dumping data untuk tabel `creator_finance_settings`
--

INSERT INTO `creator_finance_settings` (`id`, `creator_id`, `admin_fee_type`, `admin_fee_value`, `created_at`, `updated_at`) VALUES
('0f949105-b7d2-4482-9514-7886221b42e5', '79da363d-f5db-4399-a936-d355788401f5', 'flat', 10000.00, '2026-02-25 16:19:20', '2026-02-26 13:09:23'),
('21b9c6ee-91db-45ca-887a-0c8a606f7a87', '9aa0a8bd-9358-4cf6-bc00-a1231411d52f', 'flat', 12000.00, '2026-02-25 16:19:03', '2026-02-25 16:22:16'),
('72f471d0-2821-4d8a-b78e-bdf1d7dd0aa3', '5d632395-87f2-4c9d-bb55-575f6ac60f46', 'percent', 5.00, '2026-02-26 00:44:18', '2026-02-26 00:44:18');

-- --------------------------------------------------------

--
-- Struktur dari tabel `creator_financials`
--

CREATE TABLE `creator_financials` (
  `id` char(36) CHARACTER SET utf8mb4 COLLATE utf8mb4_bin NOT NULL DEFAULT uuid(),
  `creator_id` char(36) CHARACTER SET utf8mb4 COLLATE utf8mb4_bin NOT NULL,
  `total_income` decimal(15,2) DEFAULT 0.00,
  `total_payout` decimal(15,2) DEFAULT 0.00,
  `current_balance` decimal(15,2) DEFAULT 0.00,
  `pending_income` decimal(15,2) DEFAULT 0.00,
  `updated_at` datetime DEFAULT NULL,
  `created_at` datetime DEFAULT NULL
) ENGINE=InnoDB DEFAULT CHARSET=utf8mb4 COLLATE=utf8mb4_general_ci;

--
-- Dumping data untuk tabel `creator_financials`
--

INSERT INTO `creator_financials` (`id`, `creator_id`, `total_income`, `total_payout`, `current_balance`, `pending_income`, `updated_at`, `created_at`) VALUES
('5de4a4b2-1df4-483d-80b4-c61dc1f10330', '79da363d-f5db-4399-a936-d355788401f5', 3926400.00, 0.00, 3926400.00, 0.00, '2026-03-08 16:38:29', '2026-03-03 16:23:46');

-- --------------------------------------------------------

--
-- Struktur dari tabel `creator_user_members`
--

CREATE TABLE `creator_user_members` (
  `id` char(36) CHARACTER SET utf8mb4 COLLATE utf8mb4_bin NOT NULL DEFAULT uuid(),
  `creator_id` char(36) CHARACTER SET utf8mb4 COLLATE utf8mb4_bin DEFAULT NULL,
  `user_id` char(36) CHARACTER SET utf8mb4 COLLATE utf8mb4_bin DEFAULT NULL,
  `role_id` char(36) CHARACTER SET utf8mb4 COLLATE utf8mb4_bin DEFAULT NULL,
  `created_at` datetime NOT NULL,
  `updated_at` datetime NOT NULL
) ENGINE=InnoDB DEFAULT CHARSET=utf8mb4 COLLATE=utf8mb4_general_ci;

--
-- Dumping data untuk tabel `creator_user_members`
--

INSERT INTO `creator_user_members` (`id`, `creator_id`, `user_id`, `role_id`, `created_at`, `updated_at`) VALUES
('1f6f0ecf-af98-4fee-9647-b383192c3051', '79da363d-f5db-4399-a936-d355788401f5', '3d2ef306-35c3-486d-a545-51a35bfe08b6', '6b9ea609-d37b-11f0-9521-1cb72c0737b7', '2026-02-17 19:38:54', '2026-02-17 19:38:54'),
('4965df0d-6309-4ccc-9a71-814a0c5afca6', '9aa0a8bd-9358-4cf6-bc00-a1231411d52f', 'd4d759fd-6696-47c3-b3ec-b9b3b3d3f796', 'c1f5ee27-057a-11f1-a9d5-1cb72c0737b7', '2026-02-16 20:03:16', '2026-02-16 20:03:16'),
('881e3d0d-f3a1-4c4a-86a8-387c0415123f', '79da363d-f5db-4399-a936-d355788401f5', '32aa631c-e79b-44ab-bed5-c2bcf5a5cff6', '6b9ea51c-d37b-11f0-9521-1cb72c0737b7', '2026-02-17 19:11:15', '2026-02-17 19:11:15'),
('d68b3bbd-187b-412f-be93-dffe84d90e07', '79da363d-f5db-4399-a936-d355788401f5', '217964b7-2332-43d1-be35-c92716920f10', 'c1f5ee27-057a-11f1-a9d5-1cb72c0737b7', '2026-02-10 15:03:20', '2026-02-10 15:03:20');

-- --------------------------------------------------------

--
-- Struktur dari tabel `customer_users`
--

CREATE TABLE `customer_users` (
  `id` char(36) CHARACTER SET utf8mb4 COLLATE utf8mb4_bin NOT NULL DEFAULT uuid(),
  `full_name` varchar(255) DEFAULT NULL,
  `email` varchar(255) NOT NULL,
  `phone` varchar(255) DEFAULT NULL,
  `photo_url` varchar(255) DEFAULT NULL,
  `created_at` datetime NOT NULL DEFAULT current_timestamp(),
  `updated_at` datetime NOT NULL DEFAULT current_timestamp(),
  `deleted_at` datetime DEFAULT NULL
) ENGINE=InnoDB DEFAULT CHARSET=utf8mb4 COLLATE=utf8mb4_general_ci;

--
-- Dumping data untuk tabel `customer_users`
--

INSERT INTO `customer_users` (`id`, `full_name`, `email`, `phone`, `photo_url`, `created_at`, `updated_at`, `deleted_at`) VALUES
('72ae8583-8b2b-4c7e-8303-317a306a93f3', 'iugiugk', 'putavubi@gmail.com', NULL, NULL, '2026-03-08 12:24:05', '2026-03-08 12:24:05', NULL),
('8b40176f-6d3a-46ba-880e-7070664453a2', 'ghb82816', 'ghb82816@gmail.com', NULL, NULL, '2025-12-12 10:55:38', '2025-12-12 10:55:38', NULL),
('bb74631c-de77-4608-a347-e2fa9e011aa7', 'baskoro', 'admin@admin.com', '87654323768', NULL, '2026-03-07 16:15:41', '2026-03-07 16:15:41', NULL);

-- --------------------------------------------------------

--
-- Struktur dari tabel `events`
--

CREATE TABLE `events` (
  `id` char(36) CHARACTER SET utf8mb4 COLLATE utf8mb4_bin NOT NULL DEFAULT uuid(),
  `creator_id` char(36) CHARACTER SET utf8mb4 COLLATE utf8mb4_bin NOT NULL,
  `kategori_id` char(36) CHARACTER SET utf8mb4 COLLATE utf8mb4_bin NOT NULL,
  `user_id` char(36) CHARACTER SET utf8mb4 COLLATE utf8mb4_bin NOT NULL,
  `name` varchar(150) NOT NULL,
  `slug` text NOT NULL,
  `deskripsi` text DEFAULT NULL,
  `sk` text DEFAULT NULL,
  `date_start` date DEFAULT NULL,
  `date_end` date DEFAULT NULL,
  `time_start` time DEFAULT NULL,
  `time_end` time DEFAULT NULL,
  `timezone` varchar(5) DEFAULT NULL,
  `status` enum('draft','published','ended') NOT NULL DEFAULT 'draft',
  `image` text DEFAULT NULL,
  `layout_venue` text DEFAULT NULL,
  `map` text DEFAULT NULL,
  `province` varchar(255) DEFAULT NULL,
  `district` varchar(255) DEFAULT NULL,
  `location` varchar(255) DEFAULT NULL,
  `keywords` text DEFAULT NULL,
  `lowest_price` decimal(15,2) NOT NULL,
  `total_ticket_sold` bigint(20) DEFAULT NULL,
  `social_link` text DEFAULT NULL,
  `created_at` datetime NOT NULL,
  `updated_at` datetime NOT NULL,
  `deleted_at` datetime DEFAULT NULL
) ENGINE=InnoDB DEFAULT CHARSET=utf8mb4 COLLATE=utf8mb4_general_ci;

--
-- Dumping data untuk tabel `events`
--

INSERT INTO `events` (`id`, `creator_id`, `kategori_id`, `user_id`, `name`, `slug`, `deskripsi`, `sk`, `date_start`, `date_end`, `time_start`, `time_end`, `timezone`, `status`, `image`, `layout_venue`, `map`, `province`, `district`, `location`, `keywords`, `lowest_price`, `total_ticket_sold`, `social_link`, `created_at`, `updated_at`, `deleted_at`) VALUES
('3dc6df65-90b4-4f7d-ac6b-84d0c331e5ab', '79da363d-f5db-4399-a936-d355788401f5', 'a8f16796-f6cf-4968-b463-76f2c88d047b', '217964b7-2332-43d1-be35-c92716920f10', '62 sound', '62-sound', '<p>rgreg</p>', '<p>gregrf</p>', '2026-03-07', '2026-03-07', '15:00:00', '21:00:00', 'WIB', 'published', '/uploads/events/1772193097145-884746112.webp', NULL, '', 'Jawa Timur', 'Kabupaten Malang', 'kanjuruhan', 'gggrfe,gregr', 50000.00, NULL, '{\"instagram\":\"\",\"tiktok\":\"\",\"facebook\":\"\",\"youtube\":\"\",\"website\":\"\"}', '2026-02-27 18:51:37', '2026-03-08 16:38:29', NULL),
('829b5b1c-5a64-4d4e-b946-f2efa8b6a1ed', '79da363d-f5db-4399-a936-d355788401f5', '99f51e58-0084-4783-8f9c-c61257463322', '217964b7-2332-43d1-be35-c92716920f10', 'gbfbhgf', 'gbfbhgf', '<p>gtrfghrtf</p>', '<p>htrfhtg</p>', '2026-03-21', '2026-03-21', '17:02:00', '19:02:00', 'WIB', 'published', '/uploads/events/1772359384440-724089085.webp', NULL, '', 'Aceh', 'Kabupaten Aceh Barat', 'hfgtf', 'htrftg,tgtfrhtr,grfhy', 25000.00, NULL, '{\"instagram\":\"\",\"tiktok\":\"\",\"facebook\":\"\",\"youtube\":\"\",\"website\":\"\"}', '2026-03-01 17:03:04', '2026-03-01 17:03:04', NULL),
('9053e0f9-f747-49c9-888a-754036d2c2a9', '79da363d-f5db-4399-a936-d355788401f5', '99f51e58-0084-4783-8f9c-c61257463322', '217964b7-2332-43d1-be35-c92716920f10', 'grdrf', 'grdrf', '<p>gdgrf</p><ul class=\"list-disc ml-6\"><li><p>fjsnkjf</p></li><li><p>grdf </p></li><li><p>ghdfghrtf</p></li></ul><p></p>', '<p>gdrffr</p><ol class=\"list-decimal ml-6\"><li><p><strong><em>fsdfgdgh</em></strong></p></li><li><p><em>rhdgrf</em></p></li><li><p><strong>grfg</strong></p></li></ol><p></p>', '2026-03-28', '2026-03-28', '17:04:00', '19:04:00', 'WIB', 'published', '/uploads/events/1772359508005-576172108.webp', NULL, '', 'Aceh', 'Kabupaten Aceh Barat', 'gbdrgf', 'gdfgb,grdf', 65465.00, NULL, '{\"instagram\":\"\",\"tiktok\":\"\",\"facebook\":\"\",\"youtube\":\"\",\"website\":\"\"}', '2026-03-01 17:05:08', '2026-03-03 15:45:42', NULL),
('9398b3ae-2856-4647-9770-ce11351aa44e', '79da363d-f5db-4399-a936-d355788401f5', '99f51e58-0084-4783-8f9c-c61257463322', '217964b7-2332-43d1-be35-c92716920f10', 'jfj', 'jfj', '<p>hgtfgh</p>', '<p>jfghg</p>', '2026-03-14', '2026-03-14', '16:58:00', '18:58:00', 'WIB', 'published', '/uploads/events/1772359171832-309306959.webp', NULL, '', 'Aceh', 'Kabupaten Aceh Barat', 'jtfgjgy', 'fgh,ghjgy', 50000.00, NULL, '{\"instagram\":\"\",\"tiktok\":\"\",\"facebook\":\"\",\"youtube\":\"\",\"website\":\"\"}', '2026-03-01 16:59:31', '2026-03-01 16:59:31', NULL),
('f9f12d0a-c6db-4ac5-aeb5-a89706350c2f', '79da363d-f5db-4399-a936-d355788401f5', 'a8f16796-f6cf-4968-b463-76f2c88d047b', '217964b7-2332-43d1-be35-c92716920f10', 'buzz youth fest', 'buzz-youth-fest', '<p>gyuguygui</p>', '<p>gdgfgfg</p>', '2026-03-28', '2026-03-28', '19:30:00', '22:45:00', 'WIB', 'published', '/uploads/events/1772358414015-768207331.webp', '/uploads/events/1772616181307-924958768.webp', 'https://maps.google.com/', 'Jawa Timur', 'Kota Malang', 'lapangan rampal', 'gdrg,fghtfj,gksdfj,fsdhfjksdn,hfksjhnjckld,hdksjfjd,hfsdjfije,jhfehnf', 40000.00, NULL, '{\"instagram\":\"https://instagram.com/paeru.u\",\"tiktok\":\"https://tiktok.com/paeru.u\",\"facebook\":\"https://facebook.com/paeru.u\",\"youtube\":\"https://youtube.com/@paeru.u\",\"website\":\"https://instagram.com\"}', '2026-03-01 16:46:54', '2026-03-08 13:25:54', NULL),
('fc9424e6-9be9-4abe-aa59-2a6d5653936e', '79da363d-f5db-4399-a936-d355788401f5', 'a8f16796-f6cf-4968-b463-76f2c88d047b', '217964b7-2332-43d1-be35-c92716920f10', 'sound 62', 'sound-62', '<p>gfgtgft</p>', '<p>gtfgtf</p>', '2026-03-21', '2026-03-21', '19:02:00', '22:02:00', 'WIB', 'draft', '/uploads/events/1772885060598-192490572.webp', NULL, '', 'Aceh', 'Kabupaten Aceh Barat', 'fdz', 'fgrtr,grstg', 50000.00, NULL, '{\"instagram\":\"\",\"tiktok\":\"\",\"facebook\":\"\",\"youtube\":\"\",\"website\":\"\"}', '2026-03-07 19:04:20', '2026-03-07 19:04:20', NULL);

-- --------------------------------------------------------

--
-- Struktur dari tabel `event_fasilitas`
--

CREATE TABLE `event_fasilitas` (
  `id` char(36) CHARACTER SET utf8mb4 COLLATE utf8mb4_bin NOT NULL DEFAULT uuid(),
  `event_id` char(36) CHARACTER SET utf8mb4 COLLATE utf8mb4_bin NOT NULL,
  `fasilitas_id` char(36) CHARACTER SET utf8mb4 COLLATE utf8mb4_bin NOT NULL,
  `created_at` datetime NOT NULL,
  `updated_at` datetime NOT NULL
) ENGINE=InnoDB DEFAULT CHARSET=utf8mb4 COLLATE=utf8mb4_general_ci;

--
-- Dumping data untuk tabel `event_fasilitas`
--

INSERT INTO `event_fasilitas` (`id`, `event_id`, `fasilitas_id`, `created_at`, `updated_at`) VALUES
('7cfda417-f7cb-4764-933d-8e7659cb5b6a', 'f9f12d0a-c6db-4ac5-aeb5-a89706350c2f', '66148b9e-66cf-46bc-88d3-778c98332f2f', '2026-03-04 16:25:23', '2026-03-04 16:25:23'),
('b8275034-ad6a-4940-b443-220e73f0c371', 'f9f12d0a-c6db-4ac5-aeb5-a89706350c2f', 'f0ae9aa9-b359-4832-b1f9-97a7f56de576', '2026-03-04 16:25:29', '2026-03-04 16:25:29'),
('d532caf3-831f-4cf4-8989-a3a81674935a', 'f9f12d0a-c6db-4ac5-aeb5-a89706350c2f', '2607f0b9-9787-4483-b566-587590b8a3a9', '2026-03-04 16:30:28', '2026-03-04 16:30:28');

-- --------------------------------------------------------

--
-- Struktur dari tabel `event_staff_assignments`
--

CREATE TABLE `event_staff_assignments` (
  `id` char(36) CHARACTER SET utf8mb4 COLLATE utf8mb4_bin NOT NULL DEFAULT uuid(),
  `creator_id` char(36) CHARACTER SET utf8mb4 COLLATE utf8mb4_bin NOT NULL,
  `event_id` char(36) CHARACTER SET utf8mb4 COLLATE utf8mb4_bin NOT NULL,
  `user_id` char(36) CHARACTER SET utf8mb4 COLLATE utf8mb4_bin NOT NULL,
  `assigned_gate` varchar(100) NOT NULL,
  `role` enum('scanner','gate_admin') DEFAULT 'scanner',
  `status` enum('pending','accepted','rejected') DEFAULT 'pending',
  `is_active` tinyint(1) DEFAULT 1,
  `accepted_at` datetime DEFAULT NULL,
  `created_by` char(36) CHARACTER SET utf8mb4 COLLATE utf8mb4_bin DEFAULT NULL,
  `created_at` datetime NOT NULL,
  `updated_at` datetime NOT NULL
) ENGINE=InnoDB DEFAULT CHARSET=utf8mb4 COLLATE=utf8mb4_general_ci;

--
-- Dumping data untuk tabel `event_staff_assignments`
--

INSERT INTO `event_staff_assignments` (`id`, `creator_id`, `event_id`, `user_id`, `assigned_gate`, `role`, `status`, `is_active`, `accepted_at`, `created_by`, `created_at`, `updated_at`) VALUES
('08fcd78f-fb47-40d7-ae5f-6b770ae61ab2', '79da363d-f5db-4399-a936-d355788401f5', 'f9f12d0a-c6db-4ac5-aeb5-a89706350c2f', '3d2ef306-35c3-486d-a545-51a35bfe08b6', 'Gate A', 'scanner', 'accepted', 1, '2026-03-05 15:15:53', '217964b7-2332-43d1-be35-c92716920f10', '2026-03-05 14:38:21', '2026-03-05 15:15:53'),
('c93ed290-f8b8-484d-9e65-d13cf6d75ea7', '79da363d-f5db-4399-a936-d355788401f5', '3dc6df65-90b4-4f7d-ac6b-84d0c331e5ab', '3d2ef306-35c3-486d-a545-51a35bfe08b6', 'Gate B', 'scanner', 'accepted', 1, '2026-03-05 15:24:05', '217964b7-2332-43d1-be35-c92716920f10', '2026-03-05 15:16:39', '2026-03-05 15:24:05');

-- --------------------------------------------------------

--
-- Struktur dari tabel `fasilitas`
--

CREATE TABLE `fasilitas` (
  `id` char(36) CHARACTER SET utf8mb4 COLLATE utf8mb4_bin NOT NULL DEFAULT uuid(),
  `author_id` char(36) CHARACTER SET utf8mb4 COLLATE utf8mb4_bin NOT NULL,
  `name` varchar(255) NOT NULL,
  `icon` text NOT NULL,
  `created_at` datetime NOT NULL,
  `updated_at` datetime NOT NULL
) ENGINE=InnoDB DEFAULT CHARSET=utf8mb4 COLLATE=utf8mb4_general_ci;

--
-- Dumping data untuk tabel `fasilitas`
--

INSERT INTO `fasilitas` (`id`, `author_id`, `name`, `icon`, `created_at`, `updated_at`) VALUES
('2607f0b9-9787-4483-b566-587590b8a3a9', '999cf76b-01f9-47fc-b6aa-81f78d533be2', 'Photo Booth', '/uploads/icons/1771595312198-484399890.webp', '2026-02-20 20:48:32', '2026-02-20 20:48:32'),
('66148b9e-66cf-46bc-88d3-778c98332f2f', '999cf76b-01f9-47fc-b6aa-81f78d533be2', 'Musholla', '/uploads/icons/1771595261494-793074711.webp', '2026-02-20 20:47:41', '2026-02-20 20:47:41'),
('f0ae9aa9-b359-4832-b1f9-97a7f56de576', '999cf76b-01f9-47fc-b6aa-81f78d533be2', 'Toilet', '/uploads/icons/1771595228425-490255378.webp', '2026-02-20 20:38:46', '2026-02-20 20:47:08');

-- --------------------------------------------------------

--
-- Struktur dari tabel `guest_stars`
--

CREATE TABLE `guest_stars` (
  `id` char(36) CHARACTER SET utf8mb4 COLLATE utf8mb4_bin NOT NULL DEFAULT uuid(),
  `event_id` char(36) CHARACTER SET utf8mb4 COLLATE utf8mb4_bin DEFAULT NULL,
  `name` varchar(255) DEFAULT NULL,
  `image` text DEFAULT NULL,
  `created_at` datetime NOT NULL,
  `updated_at` datetime NOT NULL
) ENGINE=InnoDB DEFAULT CHARSET=utf8mb4 COLLATE=utf8mb4_general_ci;

--
-- Dumping data untuk tabel `guest_stars`
--

INSERT INTO `guest_stars` (`id`, `event_id`, `name`, `image`, `created_at`, `updated_at`) VALUES
('07d16a84-8346-427b-a5c9-8e2f4f13f109', 'f9f12d0a-c6db-4ac5-aeb5-a89706350c2f', 'sheila on 7', '/uploads/guest-stars/1772616249459-340590858.webp', '2026-03-04 16:24:09', '2026-03-04 16:24:09'),
('0816ba21-bb3e-447a-a93a-f389cb4f3b54', 'f9f12d0a-c6db-4ac5-aeb5-a89706350c2f', 'slank', '/uploads/guest-stars/1772616215234-542302807.webp', '2026-03-04 16:23:35', '2026-03-04 16:23:35');

-- --------------------------------------------------------

--
-- Struktur dari tabel `kategoris`
--

CREATE TABLE `kategoris` (
  `id` char(36) CHARACTER SET utf8mb4 COLLATE utf8mb4_bin NOT NULL DEFAULT uuid(),
  `user_id` char(36) CHARACTER SET utf8mb4 COLLATE utf8mb4_bin NOT NULL,
  `name` varchar(150) NOT NULL,
  `slug` text NOT NULL,
  `description` text DEFAULT NULL,
  `keywords` text DEFAULT NULL,
  `image` text DEFAULT NULL,
  `created_at` datetime NOT NULL,
  `updated_at` datetime NOT NULL
) ENGINE=InnoDB DEFAULT CHARSET=utf8mb4 COLLATE=utf8mb4_general_ci;

--
-- Dumping data untuk tabel `kategoris`
--

INSERT INTO `kategoris` (`id`, `user_id`, `name`, `slug`, `description`, `keywords`, `image`, `created_at`, `updated_at`) VALUES
('2eb5abb5-3520-4e2e-aa42-f11892d69414', '999cf76b-01f9-47fc-b6aa-81f78d533be2', 'theaterfsdf dsad', 'theaterfsdf-dsad', 'theater di ruang tertutup', 'theather, musik, kategori musik, tiket konser, tiket online', '/uploads/kategoris/1766390589362-982311618.webp', '2025-12-22 08:03:09', '2025-12-22 08:03:09'),
('6152539f-ec79-4c82-9f51-6702a5ecb773', '999cf76b-01f9-47fc-b6aa-81f78d533be2', 'theater 1', 'theater-1', 'theater di ruang tertutup', 'theather,musik,kategori musik,tiket konser,tiket online', '/uploads/kategoris/1766390551931-945958872.webp', '2025-12-22 08:02:32', '2026-02-19 22:03:13'),
('99f51e58-0084-4783-8f9c-c61257463322', '999cf76b-01f9-47fc-b6aa-81f78d533be2', 'jfgjhy gdf', 'jfgjhy-gdf', '<p>jythyt</p>', 'tyjt,yjtyjhn', '/uploads/kategoris/1771508933610-756634840.webp', '2026-02-19 20:48:53', '2026-02-19 20:49:01'),
('a8f16796-f6cf-4968-b463-76f2c88d047b', '999cf76b-01f9-47fc-b6aa-81f78d533be2', 'reggae 1', 'reggae-1', '<p>fsdfsdfd</p>', 'gfgf,hffffffg,dfgdfgd,fgfhgfh,dffgf,hfgfhg,gffghgf,ghfghfg,ghfhgfg,fghfghf,gfhfhfg,ghgffg', '/uploads/kategoris/1771437023703-139818894.webp', '2026-02-19 00:50:23', '2026-02-19 02:45:39'),
('d7765f78-9d7f-4bd1-ae5b-61f5f85309a4', '999cf76b-01f9-47fc-b6aa-81f78d533be2', 'theaterfsdf dsad fsdf 1', 'theaterfsdf-dsad-fsdf-1', 'theater di ruang tertutup', 'theather, musik, kategori musik, tiket konser, tiket online', '/uploads/kategoris/1766401552498-92601011.webp', '2025-12-22 18:05:52', '2026-02-19 00:07:41');

-- --------------------------------------------------------

--
-- Struktur dari tabel `orders`
--

CREATE TABLE `orders` (
  `id` char(36) CHARACTER SET utf8mb4 COLLATE utf8mb4_bin NOT NULL DEFAULT uuid(),
  `creator_id` char(36) NOT NULL,
  `code_order` varchar(50) NOT NULL,
  `customer_id` char(36) CHARACTER SET utf8mb4 COLLATE utf8mb4_bin DEFAULT NULL,
  `customer_name` varchar(255) DEFAULT NULL,
  `customer_email` varchar(255) DEFAULT NULL,
  `customer_phone` varchar(255) DEFAULT NULL,
  `type_identity` varchar(255) DEFAULT NULL,
  `no_identity` varchar(255) DEFAULT NULL,
  `ticket_subtotal` decimal(15,2) DEFAULT 0.00,
  `admin_fee_amount` decimal(15,2) DEFAULT 0.00,
  `tax_amount` decimal(15,2) DEFAULT 0.00,
  `buyer_pay_total` decimal(15,2) DEFAULT 0.00,
  `organizer_net_total` decimal(15,2) DEFAULT 0.00,
  `admin_fee_bearer` enum('buyer','organizer','mixed') NOT NULL DEFAULT 'buyer',
  `tax_bearer` enum('buyer','organizer','mixed') NOT NULL DEFAULT 'buyer',
  `status` enum('pending','waiting_payment','paid','expired','canceled') DEFAULT 'pending',
  `payment_method` varchar(255) DEFAULT NULL,
  `expired_at` datetime DEFAULT NULL,
  `created_at` datetime DEFAULT NULL,
  `updated_at` datetime DEFAULT NULL
) ENGINE=InnoDB DEFAULT CHARSET=utf8mb4 COLLATE=utf8mb4_general_ci;

--
-- Dumping data untuk tabel `orders`
--

INSERT INTO `orders` (`id`, `creator_id`, `code_order`, `customer_id`, `customer_name`, `customer_email`, `customer_phone`, `type_identity`, `no_identity`, `ticket_subtotal`, `admin_fee_amount`, `tax_amount`, `buyer_pay_total`, `organizer_net_total`, `admin_fee_bearer`, `tax_bearer`, `status`, `payment_method`, `expired_at`, `created_at`, `updated_at`) VALUES
('02f20a09-0361-4e97-930f-9039bbdc73d8', '79da363d-f5db-4399-a936-d355788401f5', '2603070925-YFO5', '8b40176f-6d3a-46ba-880e-7070664453a2', 'baskoro', 'ghb82816@gmail.com', '87654323768', 'KTP', '3512345678901234', 80000.00, 20000.00, 9600.00, 80000.00, 50400.00, 'organizer', 'organizer', 'expired', NULL, '2026-03-07 16:40:46', '2026-03-07 16:25:46', '2026-03-07 19:00:00'),
('0656c988-60e2-4932-a3bd-23571826e85c', '79da363d-f5db-4399-a936-d355788401f5', '2603071528-1WUK', '8b40176f-6d3a-46ba-880e-7070664453a2', 'paeru 2', 'ghb82816@gmail.com', '081234567890', 'KTP', '3579010101010001', 175000.00, 30000.00, 21000.00, 226000.00, 175000.00, 'buyer', 'buyer', 'paid', NULL, '2026-03-07 22:43:12', '2026-03-07 22:28:12', '2026-03-07 22:29:26'),
('06d22330-a32c-4474-97d6-21109e967cd5', '79da363d-f5db-4399-a936-d355788401f5', '2603070922-O6CR', 'bb74631c-de77-4608-a347-e2fa9e011aa7', 'baskoro', 'admin@admin.com', '87654323768', 'KTP', '3512345678901234', 80000.00, 20000.00, 9600.00, 80000.00, 50400.00, 'organizer', 'organizer', 'expired', NULL, '2026-03-07 16:37:52', '2026-03-07 16:22:52', '2026-03-07 19:00:00'),
('09719778-42c5-40e8-a929-b19e2e83b319', '79da363d-f5db-4399-a936-d355788401f5', '2603080301-GUCP', '8b40176f-6d3a-46ba-880e-7070664453a2', 'paeru 2', 'ghb82816@gmail.com', '081234567890', 'KTP', '3579010101010001', 50000.00, 10000.00, 6000.00, 66000.00, 50000.00, 'buyer', 'buyer', 'paid', NULL, '2026-03-08 10:16:30', '2026-03-08 10:01:30', '2026-03-08 10:02:06'),
('0b28320a-14cf-4e99-8a6c-906120819882', '79da363d-f5db-4399-a936-d355788401f5', '2603071825-0BAC', '8b40176f-6d3a-46ba-880e-7070664453a2', 'paeru 2', 'ghb82816@gmail.com', '081234567890', 'KTP', '3579010101010001', 50000.00, 10000.00, 6000.00, 66000.00, 50000.00, 'buyer', 'buyer', 'paid', NULL, '2026-03-08 01:40:53', '2026-03-08 01:25:53', '2026-03-08 01:26:41'),
('0c030f0b-43d8-4540-bb0c-956f9c794f9d', '79da363d-f5db-4399-a936-d355788401f5', '2603080336-O66H', '8b40176f-6d3a-46ba-880e-7070664453a2', 'paeru 2', 'ghb82816@gmail.com', '081234567890', 'KTP', '3579010101010001', 50000.00, 10000.00, 6000.00, 66000.00, 50000.00, 'buyer', 'buyer', 'paid', NULL, '2026-03-08 10:51:21', '2026-03-08 10:36:21', '2026-03-08 10:36:54'),
('1007ad8a-caf2-48da-9b5b-c3dab0b21e2b', '79da363d-f5db-4399-a936-d355788401f5', '2603080352-R8Y8', '8b40176f-6d3a-46ba-880e-7070664453a2', 'paeru 2', 'ghb82816@gmail.com', '081234567890', 'KTP', '3579010101010001', 50000.00, 10000.00, 6000.00, 66000.00, 50000.00, 'buyer', 'buyer', 'paid', NULL, '2026-03-08 11:07:17', '2026-03-08 10:52:17', '2026-03-08 10:52:52'),
('1690ce6e-7c7a-4046-ada6-660b975c08f7', '79da363d-f5db-4399-a936-d355788401f5', '2603070737-WKSX', '8b40176f-6d3a-46ba-880e-7070664453a2', 'paeru 2', 'ghb82816@gmail.com', '081234567890', 'KTP', '3579010101010001', 175000.00, 30000.00, 21000.00, 226000.00, 175000.00, 'buyer', 'buyer', 'paid', NULL, '2026-03-07 14:52:42', '2026-03-07 14:37:42', '2026-03-07 14:38:20'),
('1ac348a6-268e-46bd-9ff7-de857ceebf5e', '79da363d-f5db-4399-a936-d355788401f5', '2603080524-SV8P', '72ae8583-8b2b-4c7e-8303-317a306a93f3', 'iugiugk', 'putavubi@gmail.com', NULL, 'KTP', '3512345678901234', 125000.00, 20000.00, 15000.00, 160000.00, 125000.00, 'buyer', 'buyer', 'expired', NULL, '2026-03-08 12:39:06', '2026-03-08 12:24:06', '2026-03-08 12:40:00'),
('1c3d0b5a-bc0e-41fd-a7a1-d6eb52a986fe', '79da363d-f5db-4399-a936-d355788401f5', '2603060923-4V19', '8b40176f-6d3a-46ba-880e-7070664453a2', 'paeru 2', 'ghb82816@gmail.com', '081234567890', 'KTP', '3579010101010001', 175000.00, 30000.00, 21000.00, 226000.00, 175000.00, 'buyer', 'buyer', 'paid', NULL, '2026-03-06 16:38:03', '2026-03-06 16:23:03', '2026-03-06 16:23:42'),
('229d7afe-06c9-4440-98c9-aeb39a2e4418', '79da363d-f5db-4399-a936-d355788401f5', '2603071548-RR17', '8b40176f-6d3a-46ba-880e-7070664453a2', 'paeru 2', 'ghb82816@gmail.com', '081234567890', 'KTP', '3579010101010001', 50000.00, 10000.00, 6000.00, 66000.00, 50000.00, 'buyer', 'buyer', 'paid', NULL, '2026-03-07 23:03:10', '2026-03-07 22:48:10', '2026-03-07 22:48:46'),
('242ee7e6-299b-4861-9b29-2fa487f13f66', '79da363d-f5db-4399-a936-d355788401f5', '2603060831-NMOB', '8b40176f-6d3a-46ba-880e-7070664453a2', 'paeru 2', 'ghb82816@gmail.com', '081234567890', 'KTP', '3579010101010001', 175000.00, 30000.00, 21000.00, 226000.00, 175000.00, 'buyer', 'buyer', 'paid', NULL, '2026-03-06 15:46:22', '2026-03-06 15:31:22', '2026-03-06 15:31:56'),
('2aeb73fb-7db9-4e72-86df-8069fe4b9d18', '79da363d-f5db-4399-a936-d355788401f5', '2603080937-FJJL', '8b40176f-6d3a-46ba-880e-7070664453a2', 'paeru 2', 'ghb82816@gmail.com', '081234567890', 'KTP', '3579010101010001', 50000.00, 10000.00, 6000.00, 66000.00, 50000.00, 'buyer', 'buyer', 'paid', NULL, '2026-03-08 16:52:40', '2026-03-08 16:37:40', '2026-03-08 16:38:29'),
('3072713c-2e4d-4bc2-811c-48f07fd42fb9', '79da363d-f5db-4399-a936-d355788401f5', '2603080609-6FZ2', '72ae8583-8b2b-4c7e-8303-317a306a93f3', 'baskoro', 'putavubi@gmail.com', '888888888888888', 'KTP', '3512345678901234', 125000.00, 20000.00, 15000.00, 160000.00, 125000.00, 'buyer', 'buyer', 'expired', NULL, '2026-03-08 13:24:00', '2026-03-08 13:09:00', '2026-03-08 15:40:00'),
('354ba917-57f3-45ba-ba48-f5244c123398', '79da363d-f5db-4399-a936-d355788401f5', '2603080551-KJ6X', '72ae8583-8b2b-4c7e-8303-317a306a93f3', 'baskoro', 'putavubi@gmail.com', '87654323768', 'KTP', '3512345678901234', 125000.00, 20000.00, 15000.00, 160000.00, 125000.00, 'buyer', 'buyer', 'paid', NULL, '2026-03-08 13:06:59', '2026-03-08 12:51:59', '2026-03-08 12:53:13'),
('37e3470e-1afc-46d9-a0c7-e76487cc5d48', '79da363d-f5db-4399-a936-d355788401f5', '2603080424-T0YZ', '8b40176f-6d3a-46ba-880e-7070664453a2', 'paeru 2', 'ghb82816@gmail.com', '081234567890', 'KTP', '3579010101010001', 50000.00, 10000.00, 6000.00, 66000.00, 50000.00, 'buyer', 'buyer', 'paid', NULL, '2026-03-08 11:39:51', '2026-03-08 11:24:52', '2026-03-08 11:25:40'),
('3dddde8d-2ead-4b9a-b8af-e1f16601f622', '79da363d-f5db-4399-a936-d355788401f5', '2603060706-4GQL', '8b40176f-6d3a-46ba-880e-7070664453a2', 'paeru 2', 'ghb82816@gmail.com', '081234567890', 'KTP', '3579010101010001', 175000.00, 30000.00, 21000.00, 226000.00, 175000.00, 'buyer', 'buyer', 'paid', NULL, '2026-03-06 14:21:29', '2026-03-06 14:06:29', '2026-03-06 14:18:54'),
('40849507-8a4a-4d49-b28f-4e9707981cc5', '79da363d-f5db-4399-a936-d355788401f5', '2603070652-OOU5', '8b40176f-6d3a-46ba-880e-7070664453a2', 'paeru 2', 'ghb82816@gmail.com', '081234567890', 'KTP', '3579010101010001', 175000.00, 30000.00, 21000.00, 226000.00, 175000.00, 'buyer', 'buyer', 'paid', NULL, '2026-03-07 14:07:36', '2026-03-07 13:52:36', '2026-03-07 13:53:53'),
('446d25d2-a7c3-45c8-8df5-f6413a157225', '79da363d-f5db-4399-a936-d355788401f5', '2603060901-05HG', '8b40176f-6d3a-46ba-880e-7070664453a2', 'paeru 2', 'ghb82816@gmail.com', '081234567890', 'KTP', '3579010101010001', 175000.00, 30000.00, 21000.00, 226000.00, 175000.00, 'buyer', 'buyer', 'paid', NULL, '2026-03-06 16:16:47', '2026-03-06 16:01:47', '2026-03-06 16:02:35'),
('4515f592-23e5-41f3-a3e8-0980c87f7226', '79da363d-f5db-4399-a936-d355788401f5', '2603071943-COCU', '8b40176f-6d3a-46ba-880e-7070664453a2', 'paeru 2', 'ghb82816@gmail.com', '081234567890', 'KTP', '3579010101010001', 50000.00, 10000.00, 6000.00, 66000.00, 50000.00, 'buyer', 'buyer', 'paid', NULL, '2026-03-08 02:58:58', '2026-03-08 02:43:58', '2026-03-08 02:46:18'),
('4827ca55-3549-4ddb-9cb8-3ba9a7da5d75', '79da363d-f5db-4399-a936-d355788401f5', '2603070915-P9MU', 'bb74631c-de77-4608-a347-e2fa9e011aa7', 'baskoro', 'admin@admin.com', '87654323768', 'KTP', '3512345678901234', 80000.00, 20000.00, 9600.00, 80000.00, 50400.00, 'organizer', 'organizer', 'expired', NULL, '2026-03-07 16:30:41', '2026-03-07 16:15:41', '2026-03-07 16:35:00'),
('49b22528-01a6-4699-9c86-c7bc4588667f', '79da363d-f5db-4399-a936-d355788401f5', '2603080920-AIZ2', '8b40176f-6d3a-46ba-880e-7070664453a2', 'paeru 2', 'ghb82816@gmail.com', '081234567890', 'KTP', '3579010101010001', 50000.00, 10000.00, 6000.00, 66000.00, 50000.00, 'buyer', 'buyer', 'paid', NULL, '2026-03-08 16:35:39', '2026-03-08 16:20:39', '2026-03-08 16:22:12'),
('4a5a4f21-ced5-4f8b-a0b9-7a7db2f1f678', '79da363d-f5db-4399-a936-d355788401f5', '2603080546-KXPU', '8b40176f-6d3a-46ba-880e-7070664453a2', 'paeru 2', 'ghb82816@gmail.com', '081234567890', 'KTP', '3579010101010001', 50000.00, 10000.00, 6000.00, 66000.00, 50000.00, 'buyer', 'buyer', 'expired', NULL, '2026-03-08 13:01:31', '2026-03-08 12:46:31', '2026-03-08 13:05:00'),
('501da0ab-e589-422d-9318-7d3415a2e7e5', '79da363d-f5db-4399-a936-d355788401f5', '2603080532-Y1K7', '72ae8583-8b2b-4c7e-8303-317a306a93f3', 'iugiugk', 'putavubi@gmail.com', NULL, 'KTP', '3512345678901234', 125000.00, 20000.00, 15000.00, 160000.00, 125000.00, 'buyer', 'buyer', 'expired', NULL, '2026-03-08 12:47:47', '2026-03-08 12:32:47', '2026-03-08 12:50:00'),
('547686ae-f04a-401a-b547-81eac5de3912', '79da363d-f5db-4399-a936-d355788401f5', '2603080550-I9L5', '8b40176f-6d3a-46ba-880e-7070664453a2', 'paeru 2', 'ghb82816@gmail.com', '081234567890', 'KTP', '3579010101010001', 50000.00, 10000.00, 6000.00, 66000.00, 50000.00, 'buyer', 'buyer', 'expired', NULL, '2026-03-08 13:05:54', '2026-03-08 12:50:54', '2026-03-08 13:10:00'),
('549f4f97-0865-4274-a3db-63fca513bf1f', '79da363d-f5db-4399-a936-d355788401f5', '2603080408-WSRI', '8b40176f-6d3a-46ba-880e-7070664453a2', 'paeru 2', 'ghb82816@gmail.com', '081234567890', 'KTP', '3579010101010001', 50000.00, 10000.00, 6000.00, 66000.00, 50000.00, 'buyer', 'buyer', 'paid', NULL, '2026-03-08 11:23:28', '2026-03-08 11:08:28', '2026-03-08 11:09:05'),
('54cc2c59-4c2f-4b3b-a36d-425f0bf1b117', '79da363d-f5db-4399-a936-d355788401f5', '2603080541-3JMB', '8b40176f-6d3a-46ba-880e-7070664453a2', 'paeru 2', 'ghb82816@gmail.com', '081234567890', 'KTP', '3579010101010001', 50000.00, 10000.00, 6000.00, 66000.00, 50000.00, 'buyer', 'buyer', 'expired', NULL, '2026-03-08 12:56:53', '2026-03-08 12:41:53', '2026-03-08 13:00:00'),
('59e92422-64f1-4401-a7a3-e76a7fbc3c09', '79da363d-f5db-4399-a936-d355788401f5', '2603060820-TKUV', '8b40176f-6d3a-46ba-880e-7070664453a2', 'paeru 2', 'ghb82816@gmail.com', '081234567890', 'KTP', '3579010101010001', 175000.00, 30000.00, 21000.00, 226000.00, 175000.00, 'buyer', 'buyer', 'paid', NULL, '2026-03-06 15:35:21', '2026-03-06 15:20:21', '2026-03-06 15:20:58'),
('68a0ef4c-8230-4419-8de7-d36c966b573e', '79da363d-f5db-4399-a936-d355788401f5', '2603031812-I2IX', '8b40176f-6d3a-46ba-880e-7070664453a2', 'paeru 2', 'ghb82816@gmail.com', '081234567890', 'KTP', '3579010101010001', 80000.00, 20000.00, 9600.00, 80000.00, 50400.00, 'organizer', 'organizer', 'paid', NULL, '2026-03-04 01:27:31', '2026-03-04 01:12:31', '2026-03-04 01:13:33'),
('6fcd5f05-82e5-4fbd-a19b-a06ff50e0331', '79da363d-f5db-4399-a936-d355788401f5', '2603080341-53CK', '8b40176f-6d3a-46ba-880e-7070664453a2', 'paeru 2', 'ghb82816@gmail.com', '081234567890', 'KTP', '3579010101010001', 50000.00, 10000.00, 6000.00, 66000.00, 50000.00, 'buyer', 'buyer', 'paid', NULL, '2026-03-08 10:56:42', '2026-03-08 10:41:42', '2026-03-08 10:42:17'),
('76947810-0932-41e8-b313-7dff37476f8f', '79da363d-f5db-4399-a936-d355788401f5', '2603071835-0UAW', '8b40176f-6d3a-46ba-880e-7070664453a2', 'paeru 2', 'ghb82816@gmail.com', '081234567890', 'KTP', '3579010101010001', 50000.00, 10000.00, 6000.00, 66000.00, 50000.00, 'buyer', 'buyer', 'expired', NULL, '2026-03-08 01:50:17', '2026-03-08 01:35:17', '2026-03-08 01:55:00'),
('7b0bd527-ef46-4599-9d0c-eab2b65cfe3e', '79da363d-f5db-4399-a936-d355788401f5', '2603080534-853J', '8b40176f-6d3a-46ba-880e-7070664453a2', 'paeru 2', 'ghb82816@gmail.com', '081234567890', 'KTP', '3579010101010001', 50000.00, 10000.00, 6000.00, 66000.00, 50000.00, 'buyer', 'buyer', 'paid', NULL, '2026-03-08 12:49:05', '2026-03-08 12:34:05', '2026-03-08 12:51:32'),
('7c0e07d8-7150-4df1-b09c-723aedc2d1b9', '79da363d-f5db-4399-a936-d355788401f5', '2603060839-10ON', '8b40176f-6d3a-46ba-880e-7070664453a2', 'paeru 2', 'ghb82816@gmail.com', '081234567890', 'KTP', '3579010101010001', 175000.00, 30000.00, 21000.00, 226000.00, 175000.00, 'buyer', 'buyer', 'paid', NULL, '2026-03-06 15:54:17', '2026-03-06 15:39:17', '2026-03-06 15:39:48'),
('7df6ed08-bc44-4c7b-85ff-4de29ff531c3', '79da363d-f5db-4399-a936-d355788401f5', '2603080527-QVTA', '72ae8583-8b2b-4c7e-8303-317a306a93f3', 'iugiugk', 'putavubi@gmail.com', NULL, 'KTP', '3512345678901234', 125000.00, 20000.00, 15000.00, 160000.00, 125000.00, 'buyer', 'buyer', 'expired', NULL, '2026-03-08 12:42:39', '2026-03-08 12:27:39', '2026-03-08 12:45:00'),
('9247c3fe-4609-4389-8bcf-338afb75a3a0', '79da363d-f5db-4399-a936-d355788401f5', '2603072001-1FK3', '8b40176f-6d3a-46ba-880e-7070664453a2', 'paeru 2', 'ghb82816@gmail.com', '081234567890', 'KTP', '3579010101010001', 50000.00, 10000.00, 6000.00, 66000.00, 50000.00, 'buyer', 'buyer', 'paid', NULL, '2026-03-08 03:16:37', '2026-03-08 03:01:37', '2026-03-08 03:02:13'),
('97e69617-ec98-4bc5-b174-12525ffc6cc9', '79da363d-f5db-4399-a936-d355788401f5', '2603080523-YWVM', '8b40176f-6d3a-46ba-880e-7070664453a2', 'paeru 2', 'ghb82816@gmail.com', '081234567890', 'KTP', '3579010101010001', 50000.00, 10000.00, 6000.00, 66000.00, 50000.00, 'buyer', 'buyer', 'paid', NULL, '2026-03-08 12:38:19', '2026-03-08 12:23:19', '2026-03-08 12:23:54'),
('9d37ac75-f232-4ea6-8b5b-5958855a0fc9', '79da363d-f5db-4399-a936-d355788401f5', '2603030922-CZIP', '8b40176f-6d3a-46ba-880e-7070664453a2', 'paeru 2', 'ghb82816@gmail.com', '081234567890', 'KTP', '3579010101010001', 80000.00, 20000.00, 9600.00, 80000.00, 50400.00, 'organizer', 'organizer', 'paid', NULL, '2026-03-03 16:37:40', '2026-03-03 16:22:40', '2026-03-03 16:24:03'),
('a0a977c4-798e-44ef-aaca-db95734e2285', '79da363d-f5db-4399-a936-d355788401f5', '2603080417-YNT9', '8b40176f-6d3a-46ba-880e-7070664453a2', 'paeru 2', 'ghb82816@gmail.com', '081234567890', 'KTP', '3579010101010001', 50000.00, 10000.00, 6000.00, 66000.00, 50000.00, 'buyer', 'buyer', 'paid', NULL, '2026-03-08 11:32:51', '2026-03-08 11:17:51', '2026-03-08 11:18:26'),
('a4f409da-48e2-4fc5-bc8c-604887d1aaf3', '79da363d-f5db-4399-a936-d355788401f5', '2603080602-SC3S', '8b40176f-6d3a-46ba-880e-7070664453a2', 'baskoro', 'ghb82816@gmail.com', '87654323768', 'KTP', '3512345678901234', 40000.00, 10000.00, 4800.00, 40000.00, 25200.00, 'organizer', 'organizer', 'expired', NULL, '2026-03-08 13:17:36', '2026-03-08 13:02:36', '2026-03-08 15:40:00'),
('a552fa1d-baa5-4359-a24f-80a99149053f', '79da363d-f5db-4399-a936-d355788401f5', '2603070923-IOFQ', 'bb74631c-de77-4608-a347-e2fa9e011aa7', 'baskoro', 'admin@admin.com', '87654323768', 'KTP', '3512345678901234', 80000.00, 20000.00, 9600.00, 80000.00, 50400.00, 'organizer', 'organizer', 'expired', NULL, '2026-03-07 16:38:19', '2026-03-07 16:23:19', '2026-03-07 19:00:00'),
('a74a704b-06bc-4bb0-8d4f-55ae01cc6137', '79da363d-f5db-4399-a936-d355788401f5', '2603070752-VJBY', '8b40176f-6d3a-46ba-880e-7070664453a2', 'paeru 2', 'ghb82816@gmail.com', '081234567890', 'KTP', '3579010101010001', 175000.00, 30000.00, 21000.00, 226000.00, 175000.00, 'buyer', 'buyer', 'paid', NULL, '2026-03-07 15:07:02', '2026-03-07 14:52:02', '2026-03-07 14:52:48'),
('a872378e-c418-446a-944e-e89e359e2a0d', '79da363d-f5db-4399-a936-d355788401f5', '2603080544-ZDXJ', '72ae8583-8b2b-4c7e-8303-317a306a93f3', 'baskoro', 'putavubi@gmail.com', NULL, 'KTP', '3512345678901234', 125000.00, 20000.00, 15000.00, 160000.00, 125000.00, 'buyer', 'buyer', 'expired', NULL, '2026-03-08 12:59:48', '2026-03-08 12:44:48', '2026-03-08 13:00:00'),
('a87b0038-386c-4be5-a9ed-0ddb0847cd6b', '79da363d-f5db-4399-a936-d355788401f5', '2603080317-OYOG', '8b40176f-6d3a-46ba-880e-7070664453a2', 'paeru 2', 'ghb82816@gmail.com', '081234567890', 'KTP', '3579010101010001', 50000.00, 10000.00, 6000.00, 66000.00, 50000.00, 'buyer', 'buyer', 'paid', NULL, '2026-03-08 10:32:17', '2026-03-08 10:17:17', '2026-03-08 10:18:00'),
('a88a58fb-7ab6-4f61-9c21-5cbf616c8ab6', '79da363d-f5db-4399-a936-d355788401f5', '2603030922-6NRM', '8b40176f-6d3a-46ba-880e-7070664453a2', 'paeru 2', 'ghb82816@gmail.com', '081234567890', 'KTP', '3579010101010001', 80000.00, 20000.00, 9600.00, 80000.00, 50400.00, 'organizer', 'organizer', 'paid', NULL, '2026-03-03 16:37:59', '2026-03-03 16:22:59', '2026-03-03 16:23:46'),
('a9b51448-8909-439b-abc7-fac640436f5a', '79da363d-f5db-4399-a936-d355788401f5', '2603071831-EMZI', '8b40176f-6d3a-46ba-880e-7070664453a2', 'paeru 2', 'ghb82816@gmail.com', '081234567890', 'KTP', '3579010101010001', 50000.00, 10000.00, 6000.00, 66000.00, 50000.00, 'buyer', 'buyer', 'expired', NULL, '2026-03-08 01:46:07', '2026-03-08 01:31:07', '2026-03-08 01:50:00'),
('addce257-2798-4d13-9d21-c035dd3f6a2f', '79da363d-f5db-4399-a936-d355788401f5', '2603080549-0R9H', '72ae8583-8b2b-4c7e-8303-317a306a93f3', 'baskoro', 'putavubi@gmail.com', '87654323768', 'KTP', '3512345678901234', 125000.00, 20000.00, 15000.00, 160000.00, 125000.00, 'buyer', 'buyer', 'expired', NULL, '2026-03-08 13:04:00', '2026-03-08 12:49:00', '2026-03-08 13:05:00'),
('b848b71d-bbbe-4e62-a423-3ba36e33e337', '79da363d-f5db-4399-a936-d355788401f5', '2603031244-LUDV', '8b40176f-6d3a-46ba-880e-7070664453a2', 'paeru 2', 'ghb82816@gmail.com', '081234567890', 'KTP', '3579010101010001', 80000.00, 20000.00, 9600.00, 80000.00, 50400.00, 'organizer', 'organizer', 'expired', NULL, '2026-03-03 19:59:05', '2026-03-03 19:44:05', '2026-03-04 20:45:00'),
('b933b362-8afa-42c2-93ab-701648103d88', '79da363d-f5db-4399-a936-d355788401f5', '2603080547-MSPK', '72ae8583-8b2b-4c7e-8303-317a306a93f3', 'baskoro', 'putavubi@gmail.com', '87654323768', 'KTP', '3512345678901234', 125000.00, 20000.00, 15000.00, 160000.00, 125000.00, 'buyer', 'buyer', 'expired', NULL, '2026-03-08 13:02:51', '2026-03-08 12:47:51', '2026-03-08 13:05:00'),
('bd0cf756-d2fb-4261-9c57-79e1b17c80e6', '79da363d-f5db-4399-a936-d355788401f5', '2603080837-YVPC', '8b40176f-6d3a-46ba-880e-7070664453a2', 'paeru 2', 'ghb82816@gmail.com', '081234567890', 'KTP', '3579010101010001', 50000.00, 10000.00, 6000.00, 66000.00, 50000.00, 'buyer', 'buyer', 'paid', NULL, '2026-03-08 15:52:17', '2026-03-08 15:37:17', '2026-03-08 15:38:10'),
('be7a8907-e4d5-4773-b893-8abdd6049dab', '79da363d-f5db-4399-a936-d355788401f5', '2603060734-7TK9', '8b40176f-6d3a-46ba-880e-7070664453a2', 'paeru 2', 'ghb82816@gmail.com', '081234567890', 'KTP', '3579010101010001', 175000.00, 30000.00, 21000.00, 226000.00, 175000.00, 'buyer', 'buyer', 'paid', NULL, '2026-03-06 14:49:47', '2026-03-06 14:34:47', '2026-03-06 14:35:33'),
('c5890416-9e32-402f-8a6c-e3d88fd91b7f', '79da363d-f5db-4399-a936-d355788401f5', '2603071933-NBTO', '8b40176f-6d3a-46ba-880e-7070664453a2', 'paeru 2', 'ghb82816@gmail.com', '081234567890', 'KTP', '3579010101010001', 50000.00, 10000.00, 6000.00, 66000.00, 50000.00, 'buyer', 'buyer', 'expired', NULL, '2026-03-08 02:48:32', '2026-03-08 02:33:32', '2026-03-08 02:50:00'),
('c597980f-229b-49e1-afa1-4da1ee11b7b4', '79da363d-f5db-4399-a936-d355788401f5', '2603070927-F5UE', '8b40176f-6d3a-46ba-880e-7070664453a2', 'paeru 2', 'ghb82816@gmail.com', '081234567890', 'KTP', '3579010101010001', 175000.00, 30000.00, 21000.00, 226000.00, 175000.00, 'buyer', 'buyer', 'expired', NULL, '2026-03-07 16:42:10', '2026-03-07 16:27:10', '2026-03-07 19:00:00'),
('cd40baa3-2385-4181-8480-19d841e51d14', '79da363d-f5db-4399-a936-d355788401f5', '2603070708-FXHR', '8b40176f-6d3a-46ba-880e-7070664453a2', 'paeru 2', 'ghb82816@gmail.com', '081234567890', 'KTP', '3579010101010001', 175000.00, 30000.00, 21000.00, 226000.00, 175000.00, 'buyer', 'buyer', 'expired', NULL, '2026-03-07 14:23:29', '2026-03-07 14:08:29', '2026-03-07 14:25:01'),
('dd472387-6f0e-4601-b426-8dcd7b52de64', '79da363d-f5db-4399-a936-d355788401f5', '2603060808-OIL4', '8b40176f-6d3a-46ba-880e-7070664453a2', 'paeru 2', 'ghb82816@gmail.com', '081234567890', 'KTP', '3579010101010001', 175000.00, 30000.00, 21000.00, 226000.00, 175000.00, 'buyer', 'buyer', 'paid', NULL, '2026-03-06 15:23:16', '2026-03-06 15:08:16', '2026-03-06 15:08:53'),
('e0166451-812e-44d9-b59e-7e4eb2ab8ba7', '79da363d-f5db-4399-a936-d355788401f5', '2603080400-7UKY', '8b40176f-6d3a-46ba-880e-7070664453a2', 'paeru 2', 'ghb82816@gmail.com', '081234567890', 'KTP', '3579010101010001', 50000.00, 10000.00, 6000.00, 66000.00, 50000.00, 'buyer', 'buyer', 'paid', NULL, '2026-03-08 11:15:23', '2026-03-08 11:00:23', '2026-03-08 11:01:04'),
('e1740809-6089-4f96-ab9f-f0327cc54b3a', '79da363d-f5db-4399-a936-d355788401f5', '2603070920-73RV', 'bb74631c-de77-4608-a347-e2fa9e011aa7', 'baskoro', 'admin@admin.com', '87654323768', 'KTP', '3512345678901234', 80000.00, 20000.00, 9600.00, 80000.00, 50400.00, 'organizer', 'organizer', 'expired', NULL, '2026-03-07 16:35:42', '2026-03-07 16:20:42', '2026-03-07 19:00:00'),
('ed78dcd7-47cf-44cc-8874-54f57d07d316', '79da363d-f5db-4399-a936-d355788401f5', '2603031734-KQM2', '8b40176f-6d3a-46ba-880e-7070664453a2', 'paeru 2', 'ghb82816@gmail.com', '081234567890', 'KTP', '3579010101010001', 80000.00, 20000.00, 9600.00, 80000.00, 50400.00, 'organizer', 'organizer', 'paid', NULL, '2026-03-04 00:49:35', '2026-03-04 00:34:35', '2026-03-04 00:35:32'),
('ee0a16a2-8243-4303-9127-d699e7c85a2d', '79da363d-f5db-4399-a936-d355788401f5', '2603080413-XQAQ', '8b40176f-6d3a-46ba-880e-7070664453a2', 'paeru 2', 'ghb82816@gmail.com', '081234567890', 'KTP', '3579010101010001', 50000.00, 10000.00, 6000.00, 66000.00, 50000.00, 'buyer', 'buyer', 'paid', NULL, '2026-03-08 11:28:32', '2026-03-08 11:13:32', '2026-03-08 11:14:04'),
('ef662d82-b7cd-48c5-ae61-b7a53dcd8da9', '79da363d-f5db-4399-a936-d355788401f5', '2603080436-BSN7', '8b40176f-6d3a-46ba-880e-7070664453a2', 'paeru 2', 'ghb82816@gmail.com', '081234567890', 'KTP', '3579010101010001', 50000.00, 10000.00, 6000.00, 66000.00, 50000.00, 'buyer', 'buyer', 'paid', NULL, '2026-03-08 11:51:11', '2026-03-08 11:36:11', '2026-03-08 11:36:49'),
('f05f652f-41a4-4e26-b15d-6fbec70cb2c7', '79da363d-f5db-4399-a936-d355788401f5', '2603070703-CKYB', '8b40176f-6d3a-46ba-880e-7070664453a2', 'paeru 2', 'ghb82816@gmail.com', '081234567890', 'KTP', '3579010101010001', 175000.00, 30000.00, 21000.00, 226000.00, 175000.00, 'buyer', 'buyer', 'paid', NULL, '2026-03-07 14:18:33', '2026-03-07 14:03:33', '2026-03-07 14:22:38'),
('f30e6f8a-f2cf-4668-8515-a1f7ce1cf809', '79da363d-f5db-4399-a936-d355788401f5', '2603080610-8GPH', '8b40176f-6d3a-46ba-880e-7070664453a2', 'baskoro', 'ghb82816@gmail.com', '785784568468578', 'KTP', '3512345678901234', 40000.00, 10000.00, 4800.00, 40000.00, 25200.00, 'organizer', 'organizer', 'paid', NULL, '2026-03-08 13:25:39', '2026-03-08 13:10:39', '2026-03-08 13:25:54'),
('fbb17387-e19c-47c1-86f9-c940ab140847', '79da363d-f5db-4399-a936-d355788401f5', '2603060852-F7OI', '8b40176f-6d3a-46ba-880e-7070664453a2', 'paeru 2', 'ghb82816@gmail.com', '081234567890', 'KTP', '3579010101010001', 175000.00, 30000.00, 21000.00, 226000.00, 175000.00, 'buyer', 'buyer', 'paid', NULL, '2026-03-06 16:07:06', '2026-03-06 15:52:06', '2026-03-06 15:52:37'),
('fcf823d1-10c7-4340-98eb-bdd3be9ad579', '79da363d-f5db-4399-a936-d355788401f5', '2603060800-ISOT', '8b40176f-6d3a-46ba-880e-7070664453a2', 'paeru 2', 'ghb82816@gmail.com', '081234567890', 'KTP', '3579010101010001', 175000.00, 30000.00, 21000.00, 226000.00, 175000.00, 'buyer', 'buyer', 'paid', NULL, '2026-03-06 15:15:34', '2026-03-06 15:00:34', '2026-03-06 15:01:14');

-- --------------------------------------------------------

--
-- Struktur dari tabel `order_items`
--

CREATE TABLE `order_items` (
  `id` char(36) CHARACTER SET utf8mb4 COLLATE utf8mb4_bin NOT NULL DEFAULT uuid(),
  `order_id` char(36) CHARACTER SET utf8mb4 COLLATE utf8mb4_bin NOT NULL,
  `ticket_type_id` char(36) CHARACTER SET utf8mb4 COLLATE utf8mb4_bin NOT NULL,
  `quantity` bigint(20) DEFAULT NULL,
  `ticket_price` decimal(15,2) DEFAULT NULL,
  `admin_fee_amount` decimal(15,2) DEFAULT NULL,
  `tax_amount` decimal(15,2) DEFAULT NULL,
  `buyer_pay_amount` decimal(15,2) DEFAULT NULL,
  `organizer_net` decimal(15,2) DEFAULT NULL,
  `attendees` longtext CHARACTER SET utf8mb4 COLLATE utf8mb4_bin DEFAULT NULL CHECK (json_valid(`attendees`)),
  `created_at` datetime DEFAULT NULL,
  `updated_at` datetime DEFAULT NULL
) ENGINE=InnoDB DEFAULT CHARSET=utf8mb4 COLLATE=utf8mb4_general_ci;

--
-- Dumping data untuk tabel `order_items`
--

INSERT INTO `order_items` (`id`, `order_id`, `ticket_type_id`, `quantity`, `ticket_price`, `admin_fee_amount`, `tax_amount`, `buyer_pay_amount`, `organizer_net`, `attendees`, `created_at`, `updated_at`) VALUES
('08d4a22e-4851-4305-889b-8d3732e89e08', '37e3470e-1afc-46d9-a0c7-e76487cc5d48', '6f3bbf57-4c39-4779-81f6-e936fff8635d', 1, 50000.00, 10000.00, 6000.00, 66000.00, 50000.00, '[{\"name\":\"Andi Pratama reg 1.1\",\"email\":\"ghb82816@gmail.com\",\"phone\":\"081234567890\",\"type_identity\":\"KTP\",\"no_identity\":\"3579010101010001\"}]', '2026-03-08 11:24:52', '2026-03-08 11:24:52'),
('0a07d27b-4ce5-4ca0-a23d-819399cb6c6f', 'c597980f-229b-49e1-afa1-4da1ee11b7b4', '49aa5415-d9d1-4ddb-b5d7-4a1281107f87', 1, 75000.00, 10000.00, 9000.00, 94000.00, 75000.00, '[{\"name\":\"Andi Pratama vip 2.1\",\"email\":\"ghb82816@gmail.com\",\"phone\":\"081234567890\",\"type_identity\":\"KTP\",\"no_identity\":\"3579010101010001\"}]', '2026-03-07 16:27:10', '2026-03-07 16:27:10'),
('0b2b9896-a600-49ee-b801-a7a47dc5da67', '0c030f0b-43d8-4540-bb0c-956f9c794f9d', '6f3bbf57-4c39-4779-81f6-e936fff8635d', 1, 50000.00, 10000.00, 6000.00, 66000.00, 50000.00, '[{\"name\":\"Andi Pratama reg 1.1\",\"email\":\"ghb82816@gmail.com\",\"phone\":\"081234567890\",\"type_identity\":\"KTP\",\"no_identity\":\"3579010101010001\"}]', '2026-03-08 10:36:21', '2026-03-08 10:36:21'),
('0f02a728-81e1-441e-8aac-1139b16252ee', 'cd40baa3-2385-4181-8480-19d841e51d14', '6f3bbf57-4c39-4779-81f6-e936fff8635d', 2, 50000.00, 20000.00, 12000.00, 132000.00, 100000.00, '[{\"name\":\"Andi Pratama reg 1.1\",\"email\":\"ghb82816@gmail.com\",\"phone\":\"081234567890\",\"type_identity\":\"KTP\",\"no_identity\":\"3579010101010001\"},{\"name\":\"Andi Pratama reg 1.2\",\"email\":\"ghb82816@gmail.com\",\"phone\":\"081234567890\",\"type_identity\":\"KTP\",\"no_identity\":\"3579010101010001\"}]', '2026-03-07 14:08:29', '2026-03-07 14:08:29'),
('12a5c64c-8061-467f-a4be-2038ace22b2b', '229d7afe-06c9-4440-98c9-aeb39a2e4418', '6f3bbf57-4c39-4779-81f6-e936fff8635d', 1, 50000.00, 10000.00, 6000.00, 66000.00, 50000.00, '[{\"name\":\"Andi Pratama reg 1.1\",\"email\":\"ghb82816@gmail.com\",\"phone\":\"081234567890\",\"type_identity\":\"KTP\",\"no_identity\":\"3579010101010001\"}]', '2026-03-07 22:48:10', '2026-03-07 22:48:10'),
('14969ffa-cb57-49c0-8d2f-f782d1d85f6a', '02f20a09-0361-4e97-930f-9039bbdc73d8', 'cfede144-8cec-4bf6-bae9-66f7439c795c', 2, 40000.00, 20000.00, 9600.00, 80000.00, 50400.00, '[{\"name\":\"baskoro\",\"email\":\"ghb82816@gmail.com\",\"phone\":\"87654323768\",\"type_identity\":\"KTP\",\"no_identity\":\"3512345678901234\"},{\"name\":\"baskoro\",\"email\":\"ghb82816@gmail.com\",\"phone\":\"87654323768\",\"type_identity\":\"KTP\",\"no_identity\":\"3512345678901234\"}]', '2026-03-07 16:25:46', '2026-03-07 16:25:46'),
('175559dc-a786-4ca4-89e3-660cc9b620ec', '0656c988-60e2-4932-a3bd-23571826e85c', '6f3bbf57-4c39-4779-81f6-e936fff8635d', 2, 50000.00, 20000.00, 12000.00, 132000.00, 100000.00, '[{\"name\":\"Andi Pratama reg 1.1\",\"email\":\"ghb82816@gmail.com\",\"phone\":\"081234567890\",\"type_identity\":\"KTP\",\"no_identity\":\"3579010101010001\"},{\"name\":\"Andi Pratama reg 1.2\",\"email\":\"ghb82816@gmail.com\",\"phone\":\"081234567890\",\"type_identity\":\"KTP\",\"no_identity\":\"3579010101010001\"}]', '2026-03-07 22:28:12', '2026-03-07 22:28:12'),
('1805b660-2880-47c9-a270-0661704e9dea', '7b0bd527-ef46-4599-9d0c-eab2b65cfe3e', '6f3bbf57-4c39-4779-81f6-e936fff8635d', 1, 50000.00, 10000.00, 6000.00, 66000.00, 50000.00, '[{\"name\":\"Andi Pratama reg 1.1\",\"email\":\"ghb82816@gmail.com\",\"phone\":\"081234567890\",\"type_identity\":\"KTP\",\"no_identity\":\"3579010101010001\"}]', '2026-03-08 12:34:05', '2026-03-08 12:34:05'),
('19e1abee-697f-4312-a8ab-83fce8ec8ce2', 'b848b71d-bbbe-4e62-a423-3ba36e33e337', 'cfede144-8cec-4bf6-bae9-66f7439c795c', 2, 40000.00, 20000.00, 9600.00, 80000.00, 50400.00, '[{\"name\":\"Andi Pratama reg 1.5\",\"email\":\"ghb82816@gmail.com\",\"phone\":\"081234567890\",\"type_identity\":\"KTP\",\"no_identity\":\"3579010101010001\"},{\"name\":\"Andi Pratama reg 1.6\",\"email\":\"ghb82816@gmail.com\",\"phone\":\"081234567890\",\"type_identity\":\"KTP\",\"no_identity\":\"3579010101010001\"}]', '2026-03-03 19:44:05', '2026-03-03 19:44:05'),
('1a94786a-421d-4cbf-af7a-16591140d90e', '354ba917-57f3-45ba-ba48-f5244c123398', '6f3bbf57-4c39-4779-81f6-e936fff8635d', 1, 50000.00, 10000.00, 6000.00, 66000.00, 50000.00, '[{\"name\":\"baskoro\",\"email\":\"putavubi@gmail.com\",\"phone\":\"87654323768\",\"type_identity\":\"KTP\",\"no_identity\":\"3512345678901234\"}]', '2026-03-08 12:51:59', '2026-03-08 12:51:59'),
('1f28d677-4059-466b-9ba6-207bfec85795', 'ee0a16a2-8243-4303-9127-d699e7c85a2d', '6f3bbf57-4c39-4779-81f6-e936fff8635d', 1, 50000.00, 10000.00, 6000.00, 66000.00, 50000.00, '[{\"name\":\"Andi Pratama reg 1.1\",\"email\":\"ghb82816@gmail.com\",\"phone\":\"081234567890\",\"type_identity\":\"KTP\",\"no_identity\":\"3579010101010001\"}]', '2026-03-08 11:13:32', '2026-03-08 11:13:32'),
('20b727e0-70a2-4f80-97fb-872010f9e16e', '4a5a4f21-ced5-4f8b-a0b9-7a7db2f1f678', '6f3bbf57-4c39-4779-81f6-e936fff8635d', 1, 50000.00, 10000.00, 6000.00, 66000.00, 50000.00, '[{\"name\":\"Andi Pratama reg 1.1\",\"email\":\"ghb82816@gmail.com\",\"phone\":\"081234567890\",\"type_identity\":\"KTP\",\"no_identity\":\"3579010101010001\"}]', '2026-03-08 12:46:31', '2026-03-08 12:46:31'),
('26b93845-df8f-42ec-b636-d78c62ab58e9', '547686ae-f04a-401a-b547-81eac5de3912', '6f3bbf57-4c39-4779-81f6-e936fff8635d', 1, 50000.00, 10000.00, 6000.00, 66000.00, 50000.00, '[{\"name\":\"Andi Pratama reg 1.1\",\"email\":\"ghb82816@gmail.com\",\"phone\":\"081234567890\",\"type_identity\":\"KTP\",\"no_identity\":\"3579010101010001\"}]', '2026-03-08 12:50:54', '2026-03-08 12:50:54'),
('280635a9-db2a-4b91-87c6-c98b1f869511', '1690ce6e-7c7a-4046-ada6-660b975c08f7', '49aa5415-d9d1-4ddb-b5d7-4a1281107f87', 1, 75000.00, 10000.00, 9000.00, 94000.00, 75000.00, '[{\"name\":\"Andi Pratama vip 2.1\",\"email\":\"ghb82816@gmail.com\",\"phone\":\"081234567890\",\"type_identity\":\"KTP\",\"no_identity\":\"3579010101010001\"}]', '2026-03-07 14:37:42', '2026-03-07 14:37:42'),
('2f9dd326-11a0-4ff8-a83d-5aa470ef0700', '3dddde8d-2ead-4b9a-b8af-e1f16601f622', '6f3bbf57-4c39-4779-81f6-e936fff8635d', 2, 50000.00, 20000.00, 12000.00, 132000.00, 100000.00, '[{\"name\":\"Andi Pratama reg 1.1\",\"email\":\"ghb82816@gmail.com\",\"phone\":\"081234567890\",\"type_identity\":\"KTP\",\"no_identity\":\"3579010101010001\"},{\"name\":\"Andi Pratama reg 1.2\",\"email\":\"ghb82816@gmail.com\",\"phone\":\"081234567890\",\"type_identity\":\"KTP\",\"no_identity\":\"3579010101010001\"}]', '2026-03-06 14:06:29', '2026-03-06 14:06:29'),
('375a84b5-04fa-492f-94ff-fd266e645171', '1ac348a6-268e-46bd-9ff7-de857ceebf5e', '6f3bbf57-4c39-4779-81f6-e936fff8635d', 1, 50000.00, 10000.00, 6000.00, 66000.00, 50000.00, '[{\"name\":\"iugiugk\",\"email\":\"putavubi@gmail.com\",\"type_identity\":\"KTP\",\"no_identity\":\"3512345678901234\"}]', '2026-03-08 12:24:06', '2026-03-08 12:24:06'),
('3edee0c8-d38c-457d-807e-e81c29f336ab', 'a74a704b-06bc-4bb0-8d4f-55ae01cc6137', '49aa5415-d9d1-4ddb-b5d7-4a1281107f87', 1, 75000.00, 10000.00, 9000.00, 94000.00, 75000.00, '[{\"name\":\"Andi Pratama vip 2.1\",\"email\":\"ghb82816@gmail.com\",\"phone\":\"081234567890\",\"type_identity\":\"KTP\",\"no_identity\":\"3579010101010001\"}]', '2026-03-07 14:52:02', '2026-03-07 14:52:02'),
('3effb6bd-33bd-48bc-8423-f08685b9d675', '1c3d0b5a-bc0e-41fd-a7a1-d6eb52a986fe', '6f3bbf57-4c39-4779-81f6-e936fff8635d', 2, 50000.00, 20000.00, 12000.00, 132000.00, 100000.00, '[{\"name\":\"Andi Pratama reg 1.1\",\"email\":\"ghb82816@gmail.com\",\"phone\":\"081234567890\",\"type_identity\":\"KTP\",\"no_identity\":\"3579010101010001\"},{\"name\":\"Andi Pratama reg 1.2\",\"email\":\"ghb82816@gmail.com\",\"phone\":\"081234567890\",\"type_identity\":\"KTP\",\"no_identity\":\"3579010101010001\"}]', '2026-03-06 16:23:03', '2026-03-06 16:23:03'),
('44ba1741-3690-4cb3-8b96-ffe464650337', '7df6ed08-bc44-4c7b-85ff-4de29ff531c3', '49aa5415-d9d1-4ddb-b5d7-4a1281107f87', 1, 75000.00, 10000.00, 9000.00, 94000.00, 75000.00, '[{\"name\":\"iugiugk\",\"email\":\"putavubi@gmail.com\",\"type_identity\":\"KTP\",\"no_identity\":\"3512345678901234\"}]', '2026-03-08 12:27:39', '2026-03-08 12:27:39'),
('4531a652-4458-4c3c-96f9-79cdbf4840bf', '501da0ab-e589-422d-9318-7d3415a2e7e5', '6f3bbf57-4c39-4779-81f6-e936fff8635d', 1, 50000.00, 10000.00, 6000.00, 66000.00, 50000.00, '[{\"name\":\"iugiugk\",\"email\":\"putavubi@gmail.com\",\"type_identity\":\"KTP\",\"no_identity\":\"3512345678901234\"}]', '2026-03-08 12:32:47', '2026-03-08 12:32:47'),
('4643c344-c74d-445f-8725-49597d1bfabb', 'addce257-2798-4d13-9d21-c035dd3f6a2f', '6f3bbf57-4c39-4779-81f6-e936fff8635d', 1, 50000.00, 10000.00, 6000.00, 66000.00, 50000.00, '[{\"name\":\"baskoro\",\"email\":\"putavubi@gmail.com\",\"phone\":\"87654323768\",\"type_identity\":\"KTP\",\"no_identity\":\"3512345678901234\"}]', '2026-03-08 12:49:00', '2026-03-08 12:49:00'),
('48cfc8fc-e3be-4b98-b3f4-983fc5981340', 'a9b51448-8909-439b-abc7-fac640436f5a', '6f3bbf57-4c39-4779-81f6-e936fff8635d', 1, 50000.00, 10000.00, 6000.00, 66000.00, 50000.00, '[{\"name\":\"Andi Pratama reg 1.1\",\"email\":\"ghb82816@gmail.com\",\"phone\":\"081234567890\",\"type_identity\":\"KTP\",\"no_identity\":\"3579010101010001\"}]', '2026-03-08 01:31:07', '2026-03-08 01:31:07'),
('4e6184b4-f490-4bfb-9231-3d963cc3e17b', 'f05f652f-41a4-4e26-b15d-6fbec70cb2c7', '49aa5415-d9d1-4ddb-b5d7-4a1281107f87', 1, 75000.00, 10000.00, 9000.00, 94000.00, 75000.00, '[{\"name\":\"Andi Pratama vip 2.1\",\"email\":\"ghb82816@gmail.com\",\"phone\":\"081234567890\",\"type_identity\":\"KTP\",\"no_identity\":\"3579010101010001\"}]', '2026-03-07 14:03:33', '2026-03-07 14:03:33'),
('5204051b-ded9-4af1-86ce-3ec4da8c677d', '76947810-0932-41e8-b313-7dff37476f8f', '6f3bbf57-4c39-4779-81f6-e936fff8635d', 1, 50000.00, 10000.00, 6000.00, 66000.00, 50000.00, '[{\"name\":\"Andi Pratama reg 1.1\",\"email\":\"ghb82816@gmail.com\",\"phone\":\"081234567890\",\"type_identity\":\"KTP\",\"no_identity\":\"3579010101010001\"}]', '2026-03-08 01:35:17', '2026-03-08 01:35:17'),
('5966eda9-1c59-48d8-9948-4d509dc85f9b', '7c0e07d8-7150-4df1-b09c-723aedc2d1b9', '49aa5415-d9d1-4ddb-b5d7-4a1281107f87', 1, 75000.00, 10000.00, 9000.00, 94000.00, 75000.00, '[{\"name\":\"Andi Pratama vip 2.1\",\"email\":\"ghb82816@gmail.com\",\"phone\":\"081234567890\",\"type_identity\":\"KTP\",\"no_identity\":\"3579010101010001\"}]', '2026-03-06 15:39:17', '2026-03-06 15:39:17'),
('62bd14e1-ad5d-4e49-bea9-57ddc40d1d2e', '0656c988-60e2-4932-a3bd-23571826e85c', '49aa5415-d9d1-4ddb-b5d7-4a1281107f87', 1, 75000.00, 10000.00, 9000.00, 94000.00, 75000.00, '[{\"name\":\"Andi Pratama vip 2.1\",\"email\":\"ghb82816@gmail.com\",\"phone\":\"081234567890\",\"type_identity\":\"KTP\",\"no_identity\":\"3579010101010001\"}]', '2026-03-07 22:28:12', '2026-03-07 22:28:12'),
('63d232c6-59e2-4ed7-98fb-783fce7cb04d', 'e1740809-6089-4f96-ab9f-f0327cc54b3a', 'cfede144-8cec-4bf6-bae9-66f7439c795c', 2, 40000.00, 20000.00, 9600.00, 80000.00, 50400.00, '[{\"name\":\"baskoro\",\"email\":\"admin@admin.com\",\"phone\":\"87654323768\",\"type_identity\":\"KTP\",\"no_identity\":\"3512345678901234\"},{\"name\":\"baskoro\",\"email\":\"admin@admin.com\",\"phone\":\"87654323768\",\"type_identity\":\"KTP\",\"no_identity\":\"3512345678901234\"}]', '2026-03-07 16:20:42', '2026-03-07 16:20:42'),
('64888dee-840e-40f1-8247-7fdd7ad81a8f', '242ee7e6-299b-4861-9b29-2fa487f13f66', '6f3bbf57-4c39-4779-81f6-e936fff8635d', 2, 50000.00, 20000.00, 12000.00, 132000.00, 100000.00, '[{\"name\":\"Andi Pratama reg 1.1\",\"email\":\"ghb82816@gmail.com\",\"phone\":\"081234567890\",\"type_identity\":\"KTP\",\"no_identity\":\"3579010101010001\"},{\"name\":\"Andi Pratama reg 1.2\",\"email\":\"ghb82816@gmail.com\",\"phone\":\"081234567890\",\"type_identity\":\"KTP\",\"no_identity\":\"3579010101010001\"}]', '2026-03-06 15:31:22', '2026-03-06 15:31:22'),
('64d9ad88-f10f-423b-b84c-f30884d7a9b0', 'addce257-2798-4d13-9d21-c035dd3f6a2f', '49aa5415-d9d1-4ddb-b5d7-4a1281107f87', 1, 75000.00, 10000.00, 9000.00, 94000.00, 75000.00, '[{\"name\":\"baskoro\",\"email\":\"putavubi@gmail.com\",\"phone\":\"87654323768\",\"type_identity\":\"KTP\",\"no_identity\":\"3512345678901234\"}]', '2026-03-08 12:49:00', '2026-03-08 12:49:00'),
('66271caf-bf16-4af8-bd96-55086de44a4e', '09719778-42c5-40e8-a929-b19e2e83b319', '6f3bbf57-4c39-4779-81f6-e936fff8635d', 1, 50000.00, 10000.00, 6000.00, 66000.00, 50000.00, '[{\"name\":\"Andi Pratama reg 1.1\",\"email\":\"ghb82816@gmail.com\",\"phone\":\"081234567890\",\"type_identity\":\"KTP\",\"no_identity\":\"3579010101010001\"}]', '2026-03-08 10:01:31', '2026-03-08 10:01:31'),
('69158d9a-bf4e-4331-9190-d88518b59c31', '59e92422-64f1-4401-a7a3-e76a7fbc3c09', '49aa5415-d9d1-4ddb-b5d7-4a1281107f87', 1, 75000.00, 10000.00, 9000.00, 94000.00, 75000.00, '[{\"name\":\"Andi Pratama vip 2.1\",\"email\":\"ghb82816@gmail.com\",\"phone\":\"081234567890\",\"type_identity\":\"KTP\",\"no_identity\":\"3579010101010001\"}]', '2026-03-06 15:20:21', '2026-03-06 15:20:21'),
('6c13ab2d-45f6-4be9-ae9e-14f20983cd4a', '4515f592-23e5-41f3-a3e8-0980c87f7226', '6f3bbf57-4c39-4779-81f6-e936fff8635d', 1, 50000.00, 10000.00, 6000.00, 66000.00, 50000.00, '[{\"name\":\"Andi Pratama reg 1.1\",\"email\":\"ghb82816@gmail.com\",\"phone\":\"081234567890\",\"type_identity\":\"KTP\",\"no_identity\":\"3579010101010001\"}]', '2026-03-08 02:43:58', '2026-03-08 02:43:58'),
('6f910ba7-d583-434b-b8ab-552f20b42900', '40849507-8a4a-4d49-b28f-4e9707981cc5', '49aa5415-d9d1-4ddb-b5d7-4a1281107f87', 1, 75000.00, 10000.00, 9000.00, 94000.00, 75000.00, '[{\"name\":\"Andi Pratama vip 2.1\",\"email\":\"ghb82816@gmail.com\",\"phone\":\"081234567890\",\"type_identity\":\"KTP\",\"no_identity\":\"3579010101010001\"}]', '2026-03-07 13:52:36', '2026-03-07 13:52:36'),
('71fc39cb-ebc2-4426-bf76-01781bb138a0', '54cc2c59-4c2f-4b3b-a36d-425f0bf1b117', '6f3bbf57-4c39-4779-81f6-e936fff8635d', 1, 50000.00, 10000.00, 6000.00, 66000.00, 50000.00, '[{\"name\":\"Andi Pratama reg 1.1\",\"email\":\"ghb82816@gmail.com\",\"phone\":\"081234567890\",\"type_identity\":\"KTP\",\"no_identity\":\"3579010101010001\"}]', '2026-03-08 12:41:53', '2026-03-08 12:41:53'),
('72ac6cc3-eddd-45eb-848d-8913f2dc5ffc', 'f05f652f-41a4-4e26-b15d-6fbec70cb2c7', '6f3bbf57-4c39-4779-81f6-e936fff8635d', 2, 50000.00, 20000.00, 12000.00, 132000.00, 100000.00, '[{\"name\":\"Andi Pratama reg 1.1\",\"email\":\"ghb82816@gmail.com\",\"phone\":\"081234567890\",\"type_identity\":\"KTP\",\"no_identity\":\"3579010101010001\"},{\"name\":\"Andi Pratama reg 1.2\",\"email\":\"ghb82816@gmail.com\",\"phone\":\"081234567890\",\"type_identity\":\"KTP\",\"no_identity\":\"3579010101010001\"}]', '2026-03-07 14:03:33', '2026-03-07 14:03:33'),
('77071eaa-5acd-49f4-980c-8ba4434a16c7', '6fcd5f05-82e5-4fbd-a19b-a06ff50e0331', '6f3bbf57-4c39-4779-81f6-e936fff8635d', 1, 50000.00, 10000.00, 6000.00, 66000.00, 50000.00, '[{\"name\":\"Andi Pratama reg 1.1\",\"email\":\"ghb82816@gmail.com\",\"phone\":\"081234567890\",\"type_identity\":\"KTP\",\"no_identity\":\"3579010101010001\"}]', '2026-03-08 10:41:42', '2026-03-08 10:41:42'),
('7854e628-413d-4444-9431-2b793e55b2a8', 'cd40baa3-2385-4181-8480-19d841e51d14', '49aa5415-d9d1-4ddb-b5d7-4a1281107f87', 1, 75000.00, 10000.00, 9000.00, 94000.00, 75000.00, '[{\"name\":\"Andi Pratama vip 2.1\",\"email\":\"ghb82816@gmail.com\",\"phone\":\"081234567890\",\"type_identity\":\"KTP\",\"no_identity\":\"3579010101010001\"}]', '2026-03-07 14:08:29', '2026-03-07 14:08:29'),
('79cb4dbb-03ad-44d4-a0ea-e0d69d3b0685', '7c0e07d8-7150-4df1-b09c-723aedc2d1b9', '6f3bbf57-4c39-4779-81f6-e936fff8635d', 2, 50000.00, 20000.00, 12000.00, 132000.00, 100000.00, '[{\"name\":\"Andi Pratama reg 1.1\",\"email\":\"ghb82816@gmail.com\",\"phone\":\"081234567890\",\"type_identity\":\"KTP\",\"no_identity\":\"3579010101010001\"},{\"name\":\"Andi Pratama reg 1.2\",\"email\":\"ghb82816@gmail.com\",\"phone\":\"081234567890\",\"type_identity\":\"KTP\",\"no_identity\":\"3579010101010001\"}]', '2026-03-06 15:39:17', '2026-03-06 15:39:17'),
('7bb5f19f-e93b-46d8-9d0d-000a93367f92', 'e0166451-812e-44d9-b59e-7e4eb2ab8ba7', '6f3bbf57-4c39-4779-81f6-e936fff8635d', 1, 50000.00, 10000.00, 6000.00, 66000.00, 50000.00, '[{\"name\":\"Andi Pratama reg 1.1\",\"email\":\"ghb82816@gmail.com\",\"phone\":\"081234567890\",\"type_identity\":\"KTP\",\"no_identity\":\"3579010101010001\"}]', '2026-03-08 11:00:23', '2026-03-08 11:00:23'),
('7c0e3bfb-4aa6-4811-9c8b-508c51994e80', '7df6ed08-bc44-4c7b-85ff-4de29ff531c3', '6f3bbf57-4c39-4779-81f6-e936fff8635d', 1, 50000.00, 10000.00, 6000.00, 66000.00, 50000.00, '[{\"name\":\"iugiugk\",\"email\":\"putavubi@gmail.com\",\"type_identity\":\"KTP\",\"no_identity\":\"3512345678901234\"}]', '2026-03-08 12:27:39', '2026-03-08 12:27:39'),
('7cd823bc-786f-4af2-8fa9-6f8dc4d0fcb0', 'a88a58fb-7ab6-4f61-9c21-5cbf616c8ab6', 'cfede144-8cec-4bf6-bae9-66f7439c795c', 2, 40000.00, 20000.00, 9600.00, 80000.00, 50400.00, '[{\"name\":\"Andi Pratama reg 1.5\",\"email\":\"ghb82816@gmail.com\",\"phone\":\"081234567890\",\"type_identity\":\"KTP\",\"no_identity\":\"3579010101010001\"},{\"name\":\"Andi Pratama reg 1.6\",\"email\":\"ghb82816@gmail.com\",\"phone\":\"081234567890\",\"type_identity\":\"KTP\",\"no_identity\":\"3579010101010001\"}]', '2026-03-03 16:22:59', '2026-03-03 16:22:59'),
('7ee1a1c0-a82b-4723-bc6a-65867272352a', 'b933b362-8afa-42c2-93ab-701648103d88', '49aa5415-d9d1-4ddb-b5d7-4a1281107f87', 1, 75000.00, 10000.00, 9000.00, 94000.00, 75000.00, '[{\"name\":\"baskoro\",\"email\":\"putavubi@gmail.com\",\"phone\":\"87654323768\",\"type_identity\":\"KTP\",\"no_identity\":\"3512345678901234\"}]', '2026-03-08 12:47:51', '2026-03-08 12:47:51'),
('825a2691-00b9-41b8-a9aa-dcca92be56e9', 'c597980f-229b-49e1-afa1-4da1ee11b7b4', '6f3bbf57-4c39-4779-81f6-e936fff8635d', 2, 50000.00, 20000.00, 12000.00, 132000.00, 100000.00, '[{\"name\":\"Andi Pratama reg 1.1\",\"email\":\"ghb82816@gmail.com\",\"phone\":\"081234567890\",\"type_identity\":\"KTP\",\"no_identity\":\"3579010101010001\"},{\"name\":\"Andi Pratama reg 1.2\",\"email\":\"ghb82816@gmail.com\",\"phone\":\"081234567890\",\"type_identity\":\"KTP\",\"no_identity\":\"3579010101010001\"}]', '2026-03-07 16:27:10', '2026-03-07 16:27:10'),
('825bdc55-6cae-463a-b8d2-eadf5a247fdc', 'be7a8907-e4d5-4773-b893-8abdd6049dab', '6f3bbf57-4c39-4779-81f6-e936fff8635d', 2, 50000.00, 20000.00, 12000.00, 132000.00, 100000.00, '[{\"name\":\"Andi Pratama reg 1.1\",\"email\":\"ghb82816@gmail.com\",\"phone\":\"081234567890\",\"type_identity\":\"KTP\",\"no_identity\":\"3579010101010001\"},{\"name\":\"Andi Pratama reg 1.2\",\"email\":\"ghb82816@gmail.com\",\"phone\":\"081234567890\",\"type_identity\":\"KTP\",\"no_identity\":\"3579010101010001\"}]', '2026-03-06 14:34:47', '2026-03-06 14:34:47'),
('838be10f-08bd-4252-8fbd-6e3ed8af1b8a', 'fbb17387-e19c-47c1-86f9-c940ab140847', '6f3bbf57-4c39-4779-81f6-e936fff8635d', 2, 50000.00, 20000.00, 12000.00, 132000.00, 100000.00, '[{\"name\":\"Andi Pratama reg 1.1\",\"email\":\"ghb82816@gmail.com\",\"phone\":\"081234567890\",\"type_identity\":\"KTP\",\"no_identity\":\"3579010101010001\"},{\"name\":\"Andi Pratama reg 1.2\",\"email\":\"ghb82816@gmail.com\",\"phone\":\"081234567890\",\"type_identity\":\"KTP\",\"no_identity\":\"3579010101010001\"}]', '2026-03-06 15:52:06', '2026-03-06 15:52:06'),
('8501048b-f859-41b7-b0ff-7a196e9dad9e', 'a0a977c4-798e-44ef-aaca-db95734e2285', '6f3bbf57-4c39-4779-81f6-e936fff8635d', 1, 50000.00, 10000.00, 6000.00, 66000.00, 50000.00, '[{\"name\":\"Andi Pratama reg 1.1\",\"email\":\"ghb82816@gmail.com\",\"phone\":\"081234567890\",\"type_identity\":\"KTP\",\"no_identity\":\"3579010101010001\"}]', '2026-03-08 11:17:51', '2026-03-08 11:17:51'),
('8a157686-2e7a-4cbd-a61c-ec1b34b7ac55', '1c3d0b5a-bc0e-41fd-a7a1-d6eb52a986fe', '49aa5415-d9d1-4ddb-b5d7-4a1281107f87', 1, 75000.00, 10000.00, 9000.00, 94000.00, 75000.00, '[{\"name\":\"Andi Pratama vip 2.1\",\"email\":\"ghb82816@gmail.com\",\"phone\":\"081234567890\",\"type_identity\":\"KTP\",\"no_identity\":\"3579010101010001\"}]', '2026-03-06 16:23:03', '2026-03-06 16:23:03'),
('8bf94acd-28e1-4de3-836d-25e8b3b6330a', '354ba917-57f3-45ba-ba48-f5244c123398', '49aa5415-d9d1-4ddb-b5d7-4a1281107f87', 1, 75000.00, 10000.00, 9000.00, 94000.00, 75000.00, '[{\"name\":\"baskoro\",\"email\":\"putavubi@gmail.com\",\"phone\":\"87654323768\",\"type_identity\":\"KTP\",\"no_identity\":\"3512345678901234\"}]', '2026-03-08 12:51:59', '2026-03-08 12:51:59'),
('8ccb9f5d-cc6a-4a3d-b870-21e2beb9f9dc', 'be7a8907-e4d5-4773-b893-8abdd6049dab', '49aa5415-d9d1-4ddb-b5d7-4a1281107f87', 1, 75000.00, 10000.00, 9000.00, 94000.00, 75000.00, '[{\"name\":\"Andi Pratama vip 2.1\",\"email\":\"ghb82816@gmail.com\",\"phone\":\"081234567890\",\"type_identity\":\"KTP\",\"no_identity\":\"3579010101010001\"}]', '2026-03-06 14:34:47', '2026-03-06 14:34:47'),
('8eac54a4-acfa-4d0b-ac1d-509c8bbce5a1', 'fbb17387-e19c-47c1-86f9-c940ab140847', '49aa5415-d9d1-4ddb-b5d7-4a1281107f87', 1, 75000.00, 10000.00, 9000.00, 94000.00, 75000.00, '[{\"name\":\"Andi Pratama vip 2.1\",\"email\":\"ghb82816@gmail.com\",\"phone\":\"081234567890\",\"type_identity\":\"KTP\",\"no_identity\":\"3579010101010001\"}]', '2026-03-06 15:52:06', '2026-03-06 15:52:06'),
('8f13bf72-273c-402e-a799-98ce52dc760f', 'ef662d82-b7cd-48c5-ae61-b7a53dcd8da9', '6f3bbf57-4c39-4779-81f6-e936fff8635d', 1, 50000.00, 10000.00, 6000.00, 66000.00, 50000.00, '[{\"name\":\"Andi Pratama reg 1.1\",\"email\":\"ghb82816@gmail.com\",\"phone\":\"081234567890\",\"type_identity\":\"KTP\",\"no_identity\":\"3579010101010001\"}]', '2026-03-08 11:36:11', '2026-03-08 11:36:11'),
('9115692d-c425-45b6-98a8-c134fac36bc1', 'a872378e-c418-446a-944e-e89e359e2a0d', '49aa5415-d9d1-4ddb-b5d7-4a1281107f87', 1, 75000.00, 10000.00, 9000.00, 94000.00, 75000.00, '[{\"name\":\"baskoro\",\"email\":\"putavubi@gmail.com\",\"type_identity\":\"KTP\",\"no_identity\":\"3512345678901234\"}]', '2026-03-08 12:44:48', '2026-03-08 12:44:48'),
('94726454-ef63-4509-81e6-e92f75cedfab', '4827ca55-3549-4ddb-9cb8-3ba9a7da5d75', 'cfede144-8cec-4bf6-bae9-66f7439c795c', 2, 40000.00, 20000.00, 9600.00, 80000.00, 50400.00, '[{\"name\":\"baskoro\",\"email\":\"admin@admin.com\",\"phone\":\"87654323768\",\"type_identity\":\"KTP\",\"no_identity\":\"3512345678901234\"},{\"name\":\"baskoro\",\"email\":\"admin@admin.com\",\"phone\":\"87654323768\",\"type_identity\":\"KTP\",\"no_identity\":\"3512345678901234\"}]', '2026-03-07 16:15:41', '2026-03-07 16:15:41'),
('94d0ee58-526a-47ec-8835-a2c366d8208e', '0b28320a-14cf-4e99-8a6c-906120819882', '6f3bbf57-4c39-4779-81f6-e936fff8635d', 1, 50000.00, 10000.00, 6000.00, 66000.00, 50000.00, '[{\"name\":\"Andi Pratama reg 1.1\",\"email\":\"ghb82816@gmail.com\",\"phone\":\"081234567890\",\"type_identity\":\"KTP\",\"no_identity\":\"3579010101010001\"}]', '2026-03-08 01:25:53', '2026-03-08 01:25:53'),
('97d35b12-ab6b-4393-b118-f5d1a3f16c6b', '1690ce6e-7c7a-4046-ada6-660b975c08f7', '6f3bbf57-4c39-4779-81f6-e936fff8635d', 2, 50000.00, 20000.00, 12000.00, 132000.00, 100000.00, '[{\"name\":\"Andi Pratama reg 1.1\",\"email\":\"ghb82816@gmail.com\",\"phone\":\"081234567890\",\"type_identity\":\"KTP\",\"no_identity\":\"3579010101010001\"},{\"name\":\"Andi Pratama reg 1.2\",\"email\":\"ghb82816@gmail.com\",\"phone\":\"081234567890\",\"type_identity\":\"KTP\",\"no_identity\":\"3579010101010001\"}]', '2026-03-07 14:37:42', '2026-03-07 14:37:42'),
('995243f2-fb3c-4bfd-97e6-3d9b6e372d95', 'fcf823d1-10c7-4340-98eb-bdd3be9ad579', '6f3bbf57-4c39-4779-81f6-e936fff8635d', 2, 50000.00, 20000.00, 12000.00, 132000.00, 100000.00, '[{\"name\":\"Andi Pratama reg 1.1\",\"email\":\"ghb82816@gmail.com\",\"phone\":\"081234567890\",\"type_identity\":\"KTP\",\"no_identity\":\"3579010101010001\"},{\"name\":\"Andi Pratama reg 1.2\",\"email\":\"ghb82816@gmail.com\",\"phone\":\"081234567890\",\"type_identity\":\"KTP\",\"no_identity\":\"3579010101010001\"}]', '2026-03-06 15:00:34', '2026-03-06 15:00:34'),
('9d99f1de-27fc-4ab7-a9bf-ca7856eec595', '49b22528-01a6-4699-9c86-c7bc4588667f', '6f3bbf57-4c39-4779-81f6-e936fff8635d', 1, 50000.00, 10000.00, 6000.00, 66000.00, 50000.00, '[{\"name\":\"Andi Pratama reg 1.1\",\"email\":\"ghb82816@gmail.com\",\"phone\":\"081234567890\",\"type_identity\":\"KTP\",\"no_identity\":\"3579010101010001\"}]', '2026-03-08 16:20:40', '2026-03-08 16:20:40'),
('9e135079-f9dd-4bf6-b3c9-f530a5c63514', '9247c3fe-4609-4389-8bcf-338afb75a3a0', '6f3bbf57-4c39-4779-81f6-e936fff8635d', 1, 50000.00, 10000.00, 6000.00, 66000.00, 50000.00, '[{\"name\":\"Andi Pratama reg 1.1\",\"email\":\"ghb82816@gmail.com\",\"phone\":\"081234567890\",\"type_identity\":\"KTP\",\"no_identity\":\"3579010101010001\"}]', '2026-03-08 03:01:37', '2026-03-08 03:01:37'),
('9e68c7e0-6328-43b2-85d2-aebce93a3af7', '501da0ab-e589-422d-9318-7d3415a2e7e5', '49aa5415-d9d1-4ddb-b5d7-4a1281107f87', 1, 75000.00, 10000.00, 9000.00, 94000.00, 75000.00, '[{\"name\":\"iugiugk\",\"email\":\"putavubi@gmail.com\",\"type_identity\":\"KTP\",\"no_identity\":\"3512345678901234\"}]', '2026-03-08 12:32:47', '2026-03-08 12:32:47'),
('ab627a17-8429-4305-82d7-34378a0110fa', '1ac348a6-268e-46bd-9ff7-de857ceebf5e', '49aa5415-d9d1-4ddb-b5d7-4a1281107f87', 1, 75000.00, 10000.00, 9000.00, 94000.00, 75000.00, '[{\"name\":\"iugiugk\",\"email\":\"putavubi@gmail.com\",\"type_identity\":\"KTP\",\"no_identity\":\"3512345678901234\"}]', '2026-03-08 12:24:06', '2026-03-08 12:24:06'),
('b0a9ab1e-4655-44fd-98a7-c7f63a98ae1c', 'a872378e-c418-446a-944e-e89e359e2a0d', '6f3bbf57-4c39-4779-81f6-e936fff8635d', 1, 50000.00, 10000.00, 6000.00, 66000.00, 50000.00, '[{\"name\":\"baskoro\",\"email\":\"putavubi@gmail.com\",\"type_identity\":\"KTP\",\"no_identity\":\"3512345678901234\"}]', '2026-03-08 12:44:48', '2026-03-08 12:44:48'),
('b3e40e1f-7adb-45e9-875f-644e92554aa5', 'a4f409da-48e2-4fc5-bc8c-604887d1aaf3', 'cfede144-8cec-4bf6-bae9-66f7439c795c', 1, 40000.00, 10000.00, 4800.00, 40000.00, 25200.00, '[{\"name\":\"baskoro\",\"email\":\"ghb82816@gmail.com\",\"phone\":\"87654323768\",\"type_identity\":\"KTP\",\"no_identity\":\"3512345678901234\"}]', '2026-03-08 13:02:36', '2026-03-08 13:02:36'),
('b5f3228c-a2e4-41f6-bd3d-5c8796680be9', 'c5890416-9e32-402f-8a6c-e3d88fd91b7f', '6f3bbf57-4c39-4779-81f6-e936fff8635d', 1, 50000.00, 10000.00, 6000.00, 66000.00, 50000.00, '[{\"name\":\"Andi Pratama reg 1.1\",\"email\":\"ghb82816@gmail.com\",\"phone\":\"081234567890\",\"type_identity\":\"KTP\",\"no_identity\":\"3579010101010001\"}]', '2026-03-08 02:33:32', '2026-03-08 02:33:32'),
('baf9d2a4-25d0-4791-8ac9-9d7eabc1cf98', '3072713c-2e4d-4bc2-811c-48f07fd42fb9', '6f3bbf57-4c39-4779-81f6-e936fff8635d', 1, 50000.00, 10000.00, 6000.00, 66000.00, 50000.00, '[{\"name\":\"baskoro\",\"email\":\"putavubi@gmail.com\",\"phone\":\"888888888888888\",\"type_identity\":\"KTP\",\"no_identity\":\"3512345678901234\"}]', '2026-03-08 13:09:00', '2026-03-08 13:09:00'),
('bb3e1113-bf6b-4989-9107-2cd8f9f01ef0', 'f30e6f8a-f2cf-4668-8515-a1f7ce1cf809', 'cfede144-8cec-4bf6-bae9-66f7439c795c', 1, 40000.00, 10000.00, 4800.00, 40000.00, 25200.00, '[{\"name\":\"baskoro\",\"email\":\"ghb82816@gmail.com\",\"phone\":\"785784568468578\",\"type_identity\":\"KTP\",\"no_identity\":\"3512345678901234\"}]', '2026-03-08 13:10:39', '2026-03-08 13:10:39'),
('c30ab33b-4ebc-4fe9-b2b1-65bfffe9f2b9', '9d37ac75-f232-4ea6-8b5b-5958855a0fc9', 'cfede144-8cec-4bf6-bae9-66f7439c795c', 2, 40000.00, 20000.00, 9600.00, 80000.00, 50400.00, '[{\"name\":\"Andi Pratama reg 1.5\",\"email\":\"ghb82816@gmail.com\",\"phone\":\"081234567890\",\"type_identity\":\"KTP\",\"no_identity\":\"3579010101010001\"},{\"name\":\"Andi Pratama reg 1.6\",\"email\":\"ghb82816@gmail.com\",\"phone\":\"081234567890\",\"type_identity\":\"KTP\",\"no_identity\":\"3579010101010001\"}]', '2026-03-03 16:22:40', '2026-03-03 16:22:40'),
('c3e60b98-d4c4-41b9-a824-f15d1887e79a', '1007ad8a-caf2-48da-9b5b-c3dab0b21e2b', '6f3bbf57-4c39-4779-81f6-e936fff8635d', 1, 50000.00, 10000.00, 6000.00, 66000.00, 50000.00, '[{\"name\":\"Andi Pratama reg 1.1\",\"email\":\"ghb82816@gmail.com\",\"phone\":\"081234567890\",\"type_identity\":\"KTP\",\"no_identity\":\"3579010101010001\"}]', '2026-03-08 10:52:17', '2026-03-08 10:52:17'),
('c562865b-5a27-469a-ad6e-29207f00b659', 'a552fa1d-baa5-4359-a24f-80a99149053f', 'cfede144-8cec-4bf6-bae9-66f7439c795c', 2, 40000.00, 20000.00, 9600.00, 80000.00, 50400.00, '[{\"name\":\"baskoro\",\"email\":\"admin@admin.com\",\"phone\":\"87654323768\",\"type_identity\":\"KTP\",\"no_identity\":\"3512345678901234\"},{\"name\":\"baskoro\",\"email\":\"admin@admin.com\",\"phone\":\"87654323768\",\"type_identity\":\"KTP\",\"no_identity\":\"3512345678901234\"}]', '2026-03-07 16:23:19', '2026-03-07 16:23:19'),
('c7cd622b-ca1e-4437-a0cd-67714663c09d', '06d22330-a32c-4474-97d6-21109e967cd5', 'cfede144-8cec-4bf6-bae9-66f7439c795c', 2, 40000.00, 20000.00, 9600.00, 80000.00, 50400.00, '[{\"name\":\"baskoro\",\"email\":\"admin@admin.com\",\"phone\":\"87654323768\",\"type_identity\":\"KTP\",\"no_identity\":\"3512345678901234\"},{\"name\":\"baskoro\",\"email\":\"admin@admin.com\",\"phone\":\"87654323768\",\"type_identity\":\"KTP\",\"no_identity\":\"3512345678901234\"}]', '2026-03-07 16:22:52', '2026-03-07 16:22:52'),
('c85ab6b3-c433-42cc-aa58-d06333944291', 'a74a704b-06bc-4bb0-8d4f-55ae01cc6137', '6f3bbf57-4c39-4779-81f6-e936fff8635d', 2, 50000.00, 20000.00, 12000.00, 132000.00, 100000.00, '[{\"name\":\"Andi Pratama reg 1.1\",\"email\":\"ghb82816@gmail.com\",\"phone\":\"081234567890\",\"type_identity\":\"KTP\",\"no_identity\":\"3579010101010001\"},{\"name\":\"Andi Pratama reg 1.2\",\"email\":\"ghb82816@gmail.com\",\"phone\":\"081234567890\",\"type_identity\":\"KTP\",\"no_identity\":\"3579010101010001\"}]', '2026-03-07 14:52:02', '2026-03-07 14:52:02'),
('c887de81-6312-4cf1-b50c-49f827468cdf', 'bd0cf756-d2fb-4261-9c57-79e1b17c80e6', '6f3bbf57-4c39-4779-81f6-e936fff8635d', 1, 50000.00, 10000.00, 6000.00, 66000.00, 50000.00, '[{\"name\":\"Andi Pratama reg 1.1\",\"email\":\"ghb82816@gmail.com\",\"phone\":\"081234567890\",\"type_identity\":\"KTP\",\"no_identity\":\"3579010101010001\"}]', '2026-03-08 15:37:17', '2026-03-08 15:37:17'),
('ca5a11d5-a217-4106-853e-b1637ec636ba', '2aeb73fb-7db9-4e72-86df-8069fe4b9d18', '6f3bbf57-4c39-4779-81f6-e936fff8635d', 1, 50000.00, 10000.00, 6000.00, 66000.00, 50000.00, '[{\"name\":\"Andi Pratama reg 1.1\",\"email\":\"ghb82816@gmail.com\",\"phone\":\"081234567890\",\"type_identity\":\"KTP\",\"no_identity\":\"3579010101010001\"}]', '2026-03-08 16:37:40', '2026-03-08 16:37:40'),
('d05467ba-c588-4d99-87ef-242259f23482', 'dd472387-6f0e-4601-b426-8dcd7b52de64', '6f3bbf57-4c39-4779-81f6-e936fff8635d', 2, 50000.00, 20000.00, 12000.00, 132000.00, 100000.00, '[{\"name\":\"Andi Pratama reg 1.1\",\"email\":\"ghb82816@gmail.com\",\"phone\":\"081234567890\",\"type_identity\":\"KTP\",\"no_identity\":\"3579010101010001\"},{\"name\":\"Andi Pratama reg 1.2\",\"email\":\"ghb82816@gmail.com\",\"phone\":\"081234567890\",\"type_identity\":\"KTP\",\"no_identity\":\"3579010101010001\"}]', '2026-03-06 15:08:16', '2026-03-06 15:08:16'),
('d38a3e44-8fac-4d04-89c8-f28ebc8ad68b', '97e69617-ec98-4bc5-b174-12525ffc6cc9', '6f3bbf57-4c39-4779-81f6-e936fff8635d', 1, 50000.00, 10000.00, 6000.00, 66000.00, 50000.00, '[{\"name\":\"Andi Pratama reg 1.1\",\"email\":\"ghb82816@gmail.com\",\"phone\":\"081234567890\",\"type_identity\":\"KTP\",\"no_identity\":\"3579010101010001\"}]', '2026-03-08 12:23:19', '2026-03-08 12:23:19'),
('dc6b2fc5-544b-467a-8b20-8d81f156edb5', '242ee7e6-299b-4861-9b29-2fa487f13f66', '49aa5415-d9d1-4ddb-b5d7-4a1281107f87', 1, 75000.00, 10000.00, 9000.00, 94000.00, 75000.00, '[{\"name\":\"Andi Pratama vip 2.1\",\"email\":\"ghb82816@gmail.com\",\"phone\":\"081234567890\",\"type_identity\":\"KTP\",\"no_identity\":\"3579010101010001\"}]', '2026-03-06 15:31:22', '2026-03-06 15:31:22'),
('dfa90d00-f81e-4bc1-a79a-680c6a6b0c2f', '68a0ef4c-8230-4419-8de7-d36c966b573e', 'cfede144-8cec-4bf6-bae9-66f7439c795c', 2, 40000.00, 20000.00, 9600.00, 80000.00, 50400.00, '[{\"name\":\"Andi Pratama reg 1.5\",\"email\":\"ghb82816@gmail.com\",\"phone\":\"081234567890\",\"type_identity\":\"KTP\",\"no_identity\":\"3579010101010001\"},{\"name\":\"Andi Pratama reg 1.6\",\"email\":\"ghb82816@gmail.com\",\"phone\":\"081234567890\",\"type_identity\":\"KTP\",\"no_identity\":\"3579010101010001\"}]', '2026-03-04 01:12:31', '2026-03-04 01:12:31'),
('e3d3cc05-94b9-4061-bf2c-38a09f7b0a11', 'ed78dcd7-47cf-44cc-8874-54f57d07d316', 'cfede144-8cec-4bf6-bae9-66f7439c795c', 2, 40000.00, 20000.00, 9600.00, 80000.00, 50400.00, '[{\"name\":\"Andi Pratama reg 1.5\",\"email\":\"ghb82816@gmail.com\",\"phone\":\"081234567890\",\"type_identity\":\"KTP\",\"no_identity\":\"3579010101010001\"},{\"name\":\"Andi Pratama reg 1.6\",\"email\":\"ghb82816@gmail.com\",\"phone\":\"081234567890\",\"type_identity\":\"KTP\",\"no_identity\":\"3579010101010001\"}]', '2026-03-04 00:34:35', '2026-03-04 00:34:35'),
('e5e68c22-a59b-429a-a720-8e4cff41b090', '446d25d2-a7c3-45c8-8df5-f6413a157225', '49aa5415-d9d1-4ddb-b5d7-4a1281107f87', 1, 75000.00, 10000.00, 9000.00, 94000.00, 75000.00, '[{\"name\":\"Andi Pratama vip 2.1\",\"email\":\"ghb82816@gmail.com\",\"phone\":\"081234567890\",\"type_identity\":\"KTP\",\"no_identity\":\"3579010101010001\"}]', '2026-03-06 16:01:47', '2026-03-06 16:01:47'),
('e83c5490-ba94-4c4b-bdc5-7a7ca42d95ee', '549f4f97-0865-4274-a3db-63fca513bf1f', '6f3bbf57-4c39-4779-81f6-e936fff8635d', 1, 50000.00, 10000.00, 6000.00, 66000.00, 50000.00, '[{\"name\":\"Andi Pratama reg 1.1\",\"email\":\"ghb82816@gmail.com\",\"phone\":\"081234567890\",\"type_identity\":\"KTP\",\"no_identity\":\"3579010101010001\"}]', '2026-03-08 11:08:28', '2026-03-08 11:08:28'),
('e840dc48-a819-434b-9b9e-63ac205daaa1', 'a87b0038-386c-4be5-a9ed-0ddb0847cd6b', '6f3bbf57-4c39-4779-81f6-e936fff8635d', 1, 50000.00, 10000.00, 6000.00, 66000.00, 50000.00, '[{\"name\":\"Andi Pratama reg 1.1\",\"email\":\"ghb82816@gmail.com\",\"phone\":\"081234567890\",\"type_identity\":\"KTP\",\"no_identity\":\"3579010101010001\"}]', '2026-03-08 10:17:18', '2026-03-08 10:17:18'),
('eb8e58f4-15c6-468d-b4da-b2766a67a247', '446d25d2-a7c3-45c8-8df5-f6413a157225', '6f3bbf57-4c39-4779-81f6-e936fff8635d', 2, 50000.00, 20000.00, 12000.00, 132000.00, 100000.00, '[{\"name\":\"Andi Pratama reg 1.1\",\"email\":\"ghb82816@gmail.com\",\"phone\":\"081234567890\",\"type_identity\":\"KTP\",\"no_identity\":\"3579010101010001\"},{\"name\":\"Andi Pratama reg 1.2\",\"email\":\"ghb82816@gmail.com\",\"phone\":\"081234567890\",\"type_identity\":\"KTP\",\"no_identity\":\"3579010101010001\"}]', '2026-03-06 16:01:47', '2026-03-06 16:01:47'),
('ebb1a74d-7174-43f3-be66-87fd34785b26', 'fcf823d1-10c7-4340-98eb-bdd3be9ad579', '49aa5415-d9d1-4ddb-b5d7-4a1281107f87', 1, 75000.00, 10000.00, 9000.00, 94000.00, 75000.00, '[{\"name\":\"Andi Pratama vip 2.1\",\"email\":\"ghb82816@gmail.com\",\"phone\":\"081234567890\",\"type_identity\":\"KTP\",\"no_identity\":\"3579010101010001\"}]', '2026-03-06 15:00:34', '2026-03-06 15:00:34'),
('ec466c42-e00f-4370-b477-99cb2b3a6261', 'dd472387-6f0e-4601-b426-8dcd7b52de64', '49aa5415-d9d1-4ddb-b5d7-4a1281107f87', 1, 75000.00, 10000.00, 9000.00, 94000.00, 75000.00, '[{\"name\":\"Andi Pratama vip 2.1\",\"email\":\"ghb82816@gmail.com\",\"phone\":\"081234567890\",\"type_identity\":\"KTP\",\"no_identity\":\"3579010101010001\"}]', '2026-03-06 15:08:16', '2026-03-06 15:08:16'),
('ee51ab47-86c5-4a47-b53a-52565cd04e71', '3072713c-2e4d-4bc2-811c-48f07fd42fb9', '49aa5415-d9d1-4ddb-b5d7-4a1281107f87', 1, 75000.00, 10000.00, 9000.00, 94000.00, 75000.00, '[{\"name\":\"baskoro\",\"email\":\"putavubi@gmail.com\",\"phone\":\"888888888888888\",\"type_identity\":\"KTP\",\"no_identity\":\"3512345678901234\"}]', '2026-03-08 13:09:00', '2026-03-08 13:09:00'),
('efba875e-2c59-4a49-ac48-54b22f66254c', 'b933b362-8afa-42c2-93ab-701648103d88', '6f3bbf57-4c39-4779-81f6-e936fff8635d', 1, 50000.00, 10000.00, 6000.00, 66000.00, 50000.00, '[{\"name\":\"baskoro\",\"email\":\"putavubi@gmail.com\",\"phone\":\"87654323768\",\"type_identity\":\"KTP\",\"no_identity\":\"3512345678901234\"}]', '2026-03-08 12:47:51', '2026-03-08 12:47:51'),
('f224a59b-fc47-46c0-96fc-925f7b072b5d', '59e92422-64f1-4401-a7a3-e76a7fbc3c09', '6f3bbf57-4c39-4779-81f6-e936fff8635d', 2, 50000.00, 20000.00, 12000.00, 132000.00, 100000.00, '[{\"name\":\"Andi Pratama reg 1.1\",\"email\":\"ghb82816@gmail.com\",\"phone\":\"081234567890\",\"type_identity\":\"KTP\",\"no_identity\":\"3579010101010001\"},{\"name\":\"Andi Pratama reg 1.2\",\"email\":\"ghb82816@gmail.com\",\"phone\":\"081234567890\",\"type_identity\":\"KTP\",\"no_identity\":\"3579010101010001\"}]', '2026-03-06 15:20:21', '2026-03-06 15:20:21'),
('f57f6e85-b089-4578-8113-5061014e05af', '40849507-8a4a-4d49-b28f-4e9707981cc5', '6f3bbf57-4c39-4779-81f6-e936fff8635d', 2, 50000.00, 20000.00, 12000.00, 132000.00, 100000.00, '[{\"name\":\"Andi Pratama reg 1.1\",\"email\":\"ghb82816@gmail.com\",\"phone\":\"081234567890\",\"type_identity\":\"KTP\",\"no_identity\":\"3579010101010001\"},{\"name\":\"Andi Pratama reg 1.2\",\"email\":\"ghb82816@gmail.com\",\"phone\":\"081234567890\",\"type_identity\":\"KTP\",\"no_identity\":\"3579010101010001\"}]', '2026-03-07 13:52:36', '2026-03-07 13:52:36'),
('fb1084e1-2d5d-46ef-b965-0ee89b9aadf9', '3dddde8d-2ead-4b9a-b8af-e1f16601f622', '49aa5415-d9d1-4ddb-b5d7-4a1281107f87', 1, 75000.00, 10000.00, 9000.00, 94000.00, 75000.00, '[{\"name\":\"Andi Pratama vip 2.1\",\"email\":\"ghb82816@gmail.com\",\"phone\":\"081234567890\",\"type_identity\":\"KTP\",\"no_identity\":\"3579010101010001\"}]', '2026-03-06 14:06:29', '2026-03-06 14:06:29');

-- --------------------------------------------------------

--
-- Struktur dari tabel `payments`
--

CREATE TABLE `payments` (
  `id` char(36) CHARACTER SET utf8mb4 COLLATE utf8mb4_bin NOT NULL DEFAULT uuid(),
  `order_id` char(36) CHARACTER SET utf8mb4 COLLATE utf8mb4_bin DEFAULT NULL,
  `provider` varchar(255) DEFAULT NULL,
  `provider_transactions` varchar(255) DEFAULT NULL,
  `amount` decimal(15,2) DEFAULT NULL,
  `gateway_fee_amount` decimal(15,2) DEFAULT 0.00,
  `status` enum('pending','paid','failed') DEFAULT NULL,
  `payment_method` varchar(255) DEFAULT NULL,
  `qris_payload` text DEFAULT NULL,
  `qris_image_url` text DEFAULT NULL,
  `qris_expired_at` datetime DEFAULT NULL,
  `raw_callback_log` text DEFAULT NULL,
  `paid_at` datetime DEFAULT NULL,
  `created_at` datetime DEFAULT NULL,
  `updated_at` datetime DEFAULT NULL
) ENGINE=InnoDB DEFAULT CHARSET=utf8mb4 COLLATE=utf8mb4_general_ci;

--
-- Dumping data untuk tabel `payments`
--

INSERT INTO `payments` (`id`, `order_id`, `provider`, `provider_transactions`, `amount`, `gateway_fee_amount`, `status`, `payment_method`, `qris_payload`, `qris_image_url`, `qris_expired_at`, `raw_callback_log`, `paid_at`, `created_at`, `updated_at`) VALUES
('0669a8f9-79fa-4892-b83e-42c54a2fdecc', '3072713c-2e4d-4bc2-811c-48f07fd42fb9', 'xendit', '69ad127def32604835683f24', 160000.00, 0.00, '', 'INVOICE', NULL, NULL, NULL, '{\"id\":\"69ad127def32604835683f24\",\"externalId\":\"2603080609-6FZ2\",\"userId\":\"6986021ddefdb77feacfe270\",\"description\":\"Pembayaran Tiket Event: . Harga sudah termasuk biaya layanan & pajak daerah.\",\"status\":\"PENDING\",\"merchantName\":\"Beli Senang\",\"merchantProfilePictureUrl\":\"https://du8nwjtfkinx.cloudfront.net/xendit.png\",\"amount\":160000,\"expiryDate\":\"2026-03-08T07:09:01.803Z\",\"invoiceUrl\":\"https://checkout-staging.xendit.co/web/69ad127def32604835683f24\",\"availableBanks\":[],\"availableRetailOutlets\":[],\"availableEwallets\":[{\"ewalletType\":\"OVO\"},{\"ewalletType\":\"SHOPEEPAY\"},{\"ewalletType\":\"NEXCASH\"},{\"ewalletType\":\"DANA\"},{\"ewalletType\":\"ASTRAPAY\"},{\"ewalletType\":\"LINKAJA\"},{\"ewalletType\":\"JENIUSPAY\"},{\"ewalletType\":\"GOPAY\"}],\"availableQrCodes\":[{\"qrCodeType\":\"QRIS\"}],\"availableDirectDebits\":[],\"availablePaylaters\":[],\"shouldExcludeCreditCard\":true,\"shouldSendEmail\":false,\"created\":\"2026-03-08T06:09:02.036Z\",\"updated\":\"2026-03-08T06:09:02.036Z\",\"successRedirectUrl\":\"http://localhost:5173/payment/success\",\"failureRedirectUrl\":\"http://localhost:5173/payment/failed\",\"currency\":\"IDR\",\"items\":[{\"name\":\"REGULER\",\"price\":50000,\"quantity\":1,\"category\":\"ticket\"},{\"name\":\"VIP 1\",\"price\":75000,\"quantity\":1,\"category\":\"ticket\"},{\"name\":\"Biaya Layanan\",\"price\":20000,\"quantity\":1,\"category\":\"service_fee\"},{\"name\":\"Pajak Daerah\",\"price\":15000,\"quantity\":1,\"category\":\"tax\"}],\"customer\":{\"givenNames\":\"baskoro\",\"email\":\"putavubi@gmail.com\",\"mobileNumber\":\"888888888888888\"},\"customerNotificationPreference\":{\"invoiceCreated\":[\"email\"],\"invoiceReminder\":[\"email\"],\"invoicePaid\":[\"email\"]}}', NULL, '2026-03-08 13:09:02', '2026-03-08 15:40:00'),
('07cb60b1-ce27-4160-b4db-483dd5b1a0cf', '40849507-8a4a-4d49-b28f-4e9707981cc5', 'xendit', '69abcb5a276cf90a6ce80861', 226000.00, 0.00, 'paid', 'INVOICE', NULL, NULL, NULL, '{\"id\":\"69abcb5a276cf90a6ce80861\",\"externalId\":\"2603070652-OOU5\",\"userId\":\"6986021ddefdb77feacfe270\",\"description\":\"Pembayaran Tiket Event: . Harga sudah termasuk biaya layanan & pajak daerah.\",\"status\":\"PENDING\",\"merchantName\":\"Beli Senang\",\"merchantProfilePictureUrl\":\"https://du8nwjtfkinx.cloudfront.net/xendit.png\",\"amount\":226000,\"expiryDate\":\"2026-03-07T07:53:14.465Z\",\"invoiceUrl\":\"https://checkout-staging.xendit.co/web/69abcb5a276cf90a6ce80861\",\"availableBanks\":[],\"availableRetailOutlets\":[],\"availableEwallets\":[{\"ewalletType\":\"OVO\"},{\"ewalletType\":\"SHOPEEPAY\"},{\"ewalletType\":\"NEXCASH\"},{\"ewalletType\":\"DANA\"},{\"ewalletType\":\"ASTRAPAY\"},{\"ewalletType\":\"LINKAJA\"},{\"ewalletType\":\"JENIUSPAY\"},{\"ewalletType\":\"GOPAY\"}],\"availableQrCodes\":[{\"qrCodeType\":\"QRIS\"}],\"availableDirectDebits\":[],\"availablePaylaters\":[],\"shouldExcludeCreditCard\":true,\"shouldSendEmail\":false,\"created\":\"2026-03-07T06:53:14.743Z\",\"updated\":\"2026-03-07T06:53:14.743Z\",\"successRedirectUrl\":\"http://localhost:5173/payment/success\",\"failureRedirectUrl\":\"http://localhost:5173/payment/failed\",\"currency\":\"IDR\",\"items\":[{\"name\":\"VIP 1\",\"price\":75000,\"quantity\":1,\"category\":\"ticket\"},{\"name\":\"REGULER\",\"price\":50000,\"quantity\":2,\"category\":\"ticket\"},{\"name\":\"Biaya Layanan\",\"price\":30000,\"quantity\":1,\"category\":\"service_fee\"},{\"name\":\"Pajak Daerah\",\"price\":21000,\"quantity\":1,\"category\":\"tax\"}],\"customer\":{\"givenNames\":\"paeru 2\",\"email\":\"ghb82816@gmail.com\",\"mobileNumber\":\"+6281234567890\"},\"customerNotificationPreference\":{\"invoiceCreated\":[\"email\"],\"invoiceReminder\":[\"email\"],\"invoicePaid\":[\"email\"]}}', '2026-03-07 13:53:53', '2026-03-07 13:53:15', '2026-03-07 13:53:53'),
('0b67978e-c7e3-4018-8da4-c47649532314', '7b0bd527-ef46-4599-9d0c-eab2b65cfe3e', 'xendit', '69ad0a5b276cf90a6ce97158', 66000.00, 0.00, 'paid', 'INVOICE', NULL, NULL, NULL, '{\"id\":\"69ad0a5b276cf90a6ce97158\",\"externalId\":\"2603080534-853J\",\"userId\":\"6986021ddefdb77feacfe270\",\"description\":\"Pembayaran Tiket Event: . Harga sudah termasuk biaya layanan & pajak daerah.\",\"status\":\"PENDING\",\"merchantName\":\"Beli Senang\",\"merchantProfilePictureUrl\":\"https://du8nwjtfkinx.cloudfront.net/xendit.png\",\"amount\":66000,\"expiryDate\":\"2026-03-08T06:34:19.712Z\",\"invoiceUrl\":\"https://checkout-staging.xendit.co/web/69ad0a5b276cf90a6ce97158\",\"availableBanks\":[],\"availableRetailOutlets\":[],\"availableEwallets\":[{\"ewalletType\":\"OVO\"},{\"ewalletType\":\"SHOPEEPAY\"},{\"ewalletType\":\"NEXCASH\"},{\"ewalletType\":\"DANA\"},{\"ewalletType\":\"ASTRAPAY\"},{\"ewalletType\":\"LINKAJA\"},{\"ewalletType\":\"JENIUSPAY\"},{\"ewalletType\":\"GOPAY\"}],\"availableQrCodes\":[{\"qrCodeType\":\"QRIS\"}],\"availableDirectDebits\":[],\"availablePaylaters\":[],\"shouldExcludeCreditCard\":true,\"shouldSendEmail\":false,\"created\":\"2026-03-08T05:34:19.748Z\",\"updated\":\"2026-03-08T05:34:19.748Z\",\"successRedirectUrl\":\"http://localhost:5173/payment/success\",\"failureRedirectUrl\":\"http://localhost:5173/payment/failed\",\"currency\":\"IDR\",\"items\":[{\"name\":\"REGULER\",\"price\":50000,\"quantity\":1,\"category\":\"ticket\"},{\"name\":\"Biaya Layanan\",\"price\":10000,\"quantity\":1,\"category\":\"service_fee\"},{\"name\":\"Pajak Daerah\",\"price\":6000,\"quantity\":1,\"category\":\"tax\"}],\"customer\":{\"givenNames\":\"paeru 2\",\"email\":\"ghb82816@gmail.com\",\"mobileNumber\":\"+6281234567890\"},\"customerNotificationPreference\":{\"invoiceCreated\":[\"email\"],\"invoiceReminder\":[\"email\"],\"invoicePaid\":[\"email\"]}}', '2026-03-08 12:51:32', '2026-03-08 12:34:19', '2026-03-08 12:51:32'),
('0fea3c59-a69f-4554-ba08-c205f25d7f7b', '229d7afe-06c9-4440-98c9-aeb39a2e4418', 'xendit', '69ac48ccef3260483567575f', 66000.00, 0.00, 'paid', 'INVOICE', NULL, NULL, NULL, '{\"id\":\"69ac48ccef3260483567575f\",\"externalId\":\"2603071548-RR17\",\"userId\":\"6986021ddefdb77feacfe270\",\"description\":\"Pembayaran Tiket Event: . Harga sudah termasuk biaya layanan & pajak daerah.\",\"status\":\"PENDING\",\"merchantName\":\"Beli Senang\",\"merchantProfilePictureUrl\":\"https://du8nwjtfkinx.cloudfront.net/xendit.png\",\"amount\":66000,\"expiryDate\":\"2026-03-07T16:48:28.894Z\",\"invoiceUrl\":\"https://checkout-staging.xendit.co/web/69ac48ccef3260483567575f\",\"availableBanks\":[],\"availableRetailOutlets\":[],\"availableEwallets\":[{\"ewalletType\":\"OVO\"},{\"ewalletType\":\"SHOPEEPAY\"},{\"ewalletType\":\"NEXCASH\"},{\"ewalletType\":\"DANA\"},{\"ewalletType\":\"ASTRAPAY\"},{\"ewalletType\":\"LINKAJA\"},{\"ewalletType\":\"JENIUSPAY\"},{\"ewalletType\":\"GOPAY\"}],\"availableQrCodes\":[{\"qrCodeType\":\"QRIS\"}],\"availableDirectDebits\":[],\"availablePaylaters\":[],\"shouldExcludeCreditCard\":true,\"shouldSendEmail\":false,\"created\":\"2026-03-07T15:48:28.935Z\",\"updated\":\"2026-03-07T15:48:28.935Z\",\"successRedirectUrl\":\"http://localhost:5173/payment/success\",\"failureRedirectUrl\":\"http://localhost:5173/payment/failed\",\"currency\":\"IDR\",\"items\":[{\"name\":\"REGULER\",\"price\":50000,\"quantity\":1,\"category\":\"ticket\"},{\"name\":\"Biaya Layanan\",\"price\":10000,\"quantity\":1,\"category\":\"service_fee\"},{\"name\":\"Pajak Daerah\",\"price\":6000,\"quantity\":1,\"category\":\"tax\"}],\"customer\":{\"givenNames\":\"paeru 2\",\"email\":\"ghb82816@gmail.com\",\"mobileNumber\":\"+6281234567890\"},\"customerNotificationPreference\":{\"invoiceCreated\":[\"email\"],\"invoiceReminder\":[\"email\"],\"invoicePaid\":[\"email\"]}}', '2026-03-07 22:48:46', '2026-03-07 22:48:28', '2026-03-07 22:48:46'),
('18e1db48-9981-49f8-a369-01618e220ab8', '9247c3fe-4609-4389-8bcf-338afb75a3a0', 'xendit', '69ac8432276cf90a6ce8d68f', 66000.00, 0.00, 'paid', 'INVOICE', NULL, NULL, NULL, '{\"id\":\"69ac8432276cf90a6ce8d68f\",\"externalId\":\"2603072001-1FK3\",\"userId\":\"6986021ddefdb77feacfe270\",\"description\":\"Pembayaran Tiket Event: . Harga sudah termasuk biaya layanan & pajak daerah.\",\"status\":\"PENDING\",\"merchantName\":\"Beli Senang\",\"merchantProfilePictureUrl\":\"https://du8nwjtfkinx.cloudfront.net/xendit.png\",\"amount\":66000,\"expiryDate\":\"2026-03-07T21:01:54.824Z\",\"invoiceUrl\":\"https://checkout-staging.xendit.co/web/69ac8432276cf90a6ce8d68f\",\"availableBanks\":[],\"availableRetailOutlets\":[],\"availableEwallets\":[{\"ewalletType\":\"OVO\"},{\"ewalletType\":\"SHOPEEPAY\"},{\"ewalletType\":\"NEXCASH\"},{\"ewalletType\":\"DANA\"},{\"ewalletType\":\"ASTRAPAY\"},{\"ewalletType\":\"LINKAJA\"},{\"ewalletType\":\"JENIUSPAY\"},{\"ewalletType\":\"GOPAY\"}],\"availableQrCodes\":[{\"qrCodeType\":\"QRIS\"}],\"availableDirectDebits\":[],\"availablePaylaters\":[],\"shouldExcludeCreditCard\":true,\"shouldSendEmail\":false,\"created\":\"2026-03-07T20:01:55.021Z\",\"updated\":\"2026-03-07T20:01:55.021Z\",\"successRedirectUrl\":\"http://localhost:5173/payment/success\",\"failureRedirectUrl\":\"http://localhost:5173/payment/failed\",\"currency\":\"IDR\",\"items\":[{\"name\":\"REGULER\",\"price\":50000,\"quantity\":1,\"category\":\"ticket\"},{\"name\":\"Biaya Layanan\",\"price\":10000,\"quantity\":1,\"category\":\"service_fee\"},{\"name\":\"Pajak Daerah\",\"price\":6000,\"quantity\":1,\"category\":\"tax\"}],\"customer\":{\"givenNames\":\"paeru 2\",\"email\":\"ghb82816@gmail.com\",\"mobileNumber\":\"+6281234567890\"},\"customerNotificationPreference\":{\"invoiceCreated\":[\"email\"],\"invoiceReminder\":[\"email\"],\"invoicePaid\":[\"email\"]}}', '2026-03-08 03:02:13', '2026-03-08 03:01:55', '2026-03-08 03:02:13'),
('1d88df13-339e-4992-be56-88210a4035c0', 'b848b71d-bbbe-4e62-a423-3ba36e33e337', 'xendit', '69a6d7a45736c1aaab767004', 80000.00, 0.00, '', 'INVOICE', NULL, NULL, NULL, '{\"id\":\"69a6d7a45736c1aaab767004\",\"externalId\":\"2603031244-LUDV\",\"userId\":\"6986021ddefdb77feacfe270\",\"description\":\"Pembayaran Tiket Event: buzz youth fest. Harga sudah termasuk biaya layanan & pajak daerah.\",\"status\":\"PENDING\",\"merchantName\":\"Beli Senang\",\"merchantProfilePictureUrl\":\"https://du8nwjtfkinx.cloudfront.net/xendit.png\",\"amount\":80000,\"expiryDate\":\"2026-03-03T13:44:21.116Z\",\"invoiceUrl\":\"https://checkout-staging.xendit.co/web/69a6d7a45736c1aaab767004\",\"availableBanks\":[],\"availableRetailOutlets\":[],\"availableEwallets\":[{\"ewalletType\":\"OVO\"},{\"ewalletType\":\"SHOPEEPAY\"},{\"ewalletType\":\"NEXCASH\"},{\"ewalletType\":\"DANA\"},{\"ewalletType\":\"ASTRAPAY\"},{\"ewalletType\":\"LINKAJA\"},{\"ewalletType\":\"JENIUSPAY\"},{\"ewalletType\":\"GOPAY\"}],\"availableQrCodes\":[{\"qrCodeType\":\"QRIS\"}],\"availableDirectDebits\":[],\"availablePaylaters\":[],\"shouldExcludeCreditCard\":true,\"shouldSendEmail\":false,\"created\":\"2026-03-03T12:44:21.282Z\",\"updated\":\"2026-03-03T12:44:21.282Z\",\"successRedirectUrl\":\"http://localhost:5173/payment/success\",\"failureRedirectUrl\":\"http://localhost:5173/payment/failed\",\"currency\":\"IDR\",\"items\":[{\"name\":\"FESTIVAL\",\"price\":40000,\"quantity\":2,\"category\":\"ticket\"}],\"customer\":{\"givenNames\":\"paeru 2\",\"email\":\"ghb82816@gmail.com\",\"mobileNumber\":\"+6281234567890\"},\"customerNotificationPreference\":{\"invoiceCreated\":[\"email\"],\"invoiceReminder\":[\"email\"],\"invoicePaid\":[\"email\"]}}', NULL, '2026-03-03 19:44:21', '2026-03-04 20:45:00'),
('223e445a-f0f2-4361-9fe3-f2831bcfa373', '0b28320a-14cf-4e99-8a6c-906120819882', 'xendit', '69ac6dc2ef3260483567800d', 66000.00, 0.00, 'paid', 'INVOICE', NULL, NULL, NULL, '{\"id\":\"69ac6dc2ef3260483567800d\",\"externalId\":\"2603071825-0BAC\",\"userId\":\"6986021ddefdb77feacfe270\",\"description\":\"Pembayaran Tiket Event: . Harga sudah termasuk biaya layanan & pajak daerah.\",\"status\":\"PENDING\",\"merchantName\":\"Beli Senang\",\"merchantProfilePictureUrl\":\"https://du8nwjtfkinx.cloudfront.net/xendit.png\",\"amount\":66000,\"expiryDate\":\"2026-03-07T19:26:10.484Z\",\"invoiceUrl\":\"https://checkout-staging.xendit.co/web/69ac6dc2ef3260483567800d\",\"availableBanks\":[],\"availableRetailOutlets\":[],\"availableEwallets\":[{\"ewalletType\":\"OVO\"},{\"ewalletType\":\"SHOPEEPAY\"},{\"ewalletType\":\"NEXCASH\"},{\"ewalletType\":\"DANA\"},{\"ewalletType\":\"ASTRAPAY\"},{\"ewalletType\":\"LINKAJA\"},{\"ewalletType\":\"JENIUSPAY\"},{\"ewalletType\":\"GOPAY\"}],\"availableQrCodes\":[{\"qrCodeType\":\"QRIS\"}],\"availableDirectDebits\":[],\"availablePaylaters\":[],\"shouldExcludeCreditCard\":true,\"shouldSendEmail\":false,\"created\":\"2026-03-07T18:26:10.528Z\",\"updated\":\"2026-03-07T18:26:10.528Z\",\"successRedirectUrl\":\"http://localhost:5173/payment/success\",\"failureRedirectUrl\":\"http://localhost:5173/payment/failed\",\"currency\":\"IDR\",\"items\":[{\"name\":\"REGULER\",\"price\":50000,\"quantity\":1,\"category\":\"ticket\"},{\"name\":\"Biaya Layanan\",\"price\":10000,\"quantity\":1,\"category\":\"service_fee\"},{\"name\":\"Pajak Daerah\",\"price\":6000,\"quantity\":1,\"category\":\"tax\"}],\"customer\":{\"givenNames\":\"paeru 2\",\"email\":\"ghb82816@gmail.com\",\"mobileNumber\":\"+6281234567890\"},\"customerNotificationPreference\":{\"invoiceCreated\":[\"email\"],\"invoiceReminder\":[\"email\"],\"invoicePaid\":[\"email\"]}}', '2026-03-08 01:26:41', '2026-03-08 01:26:10', '2026-03-08 01:26:41'),
('22b919c4-eb80-4a77-951a-2be7bcc68542', '2aeb73fb-7db9-4e72-86df-8069fe4b9d18', 'xendit', '69ad4374276cf90a6ce9ca71', 66000.00, 0.00, 'paid', 'INVOICE', NULL, NULL, NULL, '{\"id\":\"69ad4374276cf90a6ce9ca71\",\"externalId\":\"2603080937-FJJL\",\"userId\":\"6986021ddefdb77feacfe270\",\"description\":\"Pembayaran Tiket Event: . Harga sudah termasuk biaya layanan & pajak daerah.\",\"status\":\"PENDING\",\"merchantName\":\"Beli Senang\",\"merchantProfilePictureUrl\":\"https://du8nwjtfkinx.cloudfront.net/xendit.png\",\"amount\":66000,\"expiryDate\":\"2026-03-08T10:37:57.220Z\",\"invoiceUrl\":\"https://checkout-staging.xendit.co/web/69ad4374276cf90a6ce9ca71\",\"availableBanks\":[],\"availableRetailOutlets\":[],\"availableEwallets\":[{\"ewalletType\":\"OVO\"},{\"ewalletType\":\"SHOPEEPAY\"},{\"ewalletType\":\"NEXCASH\"},{\"ewalletType\":\"DANA\"},{\"ewalletType\":\"ASTRAPAY\"},{\"ewalletType\":\"LINKAJA\"},{\"ewalletType\":\"JENIUSPAY\"},{\"ewalletType\":\"GOPAY\"}],\"availableQrCodes\":[{\"qrCodeType\":\"QRIS\"}],\"availableDirectDebits\":[],\"availablePaylaters\":[],\"shouldExcludeCreditCard\":true,\"shouldSendEmail\":false,\"created\":\"2026-03-08T09:37:57.382Z\",\"updated\":\"2026-03-08T09:37:57.382Z\",\"successRedirectUrl\":\"http://localhost:5173/payment/success\",\"failureRedirectUrl\":\"http://localhost:5173/payment/failed\",\"currency\":\"IDR\",\"items\":[{\"name\":\"REGULER\",\"price\":50000,\"quantity\":1,\"category\":\"ticket\"},{\"name\":\"Biaya Layanan\",\"price\":10000,\"quantity\":1,\"category\":\"service_fee\"},{\"name\":\"Pajak Daerah\",\"price\":6000,\"quantity\":1,\"category\":\"tax\"}],\"customer\":{\"givenNames\":\"paeru 2\",\"email\":\"ghb82816@gmail.com\",\"mobileNumber\":\"+6281234567890\"},\"customerNotificationPreference\":{\"invoiceCreated\":[\"email\"],\"invoiceReminder\":[\"email\"],\"invoicePaid\":[\"email\"]}}', '2026-03-08 16:38:29', '2026-03-08 16:37:56', '2026-03-08 16:38:29'),
('24ddc65a-3f8c-4318-9589-c9b5d610e9d1', '1690ce6e-7c7a-4046-ada6-660b975c08f7', 'xendit', '69abd5d7ef3260483566d5d4', 226000.00, 0.00, 'paid', 'INVOICE', NULL, NULL, NULL, '{\"id\":\"69abd5d7ef3260483566d5d4\",\"externalId\":\"2603070737-WKSX\",\"userId\":\"6986021ddefdb77feacfe270\",\"description\":\"Pembayaran Tiket Event: . Harga sudah termasuk biaya layanan & pajak daerah.\",\"status\":\"PENDING\",\"merchantName\":\"Beli Senang\",\"merchantProfilePictureUrl\":\"https://du8nwjtfkinx.cloudfront.net/xendit.png\",\"amount\":226000,\"expiryDate\":\"2026-03-07T08:38:00.058Z\",\"invoiceUrl\":\"https://checkout-staging.xendit.co/web/69abd5d7ef3260483566d5d4\",\"availableBanks\":[],\"availableRetailOutlets\":[],\"availableEwallets\":[{\"ewalletType\":\"OVO\"},{\"ewalletType\":\"SHOPEEPAY\"},{\"ewalletType\":\"NEXCASH\"},{\"ewalletType\":\"DANA\"},{\"ewalletType\":\"ASTRAPAY\"},{\"ewalletType\":\"LINKAJA\"},{\"ewalletType\":\"JENIUSPAY\"},{\"ewalletType\":\"GOPAY\"}],\"availableQrCodes\":[{\"qrCodeType\":\"QRIS\"}],\"availableDirectDebits\":[],\"availablePaylaters\":[],\"shouldExcludeCreditCard\":true,\"shouldSendEmail\":false,\"created\":\"2026-03-07T07:38:00.275Z\",\"updated\":\"2026-03-07T07:38:00.275Z\",\"successRedirectUrl\":\"http://localhost:5173/payment/success\",\"failureRedirectUrl\":\"http://localhost:5173/payment/failed\",\"currency\":\"IDR\",\"items\":[{\"name\":\"VIP 1\",\"price\":75000,\"quantity\":1,\"category\":\"ticket\"},{\"name\":\"REGULER\",\"price\":50000,\"quantity\":2,\"category\":\"ticket\"},{\"name\":\"Biaya Layanan\",\"price\":30000,\"quantity\":1,\"category\":\"service_fee\"},{\"name\":\"Pajak Daerah\",\"price\":21000,\"quantity\":1,\"category\":\"tax\"}],\"customer\":{\"givenNames\":\"paeru 2\",\"email\":\"ghb82816@gmail.com\",\"mobileNumber\":\"+6281234567890\"},\"customerNotificationPreference\":{\"invoiceCreated\":[\"email\"],\"invoiceReminder\":[\"email\"],\"invoicePaid\":[\"email\"]}}', '2026-03-07 14:38:20', '2026-03-07 14:38:00', '2026-03-07 14:38:20'),
('270bddb2-5c81-4484-ab57-caa79ccccbf5', 'b933b362-8afa-42c2-93ab-701648103d88', 'xendit', '69ad0d89276cf90a6ce97625', 160000.00, 0.00, '', 'INVOICE', NULL, NULL, NULL, '{\"id\":\"69ad0d89276cf90a6ce97625\",\"externalId\":\"2603080547-MSPK\",\"userId\":\"6986021ddefdb77feacfe270\",\"description\":\"Pembayaran Tiket Event: . Harga sudah termasuk biaya layanan & pajak daerah.\",\"status\":\"PENDING\",\"merchantName\":\"Beli Senang\",\"merchantProfilePictureUrl\":\"https://du8nwjtfkinx.cloudfront.net/xendit.png\",\"amount\":160000,\"expiryDate\":\"2026-03-08T06:47:54.109Z\",\"invoiceUrl\":\"https://checkout-staging.xendit.co/web/69ad0d89276cf90a6ce97625\",\"availableBanks\":[],\"availableRetailOutlets\":[],\"availableEwallets\":[{\"ewalletType\":\"OVO\"},{\"ewalletType\":\"SHOPEEPAY\"},{\"ewalletType\":\"NEXCASH\"},{\"ewalletType\":\"DANA\"},{\"ewalletType\":\"ASTRAPAY\"},{\"ewalletType\":\"LINKAJA\"},{\"ewalletType\":\"JENIUSPAY\"},{\"ewalletType\":\"GOPAY\"}],\"availableQrCodes\":[{\"qrCodeType\":\"QRIS\"}],\"availableDirectDebits\":[],\"availablePaylaters\":[],\"shouldExcludeCreditCard\":true,\"shouldSendEmail\":false,\"created\":\"2026-03-08T05:47:54.465Z\",\"updated\":\"2026-03-08T05:47:54.465Z\",\"successRedirectUrl\":\"http://localhost:5173/payment/success\",\"failureRedirectUrl\":\"http://localhost:5173/payment/failed\",\"currency\":\"IDR\",\"items\":[{\"name\":\"VIP 1\",\"price\":75000,\"quantity\":1,\"category\":\"ticket\"},{\"name\":\"REGULER\",\"price\":50000,\"quantity\":1,\"category\":\"ticket\"},{\"name\":\"Biaya Layanan\",\"price\":20000,\"quantity\":1,\"category\":\"service_fee\"},{\"name\":\"Pajak Daerah\",\"price\":15000,\"quantity\":1,\"category\":\"tax\"}],\"customer\":{\"givenNames\":\"baskoro\",\"email\":\"putavubi@gmail.com\",\"mobileNumber\":\"87654323768\"},\"customerNotificationPreference\":{\"invoiceCreated\":[\"email\"],\"invoiceReminder\":[\"email\"],\"invoicePaid\":[\"email\"]}}', NULL, '2026-03-08 12:47:54', '2026-03-08 13:05:00'),
('2cf9a0d0-3188-489b-bf82-453bb4917fb9', 'a4f409da-48e2-4fc5-bc8c-604887d1aaf3', 'xendit', '69ad1106276cf90a6ce97b73', 40000.00, 0.00, '', 'INVOICE', NULL, NULL, NULL, '{\"id\":\"69ad1106276cf90a6ce97b73\",\"externalId\":\"2603080602-SC3S\",\"userId\":\"6986021ddefdb77feacfe270\",\"description\":\"Pembayaran Tiket Event: . Harga sudah termasuk biaya layanan & pajak daerah.\",\"status\":\"PENDING\",\"merchantName\":\"Beli Senang\",\"merchantProfilePictureUrl\":\"https://du8nwjtfkinx.cloudfront.net/xendit.png\",\"amount\":40000,\"expiryDate\":\"2026-03-08T07:02:46.177Z\",\"invoiceUrl\":\"https://checkout-staging.xendit.co/web/69ad1106276cf90a6ce97b73\",\"availableBanks\":[],\"availableRetailOutlets\":[],\"availableEwallets\":[{\"ewalletType\":\"OVO\"},{\"ewalletType\":\"SHOPEEPAY\"},{\"ewalletType\":\"NEXCASH\"},{\"ewalletType\":\"DANA\"},{\"ewalletType\":\"ASTRAPAY\"},{\"ewalletType\":\"LINKAJA\"},{\"ewalletType\":\"JENIUSPAY\"},{\"ewalletType\":\"GOPAY\"}],\"availableQrCodes\":[{\"qrCodeType\":\"QRIS\"}],\"availableDirectDebits\":[],\"availablePaylaters\":[],\"shouldExcludeCreditCard\":true,\"shouldSendEmail\":false,\"created\":\"2026-03-08T06:02:46.569Z\",\"updated\":\"2026-03-08T06:02:46.569Z\",\"successRedirectUrl\":\"http://localhost:5173/payment/success\",\"failureRedirectUrl\":\"http://localhost:5173/payment/failed\",\"currency\":\"IDR\",\"items\":[{\"name\":\"FESTIVAL\",\"price\":40000,\"quantity\":1,\"category\":\"ticket\"}],\"customer\":{\"givenNames\":\"baskoro\",\"email\":\"ghb82816@gmail.com\",\"mobileNumber\":\"87654323768\"},\"customerNotificationPreference\":{\"invoiceCreated\":[\"email\"],\"invoiceReminder\":[\"email\"],\"invoicePaid\":[\"email\"]}}', NULL, '2026-03-08 13:02:46', '2026-03-08 15:40:00'),
('3626c05d-00b2-44b1-b87d-5db826c85108', 'be7a8907-e4d5-4773-b893-8abdd6049dab', 'xendit', '69aa83aa276cf90a6ce6828c', 226000.00, 0.00, 'paid', 'INVOICE', NULL, NULL, NULL, '{\"id\":\"69aa83aa276cf90a6ce6828c\",\"externalId\":\"2603060734-7TK9\",\"userId\":\"6986021ddefdb77feacfe270\",\"description\":\"Pembayaran Tiket Event: . Harga sudah termasuk biaya layanan & pajak daerah.\",\"status\":\"PENDING\",\"merchantName\":\"Beli Senang\",\"merchantProfilePictureUrl\":\"https://du8nwjtfkinx.cloudfront.net/xendit.png\",\"amount\":226000,\"expiryDate\":\"2026-03-06T08:35:06.332Z\",\"invoiceUrl\":\"https://checkout-staging.xendit.co/web/69aa83aa276cf90a6ce6828c\",\"availableBanks\":[],\"availableRetailOutlets\":[],\"availableEwallets\":[{\"ewalletType\":\"OVO\"},{\"ewalletType\":\"SHOPEEPAY\"},{\"ewalletType\":\"NEXCASH\"},{\"ewalletType\":\"DANA\"},{\"ewalletType\":\"ASTRAPAY\"},{\"ewalletType\":\"LINKAJA\"},{\"ewalletType\":\"JENIUSPAY\"},{\"ewalletType\":\"GOPAY\"}],\"availableQrCodes\":[{\"qrCodeType\":\"QRIS\"}],\"availableDirectDebits\":[],\"availablePaylaters\":[],\"shouldExcludeCreditCard\":true,\"shouldSendEmail\":false,\"created\":\"2026-03-06T07:35:06.429Z\",\"updated\":\"2026-03-06T07:35:06.429Z\",\"successRedirectUrl\":\"http://localhost:5173/payment/success\",\"failureRedirectUrl\":\"http://localhost:5173/payment/failed\",\"currency\":\"IDR\",\"items\":[{\"name\":\"REGULER\",\"price\":50000,\"quantity\":2,\"category\":\"ticket\"},{\"name\":\"VIP 1\",\"price\":75000,\"quantity\":1,\"category\":\"ticket\"},{\"name\":\"Biaya Layanan\",\"price\":30000,\"quantity\":1,\"category\":\"service_fee\"},{\"name\":\"Pajak Daerah\",\"price\":21000,\"quantity\":1,\"category\":\"tax\"}],\"customer\":{\"givenNames\":\"paeru 2\",\"email\":\"ghb82816@gmail.com\",\"mobileNumber\":\"+6281234567890\"},\"customerNotificationPreference\":{\"invoiceCreated\":[\"email\"],\"invoiceReminder\":[\"email\"],\"invoicePaid\":[\"email\"]}}', '2026-03-06 14:35:33', '2026-03-06 14:35:06', '2026-03-06 14:35:33'),
('395ed7f5-f990-4aa3-b591-5972619696fb', '59e92422-64f1-4401-a7a3-e76a7fbc3c09', 'xendit', '69aa8e56276cf90a6ce692aa', 226000.00, 0.00, 'paid', 'INVOICE', NULL, NULL, NULL, '{\"id\":\"69aa8e56276cf90a6ce692aa\",\"externalId\":\"2603060820-TKUV\",\"userId\":\"6986021ddefdb77feacfe270\",\"description\":\"Pembayaran Tiket Event: . Harga sudah termasuk biaya layanan & pajak daerah.\",\"status\":\"PENDING\",\"merchantName\":\"Beli Senang\",\"merchantProfilePictureUrl\":\"https://du8nwjtfkinx.cloudfront.net/xendit.png\",\"amount\":226000,\"expiryDate\":\"2026-03-06T09:20:38.688Z\",\"invoiceUrl\":\"https://checkout-staging.xendit.co/web/69aa8e56276cf90a6ce692aa\",\"availableBanks\":[],\"availableRetailOutlets\":[],\"availableEwallets\":[{\"ewalletType\":\"OVO\"},{\"ewalletType\":\"SHOPEEPAY\"},{\"ewalletType\":\"NEXCASH\"},{\"ewalletType\":\"DANA\"},{\"ewalletType\":\"ASTRAPAY\"},{\"ewalletType\":\"LINKAJA\"},{\"ewalletType\":\"JENIUSPAY\"},{\"ewalletType\":\"GOPAY\"}],\"availableQrCodes\":[{\"qrCodeType\":\"QRIS\"}],\"availableDirectDebits\":[],\"availablePaylaters\":[],\"shouldExcludeCreditCard\":true,\"shouldSendEmail\":false,\"created\":\"2026-03-06T08:20:38.822Z\",\"updated\":\"2026-03-06T08:20:38.822Z\",\"successRedirectUrl\":\"http://localhost:5173/payment/success\",\"failureRedirectUrl\":\"http://localhost:5173/payment/failed\",\"currency\":\"IDR\",\"items\":[{\"name\":\"VIP 1\",\"price\":75000,\"quantity\":1,\"category\":\"ticket\"},{\"name\":\"REGULER\",\"price\":50000,\"quantity\":2,\"category\":\"ticket\"},{\"name\":\"Biaya Layanan\",\"price\":30000,\"quantity\":1,\"category\":\"service_fee\"},{\"name\":\"Pajak Daerah\",\"price\":21000,\"quantity\":1,\"category\":\"tax\"}],\"customer\":{\"givenNames\":\"paeru 2\",\"email\":\"ghb82816@gmail.com\",\"mobileNumber\":\"+6281234567890\"},\"customerNotificationPreference\":{\"invoiceCreated\":[\"email\"],\"invoiceReminder\":[\"email\"],\"invoicePaid\":[\"email\"]}}', '2026-03-06 15:20:58', '2026-03-06 15:20:38', '2026-03-06 15:20:58'),
('3af36ddf-14f5-4814-addb-d90a84843e84', 'a88a58fb-7ab6-4f61-9c21-5cbf616c8ab6', 'xendit', '69a6a882b7986c8ba6048b47', 80000.00, 0.00, 'paid', 'INVOICE', NULL, NULL, NULL, '{\"id\":\"69a6a882b7986c8ba6048b47\",\"externalId\":\"2603030922-6NRM\",\"userId\":\"6986021ddefdb77feacfe270\",\"description\":\"Pembayaran Tiket Event: buzz youth fest. Harga sudah termasuk biaya layanan & pajak daerah.\",\"status\":\"PENDING\",\"merchantName\":\"Beli Senang\",\"merchantProfilePictureUrl\":\"https://du8nwjtfkinx.cloudfront.net/xendit.png\",\"amount\":80000,\"expiryDate\":\"2026-03-03T10:23:14.269Z\",\"invoiceUrl\":\"https://checkout-staging.xendit.co/web/69a6a882b7986c8ba6048b47\",\"availableBanks\":[],\"availableRetailOutlets\":[],\"availableEwallets\":[{\"ewalletType\":\"OVO\"},{\"ewalletType\":\"SHOPEEPAY\"},{\"ewalletType\":\"NEXCASH\"},{\"ewalletType\":\"DANA\"},{\"ewalletType\":\"ASTRAPAY\"},{\"ewalletType\":\"LINKAJA\"},{\"ewalletType\":\"JENIUSPAY\"},{\"ewalletType\":\"GOPAY\"}],\"availableQrCodes\":[{\"qrCodeType\":\"QRIS\"}],\"availableDirectDebits\":[],\"availablePaylaters\":[],\"shouldExcludeCreditCard\":true,\"shouldSendEmail\":false,\"created\":\"2026-03-03T09:23:14.376Z\",\"updated\":\"2026-03-03T09:23:14.376Z\",\"successRedirectUrl\":\"http://localhost:5173/payment/success\",\"failureRedirectUrl\":\"http://localhost:5173/payment/failed\",\"currency\":\"IDR\",\"items\":[{\"name\":\"FESTIVAL\",\"price\":40000,\"quantity\":2,\"category\":\"ticket\"}],\"customer\":{\"givenNames\":\"paeru 2\",\"email\":\"ghb82816@gmail.com\",\"mobileNumber\":\"+6281234567890\"},\"customerNotificationPreference\":{\"invoiceCreated\":[\"email\"],\"invoiceReminder\":[\"email\"],\"invoicePaid\":[\"email\"]}}', '2026-03-03 16:23:46', '2026-03-03 16:23:14', '2026-03-03 16:23:46'),
('40c9e1f6-3a9c-414f-b60f-f7c7319ab432', 'e0166451-812e-44d9-b59e-7e4eb2ab8ba7', 'xendit', '69acf468276cf90a6ce951c7', 66000.00, 0.00, 'paid', 'INVOICE', NULL, NULL, NULL, '{\"id\":\"69acf468276cf90a6ce951c7\",\"externalId\":\"2603080400-7UKY\",\"userId\":\"6986021ddefdb77feacfe270\",\"description\":\"Pembayaran Tiket Event: . Harga sudah termasuk biaya layanan & pajak daerah.\",\"status\":\"PENDING\",\"merchantName\":\"Beli Senang\",\"merchantProfilePictureUrl\":\"https://du8nwjtfkinx.cloudfront.net/xendit.png\",\"amount\":66000,\"expiryDate\":\"2026-03-08T05:00:40.432Z\",\"invoiceUrl\":\"https://checkout-staging.xendit.co/web/69acf468276cf90a6ce951c7\",\"availableBanks\":[],\"availableRetailOutlets\":[],\"availableEwallets\":[{\"ewalletType\":\"OVO\"},{\"ewalletType\":\"SHOPEEPAY\"},{\"ewalletType\":\"NEXCASH\"},{\"ewalletType\":\"DANA\"},{\"ewalletType\":\"ASTRAPAY\"},{\"ewalletType\":\"LINKAJA\"},{\"ewalletType\":\"JENIUSPAY\"},{\"ewalletType\":\"GOPAY\"}],\"availableQrCodes\":[{\"qrCodeType\":\"QRIS\"}],\"availableDirectDebits\":[],\"availablePaylaters\":[],\"shouldExcludeCreditCard\":true,\"shouldSendEmail\":false,\"created\":\"2026-03-08T04:00:40.675Z\",\"updated\":\"2026-03-08T04:00:40.675Z\",\"successRedirectUrl\":\"http://localhost:5173/payment/success\",\"failureRedirectUrl\":\"http://localhost:5173/payment/failed\",\"currency\":\"IDR\",\"items\":[{\"name\":\"REGULER\",\"price\":50000,\"quantity\":1,\"category\":\"ticket\"},{\"name\":\"Biaya Layanan\",\"price\":10000,\"quantity\":1,\"category\":\"service_fee\"},{\"name\":\"Pajak Daerah\",\"price\":6000,\"quantity\":1,\"category\":\"tax\"}],\"customer\":{\"givenNames\":\"paeru 2\",\"email\":\"ghb82816@gmail.com\",\"mobileNumber\":\"+6281234567890\"},\"customerNotificationPreference\":{\"invoiceCreated\":[\"email\"],\"invoiceReminder\":[\"email\"],\"invoicePaid\":[\"email\"]}}', '2026-03-08 11:01:04', '2026-03-08 11:00:41', '2026-03-08 11:01:04'),
('41892140-21ac-4534-bf6d-980ca51c58c0', '06d22330-a32c-4474-97d6-21109e967cd5', 'xendit', '69abee6d276cf90a6ce83210', 80000.00, 0.00, '', 'INVOICE', NULL, NULL, NULL, '{\"id\":\"69abee6d276cf90a6ce83210\",\"externalId\":\"2603070922-O6CR\",\"userId\":\"6986021ddefdb77feacfe270\",\"description\":\"Pembayaran Tiket Event: . Harga sudah termasuk biaya layanan & pajak daerah.\",\"status\":\"PENDING\",\"merchantName\":\"Beli Senang\",\"merchantProfilePictureUrl\":\"https://du8nwjtfkinx.cloudfront.net/xendit.png\",\"amount\":80000,\"expiryDate\":\"2026-03-07T10:22:54.117Z\",\"invoiceUrl\":\"https://checkout-staging.xendit.co/web/69abee6d276cf90a6ce83210\",\"availableBanks\":[],\"availableRetailOutlets\":[],\"availableEwallets\":[{\"ewalletType\":\"OVO\"},{\"ewalletType\":\"SHOPEEPAY\"},{\"ewalletType\":\"NEXCASH\"},{\"ewalletType\":\"DANA\"},{\"ewalletType\":\"ASTRAPAY\"},{\"ewalletType\":\"LINKAJA\"},{\"ewalletType\":\"JENIUSPAY\"},{\"ewalletType\":\"GOPAY\"}],\"availableQrCodes\":[{\"qrCodeType\":\"QRIS\"}],\"availableDirectDebits\":[],\"availablePaylaters\":[],\"shouldExcludeCreditCard\":true,\"shouldSendEmail\":false,\"created\":\"2026-03-07T09:22:54.445Z\",\"updated\":\"2026-03-07T09:22:54.445Z\",\"successRedirectUrl\":\"http://localhost:5173/payment/success\",\"failureRedirectUrl\":\"http://localhost:5173/payment/failed\",\"currency\":\"IDR\",\"items\":[{\"name\":\"FESTIVAL\",\"price\":40000,\"quantity\":2,\"category\":\"ticket\"}],\"customer\":{\"givenNames\":\"baskoro\",\"email\":\"admin@admin.com\",\"mobileNumber\":\"87654323768\"},\"customerNotificationPreference\":{\"invoiceCreated\":[\"email\"],\"invoiceReminder\":[\"email\"],\"invoicePaid\":[\"email\"]}}', NULL, '2026-03-07 16:22:54', '2026-03-07 19:00:00'),
('43fc7d6a-b07a-46ec-be9d-6bafd125e818', 'ee0a16a2-8243-4303-9127-d699e7c85a2d', 'xendit', '69acf77a276cf90a6ce955f7', 66000.00, 0.00, 'paid', 'INVOICE', NULL, NULL, NULL, '{\"id\":\"69acf77a276cf90a6ce955f7\",\"externalId\":\"2603080413-XQAQ\",\"userId\":\"6986021ddefdb77feacfe270\",\"description\":\"Pembayaran Tiket Event: . Harga sudah termasuk biaya layanan & pajak daerah.\",\"status\":\"PENDING\",\"merchantName\":\"Beli Senang\",\"merchantProfilePictureUrl\":\"https://du8nwjtfkinx.cloudfront.net/xendit.png\",\"amount\":66000,\"expiryDate\":\"2026-03-08T05:13:46.746Z\",\"invoiceUrl\":\"https://checkout-staging.xendit.co/web/69acf77a276cf90a6ce955f7\",\"availableBanks\":[],\"availableRetailOutlets\":[],\"availableEwallets\":[{\"ewalletType\":\"OVO\"},{\"ewalletType\":\"SHOPEEPAY\"},{\"ewalletType\":\"NEXCASH\"},{\"ewalletType\":\"DANA\"},{\"ewalletType\":\"ASTRAPAY\"},{\"ewalletType\":\"LINKAJA\"},{\"ewalletType\":\"JENIUSPAY\"},{\"ewalletType\":\"GOPAY\"}],\"availableQrCodes\":[{\"qrCodeType\":\"QRIS\"}],\"availableDirectDebits\":[],\"availablePaylaters\":[],\"shouldExcludeCreditCard\":true,\"shouldSendEmail\":false,\"created\":\"2026-03-08T04:13:46.998Z\",\"updated\":\"2026-03-08T04:13:46.998Z\",\"successRedirectUrl\":\"http://localhost:5173/payment/success\",\"failureRedirectUrl\":\"http://localhost:5173/payment/failed\",\"currency\":\"IDR\",\"items\":[{\"name\":\"REGULER\",\"price\":50000,\"quantity\":1,\"category\":\"ticket\"},{\"name\":\"Biaya Layanan\",\"price\":10000,\"quantity\":1,\"category\":\"service_fee\"},{\"name\":\"Pajak Daerah\",\"price\":6000,\"quantity\":1,\"category\":\"tax\"}],\"customer\":{\"givenNames\":\"paeru 2\",\"email\":\"ghb82816@gmail.com\",\"mobileNumber\":\"+6281234567890\"},\"customerNotificationPreference\":{\"invoiceCreated\":[\"email\"],\"invoiceReminder\":[\"email\"],\"invoicePaid\":[\"email\"]}}', '2026-03-08 11:14:04', '2026-03-08 11:13:47', '2026-03-08 11:14:04'),
('499c05bf-79d4-4e9e-a894-c66cb86345e4', 'ed78dcd7-47cf-44cc-8874-54f57d07d316', 'xendit', '69a71bc3b7986c8ba6053ab6', 80000.00, 0.00, 'paid', 'INVOICE', NULL, NULL, NULL, '{\"id\":\"69a71bc3b7986c8ba6053ab6\",\"externalId\":\"2603031734-KQM2\",\"userId\":\"6986021ddefdb77feacfe270\",\"description\":\"Pembayaran Tiket Event: buzz youth fest. Harga sudah termasuk biaya layanan & pajak daerah.\",\"status\":\"PENDING\",\"merchantName\":\"Beli Senang\",\"merchantProfilePictureUrl\":\"https://du8nwjtfkinx.cloudfront.net/xendit.png\",\"amount\":80000,\"expiryDate\":\"2026-03-03T18:35:00.267Z\",\"invoiceUrl\":\"https://checkout-staging.xendit.co/web/69a71bc3b7986c8ba6053ab6\",\"availableBanks\":[],\"availableRetailOutlets\":[],\"availableEwallets\":[{\"ewalletType\":\"OVO\"},{\"ewalletType\":\"SHOPEEPAY\"},{\"ewalletType\":\"NEXCASH\"},{\"ewalletType\":\"DANA\"},{\"ewalletType\":\"ASTRAPAY\"},{\"ewalletType\":\"LINKAJA\"},{\"ewalletType\":\"JENIUSPAY\"},{\"ewalletType\":\"GOPAY\"}],\"availableQrCodes\":[{\"qrCodeType\":\"QRIS\"}],\"availableDirectDebits\":[],\"availablePaylaters\":[],\"shouldExcludeCreditCard\":true,\"shouldSendEmail\":false,\"created\":\"2026-03-03T17:35:00.887Z\",\"updated\":\"2026-03-03T17:35:00.887Z\",\"successRedirectUrl\":\"http://localhost:5173/payment/success\",\"failureRedirectUrl\":\"http://localhost:5173/payment/failed\",\"currency\":\"IDR\",\"items\":[{\"name\":\"FESTIVAL\",\"price\":40000,\"quantity\":2,\"category\":\"ticket\"}],\"customer\":{\"givenNames\":\"paeru 2\",\"email\":\"ghb82816@gmail.com\",\"mobileNumber\":\"+6281234567890\"},\"customerNotificationPreference\":{\"invoiceCreated\":[\"email\"],\"invoiceReminder\":[\"email\"],\"invoicePaid\":[\"email\"]}}', '2026-03-04 00:35:32', '2026-03-04 00:35:01', '2026-03-04 00:35:32'),
('4c1b49ba-9208-4cbd-9025-1f1e4e8a6a07', '1007ad8a-caf2-48da-9b5b-c3dab0b21e2b', 'xendit', '69acf282276cf90a6ce94eeb', 66000.00, 0.00, 'paid', 'INVOICE', NULL, NULL, NULL, '{\"id\":\"69acf282276cf90a6ce94eeb\",\"externalId\":\"2603080352-R8Y8\",\"userId\":\"6986021ddefdb77feacfe270\",\"description\":\"Pembayaran Tiket Event: . Harga sudah termasuk biaya layanan & pajak daerah.\",\"status\":\"PENDING\",\"merchantName\":\"Beli Senang\",\"merchantProfilePictureUrl\":\"https://du8nwjtfkinx.cloudfront.net/xendit.png\",\"amount\":66000,\"expiryDate\":\"2026-03-08T04:52:34.204Z\",\"invoiceUrl\":\"https://checkout-staging.xendit.co/web/69acf282276cf90a6ce94eeb\",\"availableBanks\":[],\"availableRetailOutlets\":[],\"availableEwallets\":[{\"ewalletType\":\"OVO\"},{\"ewalletType\":\"SHOPEEPAY\"},{\"ewalletType\":\"NEXCASH\"},{\"ewalletType\":\"DANA\"},{\"ewalletType\":\"ASTRAPAY\"},{\"ewalletType\":\"LINKAJA\"},{\"ewalletType\":\"JENIUSPAY\"},{\"ewalletType\":\"GOPAY\"}],\"availableQrCodes\":[{\"qrCodeType\":\"QRIS\"}],\"availableDirectDebits\":[],\"availablePaylaters\":[],\"shouldExcludeCreditCard\":true,\"shouldSendEmail\":false,\"created\":\"2026-03-08T03:52:34.337Z\",\"updated\":\"2026-03-08T03:52:34.337Z\",\"successRedirectUrl\":\"http://localhost:5173/payment/success\",\"failureRedirectUrl\":\"http://localhost:5173/payment/failed\",\"currency\":\"IDR\",\"items\":[{\"name\":\"REGULER\",\"price\":50000,\"quantity\":1,\"category\":\"ticket\"},{\"name\":\"Biaya Layanan\",\"price\":10000,\"quantity\":1,\"category\":\"service_fee\"},{\"name\":\"Pajak Daerah\",\"price\":6000,\"quantity\":1,\"category\":\"tax\"}],\"customer\":{\"givenNames\":\"paeru 2\",\"email\":\"ghb82816@gmail.com\",\"mobileNumber\":\"+6281234567890\"},\"customerNotificationPreference\":{\"invoiceCreated\":[\"email\"],\"invoiceReminder\":[\"email\"],\"invoicePaid\":[\"email\"]}}', '2026-03-08 10:52:52', '2026-03-08 10:52:34', '2026-03-08 10:52:52'),
('4e6844e5-c87f-464a-a0ab-c96484af7370', '68a0ef4c-8230-4419-8de7-d36c966b573e', 'xendit', '69a724aeb7986c8ba6054398', 80000.00, 0.00, 'paid', 'INVOICE', NULL, NULL, NULL, '{\"id\":\"69a724aeb7986c8ba6054398\",\"externalId\":\"2603031812-I2IX\",\"userId\":\"6986021ddefdb77feacfe270\",\"description\":\"Pembayaran Tiket Event: buzz youth fest. Harga sudah termasuk biaya layanan & pajak daerah.\",\"status\":\"PENDING\",\"merchantName\":\"Beli Senang\",\"merchantProfilePictureUrl\":\"https://du8nwjtfkinx.cloudfront.net/xendit.png\",\"amount\":80000,\"expiryDate\":\"2026-03-03T19:13:02.587Z\",\"invoiceUrl\":\"https://checkout-staging.xendit.co/web/69a724aeb7986c8ba6054398\",\"availableBanks\":[],\"availableRetailOutlets\":[],\"availableEwallets\":[{\"ewalletType\":\"OVO\"},{\"ewalletType\":\"SHOPEEPAY\"},{\"ewalletType\":\"NEXCASH\"},{\"ewalletType\":\"DANA\"},{\"ewalletType\":\"ASTRAPAY\"},{\"ewalletType\":\"LINKAJA\"},{\"ewalletType\":\"JENIUSPAY\"},{\"ewalletType\":\"GOPAY\"}],\"availableQrCodes\":[{\"qrCodeType\":\"QRIS\"}],\"availableDirectDebits\":[],\"availablePaylaters\":[],\"shouldExcludeCreditCard\":true,\"shouldSendEmail\":false,\"created\":\"2026-03-03T18:13:02.835Z\",\"updated\":\"2026-03-03T18:13:02.835Z\",\"successRedirectUrl\":\"http://localhost:5173/payment/success\",\"failureRedirectUrl\":\"http://localhost:5173/payment/failed\",\"currency\":\"IDR\",\"items\":[{\"name\":\"FESTIVAL\",\"price\":40000,\"quantity\":2,\"category\":\"ticket\"}],\"customer\":{\"givenNames\":\"paeru 2\",\"email\":\"ghb82816@gmail.com\",\"mobileNumber\":\"+6281234567890\"},\"customerNotificationPreference\":{\"invoiceCreated\":[\"email\"],\"invoiceReminder\":[\"email\"],\"invoicePaid\":[\"email\"]}}', '2026-03-04 01:13:33', '2026-03-04 01:13:02', '2026-03-04 01:13:33'),
('51e23e72-9a26-4c75-9836-2b260d064857', '09719778-42c5-40e8-a929-b19e2e83b319', 'xendit', '69ace69b276cf90a6ce93e2a', 66000.00, 0.00, 'paid', 'INVOICE', NULL, NULL, NULL, '{\"id\":\"69ace69b276cf90a6ce93e2a\",\"externalId\":\"2603080301-GUCP\",\"userId\":\"6986021ddefdb77feacfe270\",\"description\":\"Pembayaran Tiket Event: . Harga sudah termasuk biaya layanan & pajak daerah.\",\"status\":\"PENDING\",\"merchantName\":\"Beli Senang\",\"merchantProfilePictureUrl\":\"https://du8nwjtfkinx.cloudfront.net/xendit.png\",\"amount\":66000,\"expiryDate\":\"2026-03-08T04:01:47.731Z\",\"invoiceUrl\":\"https://checkout-staging.xendit.co/web/69ace69b276cf90a6ce93e2a\",\"availableBanks\":[],\"availableRetailOutlets\":[],\"availableEwallets\":[{\"ewalletType\":\"OVO\"},{\"ewalletType\":\"SHOPEEPAY\"},{\"ewalletType\":\"NEXCASH\"},{\"ewalletType\":\"DANA\"},{\"ewalletType\":\"ASTRAPAY\"},{\"ewalletType\":\"LINKAJA\"},{\"ewalletType\":\"JENIUSPAY\"},{\"ewalletType\":\"GOPAY\"}],\"availableQrCodes\":[{\"qrCodeType\":\"QRIS\"}],\"availableDirectDebits\":[],\"availablePaylaters\":[],\"shouldExcludeCreditCard\":true,\"shouldSendEmail\":false,\"created\":\"2026-03-08T03:01:47.992Z\",\"updated\":\"2026-03-08T03:01:47.992Z\",\"successRedirectUrl\":\"http://localhost:5173/payment/success\",\"failureRedirectUrl\":\"http://localhost:5173/payment/failed\",\"currency\":\"IDR\",\"items\":[{\"name\":\"REGULER\",\"price\":50000,\"quantity\":1,\"category\":\"ticket\"},{\"name\":\"Biaya Layanan\",\"price\":10000,\"quantity\":1,\"category\":\"service_fee\"},{\"name\":\"Pajak Daerah\",\"price\":6000,\"quantity\":1,\"category\":\"tax\"}],\"customer\":{\"givenNames\":\"paeru 2\",\"email\":\"ghb82816@gmail.com\",\"mobileNumber\":\"+6281234567890\"},\"customerNotificationPreference\":{\"invoiceCreated\":[\"email\"],\"invoiceReminder\":[\"email\"],\"invoicePaid\":[\"email\"]}}', '2026-03-08 10:02:06', '2026-03-08 10:01:48', '2026-03-08 10:02:06'),
('52376a63-b224-40cd-9c98-e63aca1cae21', 'f30e6f8a-f2cf-4668-8515-a1f7ce1cf809', 'xendit', '69ad12efef32604835683fcc', 40000.00, 0.00, 'paid', 'INVOICE', NULL, NULL, NULL, '{\"id\":\"69ad12efef32604835683fcc\",\"externalId\":\"2603080610-8GPH\",\"userId\":\"6986021ddefdb77feacfe270\",\"description\":\"Pembayaran Tiket Event: . Harga sudah termasuk biaya layanan & pajak daerah.\",\"status\":\"PENDING\",\"merchantName\":\"Beli Senang\",\"merchantProfilePictureUrl\":\"https://du8nwjtfkinx.cloudfront.net/xendit.png\",\"amount\":40000,\"expiryDate\":\"2026-03-08T07:10:55.931Z\",\"invoiceUrl\":\"https://checkout-staging.xendit.co/web/69ad12efef32604835683fcc\",\"availableBanks\":[],\"availableRetailOutlets\":[],\"availableEwallets\":[{\"ewalletType\":\"OVO\"},{\"ewalletType\":\"SHOPEEPAY\"},{\"ewalletType\":\"NEXCASH\"},{\"ewalletType\":\"DANA\"},{\"ewalletType\":\"ASTRAPAY\"},{\"ewalletType\":\"LINKAJA\"},{\"ewalletType\":\"JENIUSPAY\"},{\"ewalletType\":\"GOPAY\"}],\"availableQrCodes\":[{\"qrCodeType\":\"QRIS\"}],\"availableDirectDebits\":[],\"availablePaylaters\":[],\"shouldExcludeCreditCard\":true,\"shouldSendEmail\":false,\"created\":\"2026-03-08T06:10:56.116Z\",\"updated\":\"2026-03-08T06:10:56.116Z\",\"successRedirectUrl\":\"http://localhost:5173/payment/success\",\"failureRedirectUrl\":\"http://localhost:5173/payment/failed\",\"currency\":\"IDR\",\"items\":[{\"name\":\"FESTIVAL\",\"price\":40000,\"quantity\":1,\"category\":\"ticket\"}],\"customer\":{\"givenNames\":\"baskoro\",\"email\":\"ghb82816@gmail.com\",\"mobileNumber\":\"785784568468578\"},\"customerNotificationPreference\":{\"invoiceCreated\":[\"email\"],\"invoiceReminder\":[\"email\"],\"invoicePaid\":[\"email\"]}}', '2026-03-08 13:25:54', '2026-03-08 13:10:56', '2026-03-08 13:25:54'),
('5387b8f7-d376-40ee-b67d-b726658611ab', 'dd472387-6f0e-4601-b426-8dcd7b52de64', 'xendit', '69aa8b80ef32604835654e6a', 226000.00, 0.00, 'paid', 'INVOICE', NULL, NULL, NULL, '{\"id\":\"69aa8b80ef32604835654e6a\",\"externalId\":\"2603060808-OIL4\",\"userId\":\"6986021ddefdb77feacfe270\",\"description\":\"Pembayaran Tiket Event: . Harga sudah termasuk biaya layanan & pajak daerah.\",\"status\":\"PENDING\",\"merchantName\":\"Beli Senang\",\"merchantProfilePictureUrl\":\"https://du8nwjtfkinx.cloudfront.net/xendit.png\",\"amount\":226000,\"expiryDate\":\"2026-03-06T09:08:32.329Z\",\"invoiceUrl\":\"https://checkout-staging.xendit.co/web/69aa8b80ef32604835654e6a\",\"availableBanks\":[],\"availableRetailOutlets\":[],\"availableEwallets\":[{\"ewalletType\":\"OVO\"},{\"ewalletType\":\"SHOPEEPAY\"},{\"ewalletType\":\"NEXCASH\"},{\"ewalletType\":\"DANA\"},{\"ewalletType\":\"ASTRAPAY\"},{\"ewalletType\":\"LINKAJA\"},{\"ewalletType\":\"JENIUSPAY\"},{\"ewalletType\":\"GOPAY\"}],\"availableQrCodes\":[{\"qrCodeType\":\"QRIS\"}],\"availableDirectDebits\":[],\"availablePaylaters\":[],\"shouldExcludeCreditCard\":true,\"shouldSendEmail\":false,\"created\":\"2026-03-06T08:08:32.354Z\",\"updated\":\"2026-03-06T08:08:32.354Z\",\"successRedirectUrl\":\"http://localhost:5173/payment/success\",\"failureRedirectUrl\":\"http://localhost:5173/payment/failed\",\"currency\":\"IDR\",\"items\":[{\"name\":\"REGULER\",\"price\":50000,\"quantity\":2,\"category\":\"ticket\"},{\"name\":\"VIP 1\",\"price\":75000,\"quantity\":1,\"category\":\"ticket\"},{\"name\":\"Biaya Layanan\",\"price\":30000,\"quantity\":1,\"category\":\"service_fee\"},{\"name\":\"Pajak Daerah\",\"price\":21000,\"quantity\":1,\"category\":\"tax\"}],\"customer\":{\"givenNames\":\"paeru 2\",\"email\":\"ghb82816@gmail.com\",\"mobileNumber\":\"+6281234567890\"},\"customerNotificationPreference\":{\"invoiceCreated\":[\"email\"],\"invoiceReminder\":[\"email\"],\"invoicePaid\":[\"email\"]}}', '2026-03-06 15:08:53', '2026-03-06 15:08:32', '2026-03-06 15:08:53'),
('6755b819-1982-44f4-b1fa-21b86a53e152', '547686ae-f04a-401a-b547-81eac5de3912', 'xendit', '69ad0e4e276cf90a6ce97749', 66000.00, 0.00, '', 'INVOICE', NULL, NULL, NULL, '{\"id\":\"69ad0e4e276cf90a6ce97749\",\"externalId\":\"2603080550-I9L5\",\"userId\":\"6986021ddefdb77feacfe270\",\"description\":\"Pembayaran Tiket Event: . Harga sudah termasuk biaya layanan & pajak daerah.\",\"status\":\"PENDING\",\"merchantName\":\"Beli Senang\",\"merchantProfilePictureUrl\":\"https://du8nwjtfkinx.cloudfront.net/xendit.png\",\"amount\":66000,\"expiryDate\":\"2026-03-08T06:51:10.564Z\",\"invoiceUrl\":\"https://checkout-staging.xendit.co/web/69ad0e4e276cf90a6ce97749\",\"availableBanks\":[],\"availableRetailOutlets\":[],\"availableEwallets\":[{\"ewalletType\":\"OVO\"},{\"ewalletType\":\"SHOPEEPAY\"},{\"ewalletType\":\"NEXCASH\"},{\"ewalletType\":\"DANA\"},{\"ewalletType\":\"ASTRAPAY\"},{\"ewalletType\":\"LINKAJA\"},{\"ewalletType\":\"JENIUSPAY\"},{\"ewalletType\":\"GOPAY\"}],\"availableQrCodes\":[{\"qrCodeType\":\"QRIS\"}],\"availableDirectDebits\":[],\"availablePaylaters\":[],\"shouldExcludeCreditCard\":true,\"shouldSendEmail\":false,\"created\":\"2026-03-08T05:51:10.603Z\",\"updated\":\"2026-03-08T05:51:10.603Z\",\"successRedirectUrl\":\"http://localhost:5173/payment/success\",\"failureRedirectUrl\":\"http://localhost:5173/payment/failed\",\"currency\":\"IDR\",\"items\":[{\"name\":\"REGULER\",\"price\":50000,\"quantity\":1,\"category\":\"ticket\"},{\"name\":\"Biaya Layanan\",\"price\":10000,\"quantity\":1,\"category\":\"service_fee\"},{\"name\":\"Pajak Daerah\",\"price\":6000,\"quantity\":1,\"category\":\"tax\"}],\"customer\":{\"givenNames\":\"paeru 2\",\"email\":\"ghb82816@gmail.com\",\"mobileNumber\":\"+6281234567890\"},\"customerNotificationPreference\":{\"invoiceCreated\":[\"email\"],\"invoiceReminder\":[\"email\"],\"invoicePaid\":[\"email\"]}}', NULL, '2026-03-08 12:51:10', '2026-03-08 13:10:00'),
('6f5b5f29-980b-4a2f-a443-97669e2c2555', 'ef662d82-b7cd-48c5-ae61-b7a53dcd8da9', 'xendit', '69acfccc276cf90a6ce95dad', 66000.00, 0.00, 'paid', 'INVOICE', NULL, NULL, NULL, '{\"id\":\"69acfccc276cf90a6ce95dad\",\"externalId\":\"2603080436-BSN7\",\"userId\":\"6986021ddefdb77feacfe270\",\"description\":\"Pembayaran Tiket Event: . Harga sudah termasuk biaya layanan & pajak daerah.\",\"status\":\"PENDING\",\"merchantName\":\"Beli Senang\",\"merchantProfilePictureUrl\":\"https://du8nwjtfkinx.cloudfront.net/xendit.png\",\"amount\":66000,\"expiryDate\":\"2026-03-08T05:36:28.388Z\",\"invoiceUrl\":\"https://checkout-staging.xendit.co/web/69acfccc276cf90a6ce95dad\",\"availableBanks\":[],\"availableRetailOutlets\":[],\"availableEwallets\":[{\"ewalletType\":\"OVO\"},{\"ewalletType\":\"SHOPEEPAY\"},{\"ewalletType\":\"NEXCASH\"},{\"ewalletType\":\"DANA\"},{\"ewalletType\":\"ASTRAPAY\"},{\"ewalletType\":\"LINKAJA\"},{\"ewalletType\":\"JENIUSPAY\"},{\"ewalletType\":\"GOPAY\"}],\"availableQrCodes\":[{\"qrCodeType\":\"QRIS\"}],\"availableDirectDebits\":[],\"availablePaylaters\":[],\"shouldExcludeCreditCard\":true,\"shouldSendEmail\":false,\"created\":\"2026-03-08T04:36:28.622Z\",\"updated\":\"2026-03-08T04:36:28.622Z\",\"successRedirectUrl\":\"http://localhost:5173/payment/success\",\"failureRedirectUrl\":\"http://localhost:5173/payment/failed\",\"currency\":\"IDR\",\"items\":[{\"name\":\"REGULER\",\"price\":50000,\"quantity\":1,\"category\":\"ticket\"},{\"name\":\"Biaya Layanan\",\"price\":10000,\"quantity\":1,\"category\":\"service_fee\"},{\"name\":\"Pajak Daerah\",\"price\":6000,\"quantity\":1,\"category\":\"tax\"}],\"customer\":{\"givenNames\":\"paeru 2\",\"email\":\"ghb82816@gmail.com\",\"mobileNumber\":\"+6281234567890\"},\"customerNotificationPreference\":{\"invoiceCreated\":[\"email\"],\"invoiceReminder\":[\"email\"],\"invoicePaid\":[\"email\"]}}', '2026-03-08 11:36:49', '2026-03-08 11:36:29', '2026-03-08 11:36:49'),
('71fa6ed5-535d-4519-8f75-80442c33ae82', '4515f592-23e5-41f3-a3e8-0980c87f7226', 'xendit', '69ac8010276cf90a6ce8d220', 66000.00, 0.00, 'paid', 'INVOICE', NULL, NULL, NULL, '{\"id\":\"69ac8010276cf90a6ce8d220\",\"externalId\":\"2603071943-COCU\",\"userId\":\"6986021ddefdb77feacfe270\",\"description\":\"Pembayaran Tiket Event: . Harga sudah termasuk biaya layanan & pajak daerah.\",\"status\":\"PENDING\",\"merchantName\":\"Beli Senang\",\"merchantProfilePictureUrl\":\"https://du8nwjtfkinx.cloudfront.net/xendit.png\",\"amount\":66000,\"expiryDate\":\"2026-03-07T20:44:16.438Z\",\"invoiceUrl\":\"https://checkout-staging.xendit.co/web/69ac8010276cf90a6ce8d220\",\"availableBanks\":[],\"availableRetailOutlets\":[],\"availableEwallets\":[{\"ewalletType\":\"OVO\"},{\"ewalletType\":\"SHOPEEPAY\"},{\"ewalletType\":\"NEXCASH\"},{\"ewalletType\":\"DANA\"},{\"ewalletType\":\"ASTRAPAY\"},{\"ewalletType\":\"LINKAJA\"},{\"ewalletType\":\"JENIUSPAY\"},{\"ewalletType\":\"GOPAY\"}],\"availableQrCodes\":[{\"qrCodeType\":\"QRIS\"}],\"availableDirectDebits\":[],\"availablePaylaters\":[],\"shouldExcludeCreditCard\":true,\"shouldSendEmail\":false,\"created\":\"2026-03-07T19:44:16.718Z\",\"updated\":\"2026-03-07T19:44:16.718Z\",\"successRedirectUrl\":\"http://localhost:5173/payment/success\",\"failureRedirectUrl\":\"http://localhost:5173/payment/failed\",\"currency\":\"IDR\",\"items\":[{\"name\":\"REGULER\",\"price\":50000,\"quantity\":1,\"category\":\"ticket\"},{\"name\":\"Biaya Layanan\",\"price\":10000,\"quantity\":1,\"category\":\"service_fee\"},{\"name\":\"Pajak Daerah\",\"price\":6000,\"quantity\":1,\"category\":\"tax\"}],\"customer\":{\"givenNames\":\"paeru 2\",\"email\":\"ghb82816@gmail.com\",\"mobileNumber\":\"+6281234567890\"},\"customerNotificationPreference\":{\"invoiceCreated\":[\"email\"],\"invoiceReminder\":[\"email\"],\"invoicePaid\":[\"email\"]}}', '2026-03-08 02:46:18', '2026-03-08 02:44:16', '2026-03-08 02:46:18');
INSERT INTO `payments` (`id`, `order_id`, `provider`, `provider_transactions`, `amount`, `gateway_fee_amount`, `status`, `payment_method`, `qris_payload`, `qris_image_url`, `qris_expired_at`, `raw_callback_log`, `paid_at`, `created_at`, `updated_at`) VALUES
('7207b826-71b9-48ed-afec-c9a9d3247209', '0c030f0b-43d8-4540-bb0c-956f9c794f9d', 'xendit', '69aceec4ef32604835680b36', 66000.00, 0.00, 'paid', 'INVOICE', NULL, NULL, NULL, '{\"id\":\"69aceec4ef32604835680b36\",\"externalId\":\"2603080336-O66H\",\"userId\":\"6986021ddefdb77feacfe270\",\"description\":\"Pembayaran Tiket Event: . Harga sudah termasuk biaya layanan & pajak daerah.\",\"status\":\"PENDING\",\"merchantName\":\"Beli Senang\",\"merchantProfilePictureUrl\":\"https://du8nwjtfkinx.cloudfront.net/xendit.png\",\"amount\":66000,\"expiryDate\":\"2026-03-08T04:36:36.303Z\",\"invoiceUrl\":\"https://checkout-staging.xendit.co/web/69aceec4ef32604835680b36\",\"availableBanks\":[],\"availableRetailOutlets\":[],\"availableEwallets\":[{\"ewalletType\":\"OVO\"},{\"ewalletType\":\"SHOPEEPAY\"},{\"ewalletType\":\"NEXCASH\"},{\"ewalletType\":\"DANA\"},{\"ewalletType\":\"ASTRAPAY\"},{\"ewalletType\":\"LINKAJA\"},{\"ewalletType\":\"JENIUSPAY\"},{\"ewalletType\":\"GOPAY\"}],\"availableQrCodes\":[{\"qrCodeType\":\"QRIS\"}],\"availableDirectDebits\":[],\"availablePaylaters\":[],\"shouldExcludeCreditCard\":true,\"shouldSendEmail\":false,\"created\":\"2026-03-08T03:36:36.625Z\",\"updated\":\"2026-03-08T03:36:36.625Z\",\"successRedirectUrl\":\"http://localhost:5173/payment/success\",\"failureRedirectUrl\":\"http://localhost:5173/payment/failed\",\"currency\":\"IDR\",\"items\":[{\"name\":\"REGULER\",\"price\":50000,\"quantity\":1,\"category\":\"ticket\"},{\"name\":\"Biaya Layanan\",\"price\":10000,\"quantity\":1,\"category\":\"service_fee\"},{\"name\":\"Pajak Daerah\",\"price\":6000,\"quantity\":1,\"category\":\"tax\"}],\"customer\":{\"givenNames\":\"paeru 2\",\"email\":\"ghb82816@gmail.com\",\"mobileNumber\":\"+6281234567890\"},\"customerNotificationPreference\":{\"invoiceCreated\":[\"email\"],\"invoiceReminder\":[\"email\"],\"invoicePaid\":[\"email\"]}}', '2026-03-08 10:36:54', '2026-03-08 10:36:36', '2026-03-08 10:36:54'),
('81e7408c-4ff2-4f65-8c70-24e8e1f8512f', '37e3470e-1afc-46d9-a0c7-e76487cc5d48', 'xendit', '69acfa21276cf90a6ce959ba', 66000.00, 0.00, 'paid', 'INVOICE', NULL, NULL, NULL, '{\"id\":\"69acfa21276cf90a6ce959ba\",\"externalId\":\"2603080424-T0YZ\",\"userId\":\"6986021ddefdb77feacfe270\",\"description\":\"Pembayaran Tiket Event: . Harga sudah termasuk biaya layanan & pajak daerah.\",\"status\":\"PENDING\",\"merchantName\":\"Beli Senang\",\"merchantProfilePictureUrl\":\"https://du8nwjtfkinx.cloudfront.net/xendit.png\",\"amount\":66000,\"expiryDate\":\"2026-03-08T05:25:05.485Z\",\"invoiceUrl\":\"https://checkout-staging.xendit.co/web/69acfa21276cf90a6ce959ba\",\"availableBanks\":[],\"availableRetailOutlets\":[],\"availableEwallets\":[{\"ewalletType\":\"OVO\"},{\"ewalletType\":\"SHOPEEPAY\"},{\"ewalletType\":\"NEXCASH\"},{\"ewalletType\":\"DANA\"},{\"ewalletType\":\"ASTRAPAY\"},{\"ewalletType\":\"LINKAJA\"},{\"ewalletType\":\"JENIUSPAY\"},{\"ewalletType\":\"GOPAY\"}],\"availableQrCodes\":[{\"qrCodeType\":\"QRIS\"}],\"availableDirectDebits\":[],\"availablePaylaters\":[],\"shouldExcludeCreditCard\":true,\"shouldSendEmail\":false,\"created\":\"2026-03-08T04:25:05.665Z\",\"updated\":\"2026-03-08T04:25:05.665Z\",\"successRedirectUrl\":\"http://localhost:5173/payment/success\",\"failureRedirectUrl\":\"http://localhost:5173/payment/failed\",\"currency\":\"IDR\",\"items\":[{\"name\":\"REGULER\",\"price\":50000,\"quantity\":1,\"category\":\"ticket\"},{\"name\":\"Biaya Layanan\",\"price\":10000,\"quantity\":1,\"category\":\"service_fee\"},{\"name\":\"Pajak Daerah\",\"price\":6000,\"quantity\":1,\"category\":\"tax\"}],\"customer\":{\"givenNames\":\"paeru 2\",\"email\":\"ghb82816@gmail.com\",\"mobileNumber\":\"+6281234567890\"},\"customerNotificationPreference\":{\"invoiceCreated\":[\"email\"],\"invoiceReminder\":[\"email\"],\"invoicePaid\":[\"email\"]}}', '2026-03-08 11:25:40', '2026-03-08 11:25:05', '2026-03-08 11:25:40'),
('82a88e88-4748-413c-b441-84b8fba8c220', 'c597980f-229b-49e1-afa1-4da1ee11b7b4', 'xendit', '69abef7f276cf90a6ce8332a', 226000.00, 0.00, '', 'INVOICE', NULL, NULL, NULL, '{\"id\":\"69abef7f276cf90a6ce8332a\",\"externalId\":\"2603070927-F5UE\",\"userId\":\"6986021ddefdb77feacfe270\",\"description\":\"Pembayaran Tiket Event: . Harga sudah termasuk biaya layanan & pajak daerah.\",\"status\":\"PENDING\",\"merchantName\":\"Beli Senang\",\"merchantProfilePictureUrl\":\"https://du8nwjtfkinx.cloudfront.net/xendit.png\",\"amount\":226000,\"expiryDate\":\"2026-03-07T10:27:27.475Z\",\"invoiceUrl\":\"https://checkout-staging.xendit.co/web/69abef7f276cf90a6ce8332a\",\"availableBanks\":[],\"availableRetailOutlets\":[],\"availableEwallets\":[{\"ewalletType\":\"OVO\"},{\"ewalletType\":\"SHOPEEPAY\"},{\"ewalletType\":\"NEXCASH\"},{\"ewalletType\":\"DANA\"},{\"ewalletType\":\"ASTRAPAY\"},{\"ewalletType\":\"LINKAJA\"},{\"ewalletType\":\"JENIUSPAY\"},{\"ewalletType\":\"GOPAY\"}],\"availableQrCodes\":[{\"qrCodeType\":\"QRIS\"}],\"availableDirectDebits\":[],\"availablePaylaters\":[],\"shouldExcludeCreditCard\":true,\"shouldSendEmail\":false,\"created\":\"2026-03-07T09:27:27.576Z\",\"updated\":\"2026-03-07T09:27:27.576Z\",\"successRedirectUrl\":\"http://localhost:5173/payment/success\",\"failureRedirectUrl\":\"http://localhost:5173/payment/failed\",\"currency\":\"IDR\",\"items\":[{\"name\":\"VIP 1\",\"price\":75000,\"quantity\":1,\"category\":\"ticket\"},{\"name\":\"REGULER\",\"price\":50000,\"quantity\":2,\"category\":\"ticket\"},{\"name\":\"Biaya Layanan\",\"price\":30000,\"quantity\":1,\"category\":\"service_fee\"},{\"name\":\"Pajak Daerah\",\"price\":21000,\"quantity\":1,\"category\":\"tax\"}],\"customer\":{\"givenNames\":\"paeru 2\",\"email\":\"ghb82816@gmail.com\",\"mobileNumber\":\"+6281234567890\"},\"customerNotificationPreference\":{\"invoiceCreated\":[\"email\"],\"invoiceReminder\":[\"email\"],\"invoicePaid\":[\"email\"]}}', NULL, '2026-03-07 16:27:27', '2026-03-07 19:00:00'),
('89c55bdc-f161-452c-95b9-81d7d41d1a58', 'e1740809-6089-4f96-ab9f-f0327cc54b3a', 'xendit', '69abedecef3260483566f247', 80000.00, 0.00, '', 'INVOICE', NULL, NULL, NULL, '{\"id\":\"69abedecef3260483566f247\",\"externalId\":\"2603070920-73RV\",\"userId\":\"6986021ddefdb77feacfe270\",\"description\":\"Pembayaran Tiket Event: . Harga sudah termasuk biaya layanan & pajak daerah.\",\"status\":\"PENDING\",\"merchantName\":\"Beli Senang\",\"merchantProfilePictureUrl\":\"https://du8nwjtfkinx.cloudfront.net/xendit.png\",\"amount\":80000,\"expiryDate\":\"2026-03-07T10:20:45.142Z\",\"invoiceUrl\":\"https://checkout-staging.xendit.co/web/69abedecef3260483566f247\",\"availableBanks\":[],\"availableRetailOutlets\":[],\"availableEwallets\":[{\"ewalletType\":\"OVO\"},{\"ewalletType\":\"SHOPEEPAY\"},{\"ewalletType\":\"NEXCASH\"},{\"ewalletType\":\"DANA\"},{\"ewalletType\":\"ASTRAPAY\"},{\"ewalletType\":\"LINKAJA\"},{\"ewalletType\":\"JENIUSPAY\"},{\"ewalletType\":\"GOPAY\"}],\"availableQrCodes\":[{\"qrCodeType\":\"QRIS\"}],\"availableDirectDebits\":[],\"availablePaylaters\":[],\"shouldExcludeCreditCard\":true,\"shouldSendEmail\":false,\"created\":\"2026-03-07T09:20:45.275Z\",\"updated\":\"2026-03-07T09:20:45.275Z\",\"successRedirectUrl\":\"http://localhost:5173/payment/success\",\"failureRedirectUrl\":\"http://localhost:5173/payment/failed\",\"currency\":\"IDR\",\"items\":[{\"name\":\"FESTIVAL\",\"price\":40000,\"quantity\":2,\"category\":\"ticket\"}],\"customer\":{\"givenNames\":\"baskoro\",\"email\":\"admin@admin.com\",\"mobileNumber\":\"87654323768\"},\"customerNotificationPreference\":{\"invoiceCreated\":[\"email\"],\"invoiceReminder\":[\"email\"],\"invoicePaid\":[\"email\"]}}', NULL, '2026-03-07 16:20:45', '2026-03-07 19:00:00'),
('8a53adae-3e1e-4a79-bd66-10357ae8d911', 'f05f652f-41a4-4e26-b15d-6fbec70cb2c7', 'xendit', '69abcdd7ef3260483566cbe4', 226000.00, 0.00, 'paid', 'INVOICE', NULL, NULL, NULL, '{\"id\":\"69abcdd7ef3260483566cbe4\",\"externalId\":\"2603070703-CKYB\",\"userId\":\"6986021ddefdb77feacfe270\",\"description\":\"Pembayaran Tiket Event: . Harga sudah termasuk biaya layanan & pajak daerah.\",\"status\":\"PENDING\",\"merchantName\":\"Beli Senang\",\"merchantProfilePictureUrl\":\"https://du8nwjtfkinx.cloudfront.net/xendit.png\",\"amount\":226000,\"expiryDate\":\"2026-03-07T08:03:52.005Z\",\"invoiceUrl\":\"https://checkout-staging.xendit.co/web/69abcdd7ef3260483566cbe4\",\"availableBanks\":[],\"availableRetailOutlets\":[],\"availableEwallets\":[{\"ewalletType\":\"OVO\"},{\"ewalletType\":\"SHOPEEPAY\"},{\"ewalletType\":\"NEXCASH\"},{\"ewalletType\":\"DANA\"},{\"ewalletType\":\"ASTRAPAY\"},{\"ewalletType\":\"LINKAJA\"},{\"ewalletType\":\"JENIUSPAY\"},{\"ewalletType\":\"GOPAY\"}],\"availableQrCodes\":[{\"qrCodeType\":\"QRIS\"}],\"availableDirectDebits\":[],\"availablePaylaters\":[],\"shouldExcludeCreditCard\":true,\"shouldSendEmail\":false,\"created\":\"2026-03-07T07:03:52.256Z\",\"updated\":\"2026-03-07T07:03:52.256Z\",\"successRedirectUrl\":\"http://localhost:5173/payment/success\",\"failureRedirectUrl\":\"http://localhost:5173/payment/failed\",\"currency\":\"IDR\",\"items\":[{\"name\":\"VIP 1\",\"price\":75000,\"quantity\":1,\"category\":\"ticket\"},{\"name\":\"REGULER\",\"price\":50000,\"quantity\":2,\"category\":\"ticket\"},{\"name\":\"Biaya Layanan\",\"price\":30000,\"quantity\":1,\"category\":\"service_fee\"},{\"name\":\"Pajak Daerah\",\"price\":21000,\"quantity\":1,\"category\":\"tax\"}],\"customer\":{\"givenNames\":\"paeru 2\",\"email\":\"ghb82816@gmail.com\",\"mobileNumber\":\"+6281234567890\"},\"customerNotificationPreference\":{\"invoiceCreated\":[\"email\"],\"invoiceReminder\":[\"email\"],\"invoicePaid\":[\"email\"]}}', '2026-03-07 14:22:38', '2026-03-07 14:03:53', '2026-03-07 14:22:38'),
('90986891-211f-4290-8cee-26e5623dbbce', '549f4f97-0865-4274-a3db-63fca513bf1f', 'xendit', '69acf64c276cf90a6ce9545f', 66000.00, 0.00, 'paid', 'INVOICE', NULL, NULL, NULL, '{\"id\":\"69acf64c276cf90a6ce9545f\",\"externalId\":\"2603080408-WSRI\",\"userId\":\"6986021ddefdb77feacfe270\",\"description\":\"Pembayaran Tiket Event: . Harga sudah termasuk biaya layanan & pajak daerah.\",\"status\":\"PENDING\",\"merchantName\":\"Beli Senang\",\"merchantProfilePictureUrl\":\"https://du8nwjtfkinx.cloudfront.net/xendit.png\",\"amount\":66000,\"expiryDate\":\"2026-03-08T05:08:44.350Z\",\"invoiceUrl\":\"https://checkout-staging.xendit.co/web/69acf64c276cf90a6ce9545f\",\"availableBanks\":[],\"availableRetailOutlets\":[],\"availableEwallets\":[{\"ewalletType\":\"OVO\"},{\"ewalletType\":\"SHOPEEPAY\"},{\"ewalletType\":\"NEXCASH\"},{\"ewalletType\":\"DANA\"},{\"ewalletType\":\"ASTRAPAY\"},{\"ewalletType\":\"LINKAJA\"},{\"ewalletType\":\"JENIUSPAY\"},{\"ewalletType\":\"GOPAY\"}],\"availableQrCodes\":[{\"qrCodeType\":\"QRIS\"}],\"availableDirectDebits\":[],\"availablePaylaters\":[],\"shouldExcludeCreditCard\":true,\"shouldSendEmail\":false,\"created\":\"2026-03-08T04:08:44.626Z\",\"updated\":\"2026-03-08T04:08:44.626Z\",\"successRedirectUrl\":\"http://localhost:5173/payment/success\",\"failureRedirectUrl\":\"http://localhost:5173/payment/failed\",\"currency\":\"IDR\",\"items\":[{\"name\":\"REGULER\",\"price\":50000,\"quantity\":1,\"category\":\"ticket\"},{\"name\":\"Biaya Layanan\",\"price\":10000,\"quantity\":1,\"category\":\"service_fee\"},{\"name\":\"Pajak Daerah\",\"price\":6000,\"quantity\":1,\"category\":\"tax\"}],\"customer\":{\"givenNames\":\"paeru 2\",\"email\":\"ghb82816@gmail.com\",\"mobileNumber\":\"+6281234567890\"},\"customerNotificationPreference\":{\"invoiceCreated\":[\"email\"],\"invoiceReminder\":[\"email\"],\"invoicePaid\":[\"email\"]}}', '2026-03-08 11:09:05', '2026-03-08 11:08:44', '2026-03-08 11:09:05'),
('92f6a458-7776-4e6f-8598-76b475792d59', '3dddde8d-2ead-4b9a-b8af-e1f16601f622', 'xendit', '69aa7f37276cf90a6ce67b33', 226000.00, 0.00, 'paid', 'INVOICE', NULL, NULL, NULL, '{\"id\":\"69aa7f37276cf90a6ce67b33\",\"externalId\":\"2603060706-4GQL\",\"userId\":\"6986021ddefdb77feacfe270\",\"description\":\"Pembayaran Tiket Event: . Harga sudah termasuk biaya layanan & pajak daerah.\",\"status\":\"PENDING\",\"merchantName\":\"Beli Senang\",\"merchantProfilePictureUrl\":\"https://du8nwjtfkinx.cloudfront.net/xendit.png\",\"amount\":226000,\"expiryDate\":\"2026-03-06T08:16:07.852Z\",\"invoiceUrl\":\"https://checkout-staging.xendit.co/web/69aa7f37276cf90a6ce67b33\",\"availableBanks\":[],\"availableRetailOutlets\":[],\"availableEwallets\":[{\"ewalletType\":\"OVO\"},{\"ewalletType\":\"SHOPEEPAY\"},{\"ewalletType\":\"NEXCASH\"},{\"ewalletType\":\"DANA\"},{\"ewalletType\":\"ASTRAPAY\"},{\"ewalletType\":\"LINKAJA\"},{\"ewalletType\":\"JENIUSPAY\"},{\"ewalletType\":\"GOPAY\"}],\"availableQrCodes\":[{\"qrCodeType\":\"QRIS\"}],\"availableDirectDebits\":[],\"availablePaylaters\":[],\"shouldExcludeCreditCard\":true,\"shouldSendEmail\":false,\"created\":\"2026-03-06T07:16:08.015Z\",\"updated\":\"2026-03-06T07:16:08.015Z\",\"successRedirectUrl\":\"http://localhost:5173/payment/success\",\"failureRedirectUrl\":\"http://localhost:5173/payment/failed\",\"currency\":\"IDR\",\"items\":[{\"name\":\"REGULER\",\"price\":50000,\"quantity\":2,\"category\":\"ticket\"},{\"name\":\"VIP 1\",\"price\":75000,\"quantity\":1,\"category\":\"ticket\"},{\"name\":\"Biaya Layanan\",\"price\":30000,\"quantity\":1,\"category\":\"service_fee\"},{\"name\":\"Pajak Daerah\",\"price\":21000,\"quantity\":1,\"category\":\"tax\"}],\"customer\":{\"givenNames\":\"paeru 2\",\"email\":\"ghb82816@gmail.com\",\"mobileNumber\":\"+6281234567890\"},\"customerNotificationPreference\":{\"invoiceCreated\":[\"email\"],\"invoiceReminder\":[\"email\"],\"invoicePaid\":[\"email\"]}}', '2026-03-06 14:18:54', '2026-03-06 14:16:08', '2026-03-06 14:18:54'),
('953f118e-e62d-4f01-8872-e9b0830bf113', '7c0e07d8-7150-4df1-b09c-723aedc2d1b9', 'xendit', '69aa92c4276cf90a6ce6994e', 226000.00, 0.00, 'paid', 'INVOICE', NULL, NULL, NULL, '{\"id\":\"69aa92c4276cf90a6ce6994e\",\"externalId\":\"2603060839-10ON\",\"userId\":\"6986021ddefdb77feacfe270\",\"description\":\"Pembayaran Tiket Event: . Harga sudah termasuk biaya layanan & pajak daerah.\",\"status\":\"PENDING\",\"merchantName\":\"Beli Senang\",\"merchantProfilePictureUrl\":\"https://du8nwjtfkinx.cloudfront.net/xendit.png\",\"amount\":226000,\"expiryDate\":\"2026-03-06T09:39:32.856Z\",\"invoiceUrl\":\"https://checkout-staging.xendit.co/web/69aa92c4276cf90a6ce6994e\",\"availableBanks\":[],\"availableRetailOutlets\":[],\"availableEwallets\":[{\"ewalletType\":\"OVO\"},{\"ewalletType\":\"SHOPEEPAY\"},{\"ewalletType\":\"NEXCASH\"},{\"ewalletType\":\"DANA\"},{\"ewalletType\":\"ASTRAPAY\"},{\"ewalletType\":\"LINKAJA\"},{\"ewalletType\":\"JENIUSPAY\"},{\"ewalletType\":\"GOPAY\"}],\"availableQrCodes\":[{\"qrCodeType\":\"QRIS\"}],\"availableDirectDebits\":[],\"availablePaylaters\":[],\"shouldExcludeCreditCard\":true,\"shouldSendEmail\":false,\"created\":\"2026-03-06T08:39:33.020Z\",\"updated\":\"2026-03-06T08:39:33.020Z\",\"successRedirectUrl\":\"http://localhost:5173/payment/success\",\"failureRedirectUrl\":\"http://localhost:5173/payment/failed\",\"currency\":\"IDR\",\"items\":[{\"name\":\"VIP 1\",\"price\":75000,\"quantity\":1,\"category\":\"ticket\"},{\"name\":\"REGULER\",\"price\":50000,\"quantity\":2,\"category\":\"ticket\"},{\"name\":\"Biaya Layanan\",\"price\":30000,\"quantity\":1,\"category\":\"service_fee\"},{\"name\":\"Pajak Daerah\",\"price\":21000,\"quantity\":1,\"category\":\"tax\"}],\"customer\":{\"givenNames\":\"paeru 2\",\"email\":\"ghb82816@gmail.com\",\"mobileNumber\":\"+6281234567890\"},\"customerNotificationPreference\":{\"invoiceCreated\":[\"email\"],\"invoiceReminder\":[\"email\"],\"invoicePaid\":[\"email\"]}}', '2026-03-06 15:39:48', '2026-03-06 15:39:32', '2026-03-06 15:39:48'),
('95984353-07dc-4ece-97ce-8ac296ea4723', 'cd40baa3-2385-4181-8480-19d841e51d14', 'xendit', '69abcefdef3260483566cd60', 226000.00, 0.00, '', 'INVOICE', NULL, NULL, NULL, '{\"id\":\"69abcefdef3260483566cd60\",\"externalId\":\"2603070708-FXHR\",\"userId\":\"6986021ddefdb77feacfe270\",\"description\":\"Pembayaran Tiket Event: . Harga sudah termasuk biaya layanan & pajak daerah.\",\"status\":\"PENDING\",\"merchantName\":\"Beli Senang\",\"merchantProfilePictureUrl\":\"https://du8nwjtfkinx.cloudfront.net/xendit.png\",\"amount\":226000,\"expiryDate\":\"2026-03-07T08:08:45.961Z\",\"invoiceUrl\":\"https://checkout-staging.xendit.co/web/69abcefdef3260483566cd60\",\"availableBanks\":[],\"availableRetailOutlets\":[],\"availableEwallets\":[{\"ewalletType\":\"OVO\"},{\"ewalletType\":\"SHOPEEPAY\"},{\"ewalletType\":\"NEXCASH\"},{\"ewalletType\":\"DANA\"},{\"ewalletType\":\"ASTRAPAY\"},{\"ewalletType\":\"LINKAJA\"},{\"ewalletType\":\"JENIUSPAY\"},{\"ewalletType\":\"GOPAY\"}],\"availableQrCodes\":[{\"qrCodeType\":\"QRIS\"}],\"availableDirectDebits\":[],\"availablePaylaters\":[],\"shouldExcludeCreditCard\":true,\"shouldSendEmail\":false,\"created\":\"2026-03-07T07:08:46.058Z\",\"updated\":\"2026-03-07T07:08:46.058Z\",\"successRedirectUrl\":\"http://localhost:5173/payment/success\",\"failureRedirectUrl\":\"http://localhost:5173/payment/failed\",\"currency\":\"IDR\",\"items\":[{\"name\":\"REGULER\",\"price\":50000,\"quantity\":2,\"category\":\"ticket\"},{\"name\":\"VIP 1\",\"price\":75000,\"quantity\":1,\"category\":\"ticket\"},{\"name\":\"Biaya Layanan\",\"price\":30000,\"quantity\":1,\"category\":\"service_fee\"},{\"name\":\"Pajak Daerah\",\"price\":21000,\"quantity\":1,\"category\":\"tax\"}],\"customer\":{\"givenNames\":\"paeru 2\",\"email\":\"ghb82816@gmail.com\",\"mobileNumber\":\"+6281234567890\"},\"customerNotificationPreference\":{\"invoiceCreated\":[\"email\"],\"invoiceReminder\":[\"email\"],\"invoicePaid\":[\"email\"]}}', NULL, '2026-03-07 14:08:46', '2026-03-07 14:25:01'),
('96632241-54a4-4c81-83f5-57d08d0043d3', 'addce257-2798-4d13-9d21-c035dd3f6a2f', 'xendit', '69ad0ddfef3260483568380e', 160000.00, 0.00, '', 'INVOICE', NULL, NULL, NULL, '{\"id\":\"69ad0ddfef3260483568380e\",\"externalId\":\"2603080549-0R9H\",\"userId\":\"6986021ddefdb77feacfe270\",\"description\":\"Pembayaran Tiket Event: . Harga sudah termasuk biaya layanan & pajak daerah.\",\"status\":\"PENDING\",\"merchantName\":\"Beli Senang\",\"merchantProfilePictureUrl\":\"https://du8nwjtfkinx.cloudfront.net/xendit.png\",\"amount\":160000,\"expiryDate\":\"2026-03-08T06:49:20.012Z\",\"invoiceUrl\":\"https://checkout-staging.xendit.co/web/69ad0ddfef3260483568380e\",\"availableBanks\":[],\"availableRetailOutlets\":[],\"availableEwallets\":[{\"ewalletType\":\"OVO\"},{\"ewalletType\":\"SHOPEEPAY\"},{\"ewalletType\":\"NEXCASH\"},{\"ewalletType\":\"DANA\"},{\"ewalletType\":\"ASTRAPAY\"},{\"ewalletType\":\"LINKAJA\"},{\"ewalletType\":\"JENIUSPAY\"},{\"ewalletType\":\"GOPAY\"}],\"availableQrCodes\":[{\"qrCodeType\":\"QRIS\"}],\"availableDirectDebits\":[],\"availablePaylaters\":[],\"shouldExcludeCreditCard\":true,\"shouldSendEmail\":false,\"created\":\"2026-03-08T05:49:20.125Z\",\"updated\":\"2026-03-08T05:49:20.125Z\",\"successRedirectUrl\":\"http://localhost:5173/payment/success\",\"failureRedirectUrl\":\"http://localhost:5173/payment/failed\",\"currency\":\"IDR\",\"items\":[{\"name\":\"REGULER\",\"price\":50000,\"quantity\":1,\"category\":\"ticket\"},{\"name\":\"VIP 1\",\"price\":75000,\"quantity\":1,\"category\":\"ticket\"},{\"name\":\"Biaya Layanan\",\"price\":20000,\"quantity\":1,\"category\":\"service_fee\"},{\"name\":\"Pajak Daerah\",\"price\":15000,\"quantity\":1,\"category\":\"tax\"}],\"customer\":{\"givenNames\":\"baskoro\",\"email\":\"putavubi@gmail.com\",\"mobileNumber\":\"87654323768\"},\"customerNotificationPreference\":{\"invoiceCreated\":[\"email\"],\"invoiceReminder\":[\"email\"],\"invoicePaid\":[\"email\"]}}', NULL, '2026-03-08 12:49:20', '2026-03-08 13:05:00'),
('9669ddbf-d702-4a1c-88be-02e077abcfb4', '76947810-0932-41e8-b313-7dff37476f8f', 'xendit', '69ac6ff5276cf90a6ce8c187', 66000.00, 0.00, '', 'INVOICE', NULL, NULL, NULL, '{\"id\":\"69ac6ff5276cf90a6ce8c187\",\"externalId\":\"2603071835-0UAW\",\"userId\":\"6986021ddefdb77feacfe270\",\"description\":\"Pembayaran Tiket Event: . Harga sudah termasuk biaya layanan & pajak daerah.\",\"status\":\"PENDING\",\"merchantName\":\"Beli Senang\",\"merchantProfilePictureUrl\":\"https://du8nwjtfkinx.cloudfront.net/xendit.png\",\"amount\":66000,\"expiryDate\":\"2026-03-07T19:35:33.614Z\",\"invoiceUrl\":\"https://checkout-staging.xendit.co/web/69ac6ff5276cf90a6ce8c187\",\"availableBanks\":[],\"availableRetailOutlets\":[],\"availableEwallets\":[{\"ewalletType\":\"OVO\"},{\"ewalletType\":\"SHOPEEPAY\"},{\"ewalletType\":\"NEXCASH\"},{\"ewalletType\":\"DANA\"},{\"ewalletType\":\"ASTRAPAY\"},{\"ewalletType\":\"LINKAJA\"},{\"ewalletType\":\"JENIUSPAY\"},{\"ewalletType\":\"GOPAY\"}],\"availableQrCodes\":[{\"qrCodeType\":\"QRIS\"}],\"availableDirectDebits\":[],\"availablePaylaters\":[],\"shouldExcludeCreditCard\":true,\"shouldSendEmail\":false,\"created\":\"2026-03-07T18:35:33.768Z\",\"updated\":\"2026-03-07T18:35:33.768Z\",\"successRedirectUrl\":\"http://localhost:5173/payment/success\",\"failureRedirectUrl\":\"http://localhost:5173/payment/failed\",\"currency\":\"IDR\",\"items\":[{\"name\":\"REGULER\",\"price\":50000,\"quantity\":1,\"category\":\"ticket\"},{\"name\":\"Biaya Layanan\",\"price\":10000,\"quantity\":1,\"category\":\"service_fee\"},{\"name\":\"Pajak Daerah\",\"price\":6000,\"quantity\":1,\"category\":\"tax\"}],\"customer\":{\"givenNames\":\"paeru 2\",\"email\":\"ghb82816@gmail.com\",\"mobileNumber\":\"+6281234567890\"},\"customerNotificationPreference\":{\"invoiceCreated\":[\"email\"],\"invoiceReminder\":[\"email\"],\"invoicePaid\":[\"email\"]}}', NULL, '2026-03-08 01:35:33', '2026-03-08 01:55:00'),
('975b07b0-aa68-41f3-8e9f-c8a827d4fff9', 'a552fa1d-baa5-4359-a24f-80a99149053f', 'xendit', '69abee88276cf90a6ce83237', 80000.00, 0.00, '', 'INVOICE', NULL, NULL, NULL, '{\"id\":\"69abee88276cf90a6ce83237\",\"externalId\":\"2603070923-IOFQ\",\"userId\":\"6986021ddefdb77feacfe270\",\"description\":\"Pembayaran Tiket Event: . Harga sudah termasuk biaya layanan & pajak daerah.\",\"status\":\"PENDING\",\"merchantName\":\"Beli Senang\",\"merchantProfilePictureUrl\":\"https://du8nwjtfkinx.cloudfront.net/xendit.png\",\"amount\":80000,\"expiryDate\":\"2026-03-07T10:23:20.711Z\",\"invoiceUrl\":\"https://checkout-staging.xendit.co/web/69abee88276cf90a6ce83237\",\"availableBanks\":[],\"availableRetailOutlets\":[],\"availableEwallets\":[{\"ewalletType\":\"OVO\"},{\"ewalletType\":\"SHOPEEPAY\"},{\"ewalletType\":\"NEXCASH\"},{\"ewalletType\":\"DANA\"},{\"ewalletType\":\"ASTRAPAY\"},{\"ewalletType\":\"LINKAJA\"},{\"ewalletType\":\"JENIUSPAY\"},{\"ewalletType\":\"GOPAY\"}],\"availableQrCodes\":[{\"qrCodeType\":\"QRIS\"}],\"availableDirectDebits\":[],\"availablePaylaters\":[],\"shouldExcludeCreditCard\":true,\"shouldSendEmail\":false,\"created\":\"2026-03-07T09:23:20.829Z\",\"updated\":\"2026-03-07T09:23:20.829Z\",\"successRedirectUrl\":\"http://localhost:5173/payment/success\",\"failureRedirectUrl\":\"http://localhost:5173/payment/failed\",\"currency\":\"IDR\",\"items\":[{\"name\":\"FESTIVAL\",\"price\":40000,\"quantity\":2,\"category\":\"ticket\"}],\"customer\":{\"givenNames\":\"baskoro\",\"email\":\"admin@admin.com\",\"mobileNumber\":\"87654323768\"},\"customerNotificationPreference\":{\"invoiceCreated\":[\"email\"],\"invoiceReminder\":[\"email\"],\"invoicePaid\":[\"email\"]}}', NULL, '2026-03-07 16:23:20', '2026-03-07 19:00:00'),
('9b2a3337-997a-4889-9481-9e76ec311a89', '97e69617-ec98-4bc5-b174-12525ffc6cc9', 'xendit', '69ad07d8ef32604835682ed0', 66000.00, 0.00, 'paid', 'INVOICE', NULL, NULL, NULL, '{\"id\":\"69ad07d8ef32604835682ed0\",\"externalId\":\"2603080523-YWVM\",\"userId\":\"6986021ddefdb77feacfe270\",\"description\":\"Pembayaran Tiket Event: . Harga sudah termasuk biaya layanan & pajak daerah.\",\"status\":\"PENDING\",\"merchantName\":\"Beli Senang\",\"merchantProfilePictureUrl\":\"https://du8nwjtfkinx.cloudfront.net/xendit.png\",\"amount\":66000,\"expiryDate\":\"2026-03-08T06:23:36.373Z\",\"invoiceUrl\":\"https://checkout-staging.xendit.co/web/69ad07d8ef32604835682ed0\",\"availableBanks\":[],\"availableRetailOutlets\":[],\"availableEwallets\":[{\"ewalletType\":\"OVO\"},{\"ewalletType\":\"SHOPEEPAY\"},{\"ewalletType\":\"NEXCASH\"},{\"ewalletType\":\"DANA\"},{\"ewalletType\":\"ASTRAPAY\"},{\"ewalletType\":\"LINKAJA\"},{\"ewalletType\":\"JENIUSPAY\"},{\"ewalletType\":\"GOPAY\"}],\"availableQrCodes\":[{\"qrCodeType\":\"QRIS\"}],\"availableDirectDebits\":[],\"availablePaylaters\":[],\"shouldExcludeCreditCard\":true,\"shouldSendEmail\":false,\"created\":\"2026-03-08T05:23:36.998Z\",\"updated\":\"2026-03-08T05:23:36.998Z\",\"successRedirectUrl\":\"http://localhost:5173/payment/success\",\"failureRedirectUrl\":\"http://localhost:5173/payment/failed\",\"currency\":\"IDR\",\"items\":[{\"name\":\"REGULER\",\"price\":50000,\"quantity\":1,\"category\":\"ticket\"},{\"name\":\"Biaya Layanan\",\"price\":10000,\"quantity\":1,\"category\":\"service_fee\"},{\"name\":\"Pajak Daerah\",\"price\":6000,\"quantity\":1,\"category\":\"tax\"}],\"customer\":{\"givenNames\":\"paeru 2\",\"email\":\"ghb82816@gmail.com\",\"mobileNumber\":\"+6281234567890\"},\"customerNotificationPreference\":{\"invoiceCreated\":[\"email\"],\"invoiceReminder\":[\"email\"],\"invoicePaid\":[\"email\"]}}', '2026-03-08 12:23:54', '2026-03-08 12:23:37', '2026-03-08 12:23:54'),
('a26ad49e-fb92-4d31-88fe-da71b998f1a3', '49b22528-01a6-4699-9c86-c7bc4588667f', 'xendit', '69ad3f7d276cf90a6ce9c423', 66000.00, 0.00, 'paid', 'INVOICE', NULL, NULL, NULL, '{\"id\":\"69ad3f7d276cf90a6ce9c423\",\"externalId\":\"2603080920-AIZ2\",\"userId\":\"6986021ddefdb77feacfe270\",\"description\":\"Pembayaran Tiket Event: . Harga sudah termasuk biaya layanan & pajak daerah.\",\"status\":\"PENDING\",\"merchantName\":\"Beli Senang\",\"merchantProfilePictureUrl\":\"https://du8nwjtfkinx.cloudfront.net/xendit.png\",\"amount\":66000,\"expiryDate\":\"2026-03-08T10:21:01.690Z\",\"invoiceUrl\":\"https://checkout-staging.xendit.co/web/69ad3f7d276cf90a6ce9c423\",\"availableBanks\":[],\"availableRetailOutlets\":[],\"availableEwallets\":[{\"ewalletType\":\"OVO\"},{\"ewalletType\":\"SHOPEEPAY\"},{\"ewalletType\":\"NEXCASH\"},{\"ewalletType\":\"DANA\"},{\"ewalletType\":\"ASTRAPAY\"},{\"ewalletType\":\"LINKAJA\"},{\"ewalletType\":\"JENIUSPAY\"},{\"ewalletType\":\"GOPAY\"}],\"availableQrCodes\":[{\"qrCodeType\":\"QRIS\"}],\"availableDirectDebits\":[],\"availablePaylaters\":[],\"shouldExcludeCreditCard\":true,\"shouldSendEmail\":false,\"created\":\"2026-03-08T09:21:02.016Z\",\"updated\":\"2026-03-08T09:21:02.016Z\",\"successRedirectUrl\":\"http://localhost:5173/payment/success\",\"failureRedirectUrl\":\"http://localhost:5173/payment/failed\",\"currency\":\"IDR\",\"items\":[{\"name\":\"REGULER\",\"price\":50000,\"quantity\":1,\"category\":\"ticket\"},{\"name\":\"Biaya Layanan\",\"price\":10000,\"quantity\":1,\"category\":\"service_fee\"},{\"name\":\"Pajak Daerah\",\"price\":6000,\"quantity\":1,\"category\":\"tax\"}],\"customer\":{\"givenNames\":\"paeru 2\",\"email\":\"ghb82816@gmail.com\",\"mobileNumber\":\"+6281234567890\"},\"customerNotificationPreference\":{\"invoiceCreated\":[\"email\"],\"invoiceReminder\":[\"email\"],\"invoicePaid\":[\"email\"]}}', '2026-03-08 16:22:12', '2026-03-08 16:21:01', '2026-03-08 16:22:12'),
('a46724cf-bedb-410f-81ef-cf7f2e5c1e81', 'a74a704b-06bc-4bb0-8d4f-55ae01cc6137', 'xendit', '69abd935ef3260483566da57', 226000.00, 0.00, 'paid', 'INVOICE', NULL, NULL, NULL, '{\"id\":\"69abd935ef3260483566da57\",\"externalId\":\"2603070752-VJBY\",\"userId\":\"6986021ddefdb77feacfe270\",\"description\":\"Pembayaran Tiket Event: . Harga sudah termasuk biaya layanan & pajak daerah.\",\"status\":\"PENDING\",\"merchantName\":\"Beli Senang\",\"merchantProfilePictureUrl\":\"https://du8nwjtfkinx.cloudfront.net/xendit.png\",\"amount\":226000,\"expiryDate\":\"2026-03-07T08:52:21.964Z\",\"invoiceUrl\":\"https://checkout-staging.xendit.co/web/69abd935ef3260483566da57\",\"availableBanks\":[],\"availableRetailOutlets\":[],\"availableEwallets\":[{\"ewalletType\":\"OVO\"},{\"ewalletType\":\"SHOPEEPAY\"},{\"ewalletType\":\"NEXCASH\"},{\"ewalletType\":\"DANA\"},{\"ewalletType\":\"ASTRAPAY\"},{\"ewalletType\":\"LINKAJA\"},{\"ewalletType\":\"JENIUSPAY\"},{\"ewalletType\":\"GOPAY\"}],\"availableQrCodes\":[{\"qrCodeType\":\"QRIS\"}],\"availableDirectDebits\":[],\"availablePaylaters\":[],\"shouldExcludeCreditCard\":true,\"shouldSendEmail\":false,\"created\":\"2026-03-07T07:52:22.101Z\",\"updated\":\"2026-03-07T07:52:22.101Z\",\"successRedirectUrl\":\"http://localhost:5173/payment/success\",\"failureRedirectUrl\":\"http://localhost:5173/payment/failed\",\"currency\":\"IDR\",\"items\":[{\"name\":\"VIP 1\",\"price\":75000,\"quantity\":1,\"category\":\"ticket\"},{\"name\":\"REGULER\",\"price\":50000,\"quantity\":2,\"category\":\"ticket\"},{\"name\":\"Biaya Layanan\",\"price\":30000,\"quantity\":1,\"category\":\"service_fee\"},{\"name\":\"Pajak Daerah\",\"price\":21000,\"quantity\":1,\"category\":\"tax\"}],\"customer\":{\"givenNames\":\"paeru 2\",\"email\":\"ghb82816@gmail.com\",\"mobileNumber\":\"+6281234567890\"},\"customerNotificationPreference\":{\"invoiceCreated\":[\"email\"],\"invoiceReminder\":[\"email\"],\"invoicePaid\":[\"email\"]}}', '2026-03-07 14:52:48', '2026-03-07 14:52:22', '2026-03-07 14:52:48'),
('a78377ff-2115-4c7d-ad0c-dd2e754a9000', 'a87b0038-386c-4be5-a9ed-0ddb0847cd6b', 'xendit', '69acea50ef326048356804e0', 66000.00, 0.00, 'paid', 'INVOICE', NULL, NULL, NULL, '{\"id\":\"69acea50ef326048356804e0\",\"externalId\":\"2603080317-OYOG\",\"userId\":\"6986021ddefdb77feacfe270\",\"description\":\"Pembayaran Tiket Event: . Harga sudah termasuk biaya layanan & pajak daerah.\",\"status\":\"PENDING\",\"merchantName\":\"Beli Senang\",\"merchantProfilePictureUrl\":\"https://du8nwjtfkinx.cloudfront.net/xendit.png\",\"amount\":66000,\"expiryDate\":\"2026-03-08T04:17:36.380Z\",\"invoiceUrl\":\"https://checkout-staging.xendit.co/web/69acea50ef326048356804e0\",\"availableBanks\":[],\"availableRetailOutlets\":[],\"availableEwallets\":[{\"ewalletType\":\"OVO\"},{\"ewalletType\":\"SHOPEEPAY\"},{\"ewalletType\":\"NEXCASH\"},{\"ewalletType\":\"DANA\"},{\"ewalletType\":\"ASTRAPAY\"},{\"ewalletType\":\"LINKAJA\"},{\"ewalletType\":\"JENIUSPAY\"},{\"ewalletType\":\"GOPAY\"}],\"availableQrCodes\":[{\"qrCodeType\":\"QRIS\"}],\"availableDirectDebits\":[],\"availablePaylaters\":[],\"shouldExcludeCreditCard\":true,\"shouldSendEmail\":false,\"created\":\"2026-03-08T03:17:36.519Z\",\"updated\":\"2026-03-08T03:17:36.519Z\",\"successRedirectUrl\":\"http://localhost:5173/payment/success\",\"failureRedirectUrl\":\"http://localhost:5173/payment/failed\",\"currency\":\"IDR\",\"items\":[{\"name\":\"REGULER\",\"price\":50000,\"quantity\":1,\"category\":\"ticket\"},{\"name\":\"Biaya Layanan\",\"price\":10000,\"quantity\":1,\"category\":\"service_fee\"},{\"name\":\"Pajak Daerah\",\"price\":6000,\"quantity\":1,\"category\":\"tax\"}],\"customer\":{\"givenNames\":\"paeru 2\",\"email\":\"ghb82816@gmail.com\",\"mobileNumber\":\"+6281234567890\"},\"customerNotificationPreference\":{\"invoiceCreated\":[\"email\"],\"invoiceReminder\":[\"email\"],\"invoicePaid\":[\"email\"]}}', '2026-03-08 10:18:00', '2026-03-08 10:17:36', '2026-03-08 10:18:00'),
('abeae1ac-0a06-474d-9c74-db6354617e63', '9d37ac75-f232-4ea6-8b5b-5958855a0fc9', 'xendit', '69a6a86db7986c8ba6048b21', 80000.00, 0.00, 'paid', 'INVOICE', NULL, NULL, NULL, '{\"id\":\"69a6a86db7986c8ba6048b21\",\"externalId\":\"2603030922-CZIP\",\"userId\":\"6986021ddefdb77feacfe270\",\"description\":\"Pembayaran Tiket Event: buzz youth fest. Harga sudah termasuk biaya layanan & pajak daerah.\",\"status\":\"PENDING\",\"merchantName\":\"Beli Senang\",\"merchantProfilePictureUrl\":\"https://du8nwjtfkinx.cloudfront.net/xendit.png\",\"amount\":80000,\"expiryDate\":\"2026-03-03T10:22:53.597Z\",\"invoiceUrl\":\"https://checkout-staging.xendit.co/web/69a6a86db7986c8ba6048b21\",\"availableBanks\":[],\"availableRetailOutlets\":[],\"availableEwallets\":[{\"ewalletType\":\"OVO\"},{\"ewalletType\":\"SHOPEEPAY\"},{\"ewalletType\":\"NEXCASH\"},{\"ewalletType\":\"DANA\"},{\"ewalletType\":\"ASTRAPAY\"},{\"ewalletType\":\"LINKAJA\"},{\"ewalletType\":\"JENIUSPAY\"},{\"ewalletType\":\"GOPAY\"}],\"availableQrCodes\":[{\"qrCodeType\":\"QRIS\"}],\"availableDirectDebits\":[],\"availablePaylaters\":[],\"shouldExcludeCreditCard\":true,\"shouldSendEmail\":false,\"created\":\"2026-03-03T09:22:53.655Z\",\"updated\":\"2026-03-03T09:22:53.655Z\",\"successRedirectUrl\":\"http://localhost:5173/payment/success\",\"failureRedirectUrl\":\"http://localhost:5173/payment/failed\",\"currency\":\"IDR\",\"items\":[{\"name\":\"FESTIVAL\",\"price\":40000,\"quantity\":2,\"category\":\"ticket\"}],\"customer\":{\"givenNames\":\"paeru 2\",\"email\":\"ghb82816@gmail.com\",\"mobileNumber\":\"+6281234567890\"},\"customerNotificationPreference\":{\"invoiceCreated\":[\"email\"],\"invoiceReminder\":[\"email\"],\"invoicePaid\":[\"email\"]}}', '2026-03-03 16:24:03', '2026-03-03 16:22:53', '2026-03-03 16:24:03'),
('ac687936-4260-4be3-ad94-d4dd25693a08', '446d25d2-a7c3-45c8-8df5-f6413a157225', 'xendit', '69aa980a276cf90a6ce6a31b', 226000.00, 0.00, 'paid', 'INVOICE', NULL, NULL, NULL, '{\"id\":\"69aa980a276cf90a6ce6a31b\",\"externalId\":\"2603060901-05HG\",\"userId\":\"6986021ddefdb77feacfe270\",\"description\":\"Pembayaran Tiket Event: . Harga sudah termasuk biaya layanan & pajak daerah.\",\"status\":\"PENDING\",\"merchantName\":\"Beli Senang\",\"merchantProfilePictureUrl\":\"https://du8nwjtfkinx.cloudfront.net/xendit.png\",\"amount\":226000,\"expiryDate\":\"2026-03-06T10:02:02.399Z\",\"invoiceUrl\":\"https://checkout-staging.xendit.co/web/69aa980a276cf90a6ce6a31b\",\"availableBanks\":[],\"availableRetailOutlets\":[],\"availableEwallets\":[{\"ewalletType\":\"OVO\"},{\"ewalletType\":\"SHOPEEPAY\"},{\"ewalletType\":\"NEXCASH\"},{\"ewalletType\":\"DANA\"},{\"ewalletType\":\"ASTRAPAY\"},{\"ewalletType\":\"LINKAJA\"},{\"ewalletType\":\"JENIUSPAY\"},{\"ewalletType\":\"GOPAY\"}],\"availableQrCodes\":[{\"qrCodeType\":\"QRIS\"}],\"availableDirectDebits\":[],\"availablePaylaters\":[],\"shouldExcludeCreditCard\":true,\"shouldSendEmail\":false,\"created\":\"2026-03-06T09:02:02.530Z\",\"updated\":\"2026-03-06T09:02:02.530Z\",\"successRedirectUrl\":\"http://localhost:5173/payment/success\",\"failureRedirectUrl\":\"http://localhost:5173/payment/failed\",\"currency\":\"IDR\",\"items\":[{\"name\":\"VIP 1\",\"price\":75000,\"quantity\":1,\"category\":\"ticket\"},{\"name\":\"REGULER\",\"price\":50000,\"quantity\":2,\"category\":\"ticket\"},{\"name\":\"Biaya Layanan\",\"price\":30000,\"quantity\":1,\"category\":\"service_fee\"},{\"name\":\"Pajak Daerah\",\"price\":21000,\"quantity\":1,\"category\":\"tax\"}],\"customer\":{\"givenNames\":\"paeru 2\",\"email\":\"ghb82816@gmail.com\",\"mobileNumber\":\"+6281234567890\"},\"customerNotificationPreference\":{\"invoiceCreated\":[\"email\"],\"invoiceReminder\":[\"email\"],\"invoicePaid\":[\"email\"]}}', '2026-03-06 16:02:35', '2026-03-06 16:02:02', '2026-03-06 16:02:35'),
('b23f6bfc-abe3-45d2-8067-13a07282003a', '6fcd5f05-82e5-4fbd-a19b-a06ff50e0331', 'xendit', '69acf005ef32604835680d06', 66000.00, 0.00, 'paid', 'INVOICE', NULL, NULL, NULL, '{\"id\":\"69acf005ef32604835680d06\",\"externalId\":\"2603080341-53CK\",\"userId\":\"6986021ddefdb77feacfe270\",\"description\":\"Pembayaran Tiket Event: . Harga sudah termasuk biaya layanan & pajak daerah.\",\"status\":\"PENDING\",\"merchantName\":\"Beli Senang\",\"merchantProfilePictureUrl\":\"https://du8nwjtfkinx.cloudfront.net/xendit.png\",\"amount\":66000,\"expiryDate\":\"2026-03-08T04:41:57.667Z\",\"invoiceUrl\":\"https://checkout-staging.xendit.co/web/69acf005ef32604835680d06\",\"availableBanks\":[],\"availableRetailOutlets\":[],\"availableEwallets\":[{\"ewalletType\":\"OVO\"},{\"ewalletType\":\"SHOPEEPAY\"},{\"ewalletType\":\"NEXCASH\"},{\"ewalletType\":\"DANA\"},{\"ewalletType\":\"ASTRAPAY\"},{\"ewalletType\":\"LINKAJA\"},{\"ewalletType\":\"JENIUSPAY\"},{\"ewalletType\":\"GOPAY\"}],\"availableQrCodes\":[{\"qrCodeType\":\"QRIS\"}],\"availableDirectDebits\":[],\"availablePaylaters\":[],\"shouldExcludeCreditCard\":true,\"shouldSendEmail\":false,\"created\":\"2026-03-08T03:41:57.796Z\",\"updated\":\"2026-03-08T03:41:57.796Z\",\"successRedirectUrl\":\"http://localhost:5173/payment/success\",\"failureRedirectUrl\":\"http://localhost:5173/payment/failed\",\"currency\":\"IDR\",\"items\":[{\"name\":\"REGULER\",\"price\":50000,\"quantity\":1,\"category\":\"ticket\"},{\"name\":\"Biaya Layanan\",\"price\":10000,\"quantity\":1,\"category\":\"service_fee\"},{\"name\":\"Pajak Daerah\",\"price\":6000,\"quantity\":1,\"category\":\"tax\"}],\"customer\":{\"givenNames\":\"paeru 2\",\"email\":\"ghb82816@gmail.com\",\"mobileNumber\":\"+6281234567890\"},\"customerNotificationPreference\":{\"invoiceCreated\":[\"email\"],\"invoiceReminder\":[\"email\"],\"invoicePaid\":[\"email\"]}}', '2026-03-08 10:42:17', '2026-03-08 10:41:58', '2026-03-08 10:42:17'),
('b535482b-d0dc-4bbb-9783-fb648cd44b28', '1c3d0b5a-bc0e-41fd-a7a1-d6eb52a986fe', 'xendit', '69aa9d08276cf90a6ce6aae3', 226000.00, 0.00, 'paid', 'INVOICE', NULL, NULL, NULL, '{\"id\":\"69aa9d08276cf90a6ce6aae3\",\"externalId\":\"2603060923-4V19\",\"userId\":\"6986021ddefdb77feacfe270\",\"description\":\"Pembayaran Tiket Event: . Harga sudah termasuk biaya layanan & pajak daerah.\",\"status\":\"PENDING\",\"merchantName\":\"Beli Senang\",\"merchantProfilePictureUrl\":\"https://du8nwjtfkinx.cloudfront.net/xendit.png\",\"amount\":226000,\"expiryDate\":\"2026-03-06T10:23:20.835Z\",\"invoiceUrl\":\"https://checkout-staging.xendit.co/web/69aa9d08276cf90a6ce6aae3\",\"availableBanks\":[],\"availableRetailOutlets\":[],\"availableEwallets\":[{\"ewalletType\":\"OVO\"},{\"ewalletType\":\"SHOPEEPAY\"},{\"ewalletType\":\"NEXCASH\"},{\"ewalletType\":\"DANA\"},{\"ewalletType\":\"ASTRAPAY\"},{\"ewalletType\":\"LINKAJA\"},{\"ewalletType\":\"JENIUSPAY\"},{\"ewalletType\":\"GOPAY\"}],\"availableQrCodes\":[{\"qrCodeType\":\"QRIS\"}],\"availableDirectDebits\":[],\"availablePaylaters\":[],\"shouldExcludeCreditCard\":true,\"shouldSendEmail\":false,\"created\":\"2026-03-06T09:23:20.996Z\",\"updated\":\"2026-03-06T09:23:20.996Z\",\"successRedirectUrl\":\"http://localhost:5173/payment/success\",\"failureRedirectUrl\":\"http://localhost:5173/payment/failed\",\"currency\":\"IDR\",\"items\":[{\"name\":\"REGULER\",\"price\":50000,\"quantity\":2,\"category\":\"ticket\"},{\"name\":\"VIP 1\",\"price\":75000,\"quantity\":1,\"category\":\"ticket\"},{\"name\":\"Biaya Layanan\",\"price\":30000,\"quantity\":1,\"category\":\"service_fee\"},{\"name\":\"Pajak Daerah\",\"price\":21000,\"quantity\":1,\"category\":\"tax\"}],\"customer\":{\"givenNames\":\"paeru 2\",\"email\":\"ghb82816@gmail.com\",\"mobileNumber\":\"+6281234567890\"},\"customerNotificationPreference\":{\"invoiceCreated\":[\"email\"],\"invoiceReminder\":[\"email\"],\"invoicePaid\":[\"email\"]}}', '2026-03-06 16:23:42', '2026-03-06 16:23:20', '2026-03-06 16:23:42'),
('bbfd52e4-8060-489f-ab5f-9522b1111c43', '0656c988-60e2-4932-a3bd-23571826e85c', 'xendit', '69ac441e276cf90a6ce890e2', 226000.00, 0.00, 'paid', 'INVOICE', NULL, NULL, NULL, '{\"id\":\"69ac441e276cf90a6ce890e2\",\"externalId\":\"2603071528-1WUK\",\"userId\":\"6986021ddefdb77feacfe270\",\"description\":\"Pembayaran Tiket Event: . Harga sudah termasuk biaya layanan & pajak daerah.\",\"status\":\"PENDING\",\"merchantName\":\"Beli Senang\",\"merchantProfilePictureUrl\":\"https://du8nwjtfkinx.cloudfront.net/xendit.png\",\"amount\":226000,\"expiryDate\":\"2026-03-07T16:28:31.117Z\",\"invoiceUrl\":\"https://checkout-staging.xendit.co/web/69ac441e276cf90a6ce890e2\",\"availableBanks\":[],\"availableRetailOutlets\":[],\"availableEwallets\":[{\"ewalletType\":\"OVO\"},{\"ewalletType\":\"SHOPEEPAY\"},{\"ewalletType\":\"NEXCASH\"},{\"ewalletType\":\"DANA\"},{\"ewalletType\":\"ASTRAPAY\"},{\"ewalletType\":\"LINKAJA\"},{\"ewalletType\":\"JENIUSPAY\"},{\"ewalletType\":\"GOPAY\"}],\"availableQrCodes\":[{\"qrCodeType\":\"QRIS\"}],\"availableDirectDebits\":[],\"availablePaylaters\":[],\"shouldExcludeCreditCard\":true,\"shouldSendEmail\":false,\"created\":\"2026-03-07T15:28:31.231Z\",\"updated\":\"2026-03-07T15:28:31.231Z\",\"successRedirectUrl\":\"http://localhost:5173/payment/success\",\"failureRedirectUrl\":\"http://localhost:5173/payment/failed\",\"currency\":\"IDR\",\"items\":[{\"name\":\"REGULER\",\"price\":50000,\"quantity\":2,\"category\":\"ticket\"},{\"name\":\"VIP 1\",\"price\":75000,\"quantity\":1,\"category\":\"ticket\"},{\"name\":\"Biaya Layanan\",\"price\":30000,\"quantity\":1,\"category\":\"service_fee\"},{\"name\":\"Pajak Daerah\",\"price\":21000,\"quantity\":1,\"category\":\"tax\"}],\"customer\":{\"givenNames\":\"paeru 2\",\"email\":\"ghb82816@gmail.com\",\"mobileNumber\":\"+6281234567890\"},\"customerNotificationPreference\":{\"invoiceCreated\":[\"email\"],\"invoiceReminder\":[\"email\"],\"invoicePaid\":[\"email\"]}}', '2026-03-07 22:29:26', '2026-03-07 22:28:31', '2026-03-07 22:29:26'),
('c28a46aa-ac69-40ba-84f1-f99feb7e3c46', '354ba917-57f3-45ba-ba48-f5244c123398', 'xendit', '69ad0e80ef32604835683902', 160000.00, 0.00, 'paid', 'INVOICE', NULL, NULL, NULL, '{\"id\":\"69ad0e80ef32604835683902\",\"externalId\":\"2603080551-KJ6X\",\"userId\":\"6986021ddefdb77feacfe270\",\"description\":\"Pembayaran Tiket Event: . Harga sudah termasuk biaya layanan & pajak daerah.\",\"status\":\"PENDING\",\"merchantName\":\"Beli Senang\",\"merchantProfilePictureUrl\":\"https://du8nwjtfkinx.cloudfront.net/xendit.png\",\"amount\":160000,\"expiryDate\":\"2026-03-08T06:52:01.158Z\",\"invoiceUrl\":\"https://checkout-staging.xendit.co/web/69ad0e80ef32604835683902\",\"availableBanks\":[],\"availableRetailOutlets\":[],\"availableEwallets\":[{\"ewalletType\":\"OVO\"},{\"ewalletType\":\"SHOPEEPAY\"},{\"ewalletType\":\"NEXCASH\"},{\"ewalletType\":\"DANA\"},{\"ewalletType\":\"ASTRAPAY\"},{\"ewalletType\":\"LINKAJA\"},{\"ewalletType\":\"JENIUSPAY\"},{\"ewalletType\":\"GOPAY\"}],\"availableQrCodes\":[{\"qrCodeType\":\"QRIS\"}],\"availableDirectDebits\":[],\"availablePaylaters\":[],\"shouldExcludeCreditCard\":true,\"shouldSendEmail\":false,\"created\":\"2026-03-08T05:52:01.604Z\",\"updated\":\"2026-03-08T05:52:01.604Z\",\"successRedirectUrl\":\"http://localhost:5173/payment/success\",\"failureRedirectUrl\":\"http://localhost:5173/payment/failed\",\"currency\":\"IDR\",\"items\":[{\"name\":\"REGULER\",\"price\":50000,\"quantity\":1,\"category\":\"ticket\"},{\"name\":\"VIP 1\",\"price\":75000,\"quantity\":1,\"category\":\"ticket\"},{\"name\":\"Biaya Layanan\",\"price\":20000,\"quantity\":1,\"category\":\"service_fee\"},{\"name\":\"Pajak Daerah\",\"price\":15000,\"quantity\":1,\"category\":\"tax\"}],\"customer\":{\"givenNames\":\"baskoro\",\"email\":\"putavubi@gmail.com\",\"mobileNumber\":\"87654323768\"},\"customerNotificationPreference\":{\"invoiceCreated\":[\"email\"],\"invoiceReminder\":[\"email\"],\"invoicePaid\":[\"email\"]}}', '2026-03-08 12:53:13', '2026-03-08 12:52:01', '2026-03-08 12:53:13'),
('d3d0e72f-d9d4-445a-9ba3-0e05fc8f5d81', 'fbb17387-e19c-47c1-86f9-c940ab140847', 'xendit', '69aa95c3276cf90a6ce69e7c', 226000.00, 0.00, 'paid', 'INVOICE', NULL, NULL, NULL, '{\"id\":\"69aa95c3276cf90a6ce69e7c\",\"externalId\":\"2603060852-F7OI\",\"userId\":\"6986021ddefdb77feacfe270\",\"description\":\"Pembayaran Tiket Event: . Harga sudah termasuk biaya layanan & pajak daerah.\",\"status\":\"PENDING\",\"merchantName\":\"Beli Senang\",\"merchantProfilePictureUrl\":\"https://du8nwjtfkinx.cloudfront.net/xendit.png\",\"amount\":226000,\"expiryDate\":\"2026-03-06T09:52:20.169Z\",\"invoiceUrl\":\"https://checkout-staging.xendit.co/web/69aa95c3276cf90a6ce69e7c\",\"availableBanks\":[],\"availableRetailOutlets\":[],\"availableEwallets\":[{\"ewalletType\":\"OVO\"},{\"ewalletType\":\"SHOPEEPAY\"},{\"ewalletType\":\"NEXCASH\"},{\"ewalletType\":\"DANA\"},{\"ewalletType\":\"ASTRAPAY\"},{\"ewalletType\":\"LINKAJA\"},{\"ewalletType\":\"JENIUSPAY\"},{\"ewalletType\":\"GOPAY\"}],\"availableQrCodes\":[{\"qrCodeType\":\"QRIS\"}],\"availableDirectDebits\":[],\"availablePaylaters\":[],\"shouldExcludeCreditCard\":true,\"shouldSendEmail\":false,\"created\":\"2026-03-06T08:52:20.330Z\",\"updated\":\"2026-03-06T08:52:20.330Z\",\"successRedirectUrl\":\"http://localhost:5173/payment/success\",\"failureRedirectUrl\":\"http://localhost:5173/payment/failed\",\"currency\":\"IDR\",\"items\":[{\"name\":\"REGULER\",\"price\":50000,\"quantity\":2,\"category\":\"ticket\"},{\"name\":\"VIP 1\",\"price\":75000,\"quantity\":1,\"category\":\"ticket\"},{\"name\":\"Biaya Layanan\",\"price\":30000,\"quantity\":1,\"category\":\"service_fee\"},{\"name\":\"Pajak Daerah\",\"price\":21000,\"quantity\":1,\"category\":\"tax\"}],\"customer\":{\"givenNames\":\"paeru 2\",\"email\":\"ghb82816@gmail.com\",\"mobileNumber\":\"+6281234567890\"},\"customerNotificationPreference\":{\"invoiceCreated\":[\"email\"],\"invoiceReminder\":[\"email\"],\"invoicePaid\":[\"email\"]}}', '2026-03-06 15:52:37', '2026-03-06 15:52:20', '2026-03-06 15:52:37'),
('d6965886-f929-4626-aa45-880f6f8e2f79', 'a0a977c4-798e-44ef-aaca-db95734e2285', 'xendit', '69acf880ef326048356818e4', 66000.00, 0.00, 'paid', 'INVOICE', NULL, NULL, NULL, '{\"id\":\"69acf880ef326048356818e4\",\"externalId\":\"2603080417-YNT9\",\"userId\":\"6986021ddefdb77feacfe270\",\"description\":\"Pembayaran Tiket Event: . Harga sudah termasuk biaya layanan & pajak daerah.\",\"status\":\"PENDING\",\"merchantName\":\"Beli Senang\",\"merchantProfilePictureUrl\":\"https://du8nwjtfkinx.cloudfront.net/xendit.png\",\"amount\":66000,\"expiryDate\":\"2026-03-08T05:18:08.913Z\",\"invoiceUrl\":\"https://checkout-staging.xendit.co/web/69acf880ef326048356818e4\",\"availableBanks\":[],\"availableRetailOutlets\":[],\"availableEwallets\":[{\"ewalletType\":\"OVO\"},{\"ewalletType\":\"SHOPEEPAY\"},{\"ewalletType\":\"NEXCASH\"},{\"ewalletType\":\"DANA\"},{\"ewalletType\":\"ASTRAPAY\"},{\"ewalletType\":\"LINKAJA\"},{\"ewalletType\":\"JENIUSPAY\"},{\"ewalletType\":\"GOPAY\"}],\"availableQrCodes\":[{\"qrCodeType\":\"QRIS\"}],\"availableDirectDebits\":[],\"availablePaylaters\":[],\"shouldExcludeCreditCard\":true,\"shouldSendEmail\":false,\"created\":\"2026-03-08T04:18:09.195Z\",\"updated\":\"2026-03-08T04:18:09.195Z\",\"successRedirectUrl\":\"http://localhost:5173/payment/success\",\"failureRedirectUrl\":\"http://localhost:5173/payment/failed\",\"currency\":\"IDR\",\"items\":[{\"name\":\"REGULER\",\"price\":50000,\"quantity\":1,\"category\":\"ticket\"},{\"name\":\"Biaya Layanan\",\"price\":10000,\"quantity\":1,\"category\":\"service_fee\"},{\"name\":\"Pajak Daerah\",\"price\":6000,\"quantity\":1,\"category\":\"tax\"}],\"customer\":{\"givenNames\":\"paeru 2\",\"email\":\"ghb82816@gmail.com\",\"mobileNumber\":\"+6281234567890\"},\"customerNotificationPreference\":{\"invoiceCreated\":[\"email\"],\"invoiceReminder\":[\"email\"],\"invoicePaid\":[\"email\"]}}', '2026-03-08 11:18:26', '2026-03-08 11:18:09', '2026-03-08 11:18:26'),
('d69fbdcd-20e3-4315-b0e6-a9601454bf6d', '242ee7e6-299b-4861-9b29-2fa487f13f66', 'xendit', '69aa90e8276cf90a6ce69657', 226000.00, 0.00, 'paid', 'INVOICE', NULL, NULL, NULL, '{\"id\":\"69aa90e8276cf90a6ce69657\",\"externalId\":\"2603060831-NMOB\",\"userId\":\"6986021ddefdb77feacfe270\",\"description\":\"Pembayaran Tiket Event: . Harga sudah termasuk biaya layanan & pajak daerah.\",\"status\":\"PENDING\",\"merchantName\":\"Beli Senang\",\"merchantProfilePictureUrl\":\"https://du8nwjtfkinx.cloudfront.net/xendit.png\",\"amount\":226000,\"expiryDate\":\"2026-03-06T09:31:36.331Z\",\"invoiceUrl\":\"https://checkout-staging.xendit.co/web/69aa90e8276cf90a6ce69657\",\"availableBanks\":[],\"availableRetailOutlets\":[],\"availableEwallets\":[{\"ewalletType\":\"OVO\"},{\"ewalletType\":\"SHOPEEPAY\"},{\"ewalletType\":\"NEXCASH\"},{\"ewalletType\":\"DANA\"},{\"ewalletType\":\"ASTRAPAY\"},{\"ewalletType\":\"LINKAJA\"},{\"ewalletType\":\"JENIUSPAY\"},{\"ewalletType\":\"GOPAY\"}],\"availableQrCodes\":[{\"qrCodeType\":\"QRIS\"}],\"availableDirectDebits\":[],\"availablePaylaters\":[],\"shouldExcludeCreditCard\":true,\"shouldSendEmail\":false,\"created\":\"2026-03-06T08:31:36.463Z\",\"updated\":\"2026-03-06T08:31:36.463Z\",\"successRedirectUrl\":\"http://localhost:5173/payment/success\",\"failureRedirectUrl\":\"http://localhost:5173/payment/failed\",\"currency\":\"IDR\",\"items\":[{\"name\":\"REGULER\",\"price\":50000,\"quantity\":2,\"category\":\"ticket\"},{\"name\":\"VIP 1\",\"price\":75000,\"quantity\":1,\"category\":\"ticket\"},{\"name\":\"Biaya Layanan\",\"price\":30000,\"quantity\":1,\"category\":\"service_fee\"},{\"name\":\"Pajak Daerah\",\"price\":21000,\"quantity\":1,\"category\":\"tax\"}],\"customer\":{\"givenNames\":\"paeru 2\",\"email\":\"ghb82816@gmail.com\",\"mobileNumber\":\"+6281234567890\"},\"customerNotificationPreference\":{\"invoiceCreated\":[\"email\"],\"invoiceReminder\":[\"email\"],\"invoicePaid\":[\"email\"]}}', '2026-03-06 15:31:56', '2026-03-06 15:31:36', '2026-03-06 15:31:56');
INSERT INTO `payments` (`id`, `order_id`, `provider`, `provider_transactions`, `amount`, `gateway_fee_amount`, `status`, `payment_method`, `qris_payload`, `qris_image_url`, `qris_expired_at`, `raw_callback_log`, `paid_at`, `created_at`, `updated_at`) VALUES
('dd88feb1-22be-480c-bd0e-16ddca9fb9a9', 'bd0cf756-d2fb-4261-9c57-79e1b17c80e6', 'xendit', '69ad354c276cf90a6ce9b437', 66000.00, 0.00, 'paid', 'INVOICE', NULL, NULL, NULL, '{\"id\":\"69ad354c276cf90a6ce9b437\",\"externalId\":\"2603080837-YVPC\",\"userId\":\"6986021ddefdb77feacfe270\",\"description\":\"Pembayaran Tiket Event: . Harga sudah termasuk biaya layanan & pajak daerah.\",\"status\":\"PENDING\",\"merchantName\":\"Beli Senang\",\"merchantProfilePictureUrl\":\"https://du8nwjtfkinx.cloudfront.net/xendit.png\",\"amount\":66000,\"expiryDate\":\"2026-03-08T09:37:32.954Z\",\"invoiceUrl\":\"https://checkout-staging.xendit.co/web/69ad354c276cf90a6ce9b437\",\"availableBanks\":[],\"availableRetailOutlets\":[],\"availableEwallets\":[{\"ewalletType\":\"OVO\"},{\"ewalletType\":\"SHOPEEPAY\"},{\"ewalletType\":\"NEXCASH\"},{\"ewalletType\":\"DANA\"},{\"ewalletType\":\"ASTRAPAY\"},{\"ewalletType\":\"LINKAJA\"},{\"ewalletType\":\"JENIUSPAY\"},{\"ewalletType\":\"GOPAY\"}],\"availableQrCodes\":[{\"qrCodeType\":\"QRIS\"}],\"availableDirectDebits\":[],\"availablePaylaters\":[],\"shouldExcludeCreditCard\":true,\"shouldSendEmail\":false,\"created\":\"2026-03-08T08:37:33.110Z\",\"updated\":\"2026-03-08T08:37:33.110Z\",\"successRedirectUrl\":\"http://localhost:5173/payment/success\",\"failureRedirectUrl\":\"http://localhost:5173/payment/failed\",\"currency\":\"IDR\",\"items\":[{\"name\":\"REGULER\",\"price\":50000,\"quantity\":1,\"category\":\"ticket\"},{\"name\":\"Biaya Layanan\",\"price\":10000,\"quantity\":1,\"category\":\"service_fee\"},{\"name\":\"Pajak Daerah\",\"price\":6000,\"quantity\":1,\"category\":\"tax\"}],\"customer\":{\"givenNames\":\"paeru 2\",\"email\":\"ghb82816@gmail.com\",\"mobileNumber\":\"+6281234567890\"},\"customerNotificationPreference\":{\"invoiceCreated\":[\"email\"],\"invoiceReminder\":[\"email\"],\"invoicePaid\":[\"email\"]}}', '2026-03-08 15:38:10', '2026-03-08 15:37:33', '2026-03-08 15:38:10'),
('e3f1792d-a634-4b85-8ac0-c61313c0ef77', '02f20a09-0361-4e97-930f-9039bbdc73d8', 'xendit', '69abef1b276cf90a6ce832cc', 80000.00, 0.00, '', 'INVOICE', NULL, NULL, NULL, '{\"id\":\"69abef1b276cf90a6ce832cc\",\"externalId\":\"2603070925-YFO5\",\"userId\":\"6986021ddefdb77feacfe270\",\"description\":\"Pembayaran Tiket Event: . Harga sudah termasuk biaya layanan & pajak daerah.\",\"status\":\"PENDING\",\"merchantName\":\"Beli Senang\",\"merchantProfilePictureUrl\":\"https://du8nwjtfkinx.cloudfront.net/xendit.png\",\"amount\":80000,\"expiryDate\":\"2026-03-07T10:25:48.186Z\",\"invoiceUrl\":\"https://checkout-staging.xendit.co/web/69abef1b276cf90a6ce832cc\",\"availableBanks\":[],\"availableRetailOutlets\":[],\"availableEwallets\":[{\"ewalletType\":\"OVO\"},{\"ewalletType\":\"SHOPEEPAY\"},{\"ewalletType\":\"NEXCASH\"},{\"ewalletType\":\"DANA\"},{\"ewalletType\":\"ASTRAPAY\"},{\"ewalletType\":\"LINKAJA\"},{\"ewalletType\":\"JENIUSPAY\"},{\"ewalletType\":\"GOPAY\"}],\"availableQrCodes\":[{\"qrCodeType\":\"QRIS\"}],\"availableDirectDebits\":[],\"availablePaylaters\":[],\"shouldExcludeCreditCard\":true,\"shouldSendEmail\":false,\"created\":\"2026-03-07T09:25:48.423Z\",\"updated\":\"2026-03-07T09:25:48.423Z\",\"successRedirectUrl\":\"http://localhost:5173/payment/success\",\"failureRedirectUrl\":\"http://localhost:5173/payment/failed\",\"currency\":\"IDR\",\"items\":[{\"name\":\"FESTIVAL\",\"price\":40000,\"quantity\":2,\"category\":\"ticket\"}],\"customer\":{\"givenNames\":\"baskoro\",\"email\":\"ghb82816@gmail.com\",\"mobileNumber\":\"87654323768\"},\"customerNotificationPreference\":{\"invoiceCreated\":[\"email\"],\"invoiceReminder\":[\"email\"],\"invoicePaid\":[\"email\"]}}', NULL, '2026-03-07 16:25:48', '2026-03-07 19:00:00'),
('e72a7c49-eb97-4086-96e5-311db56448b9', 'fcf823d1-10c7-4340-98eb-bdd3be9ad579', 'xendit', '69aa89b3276cf90a6ce68c32', 226000.00, 0.00, 'paid', 'INVOICE', NULL, NULL, NULL, '{\"id\":\"69aa89b3276cf90a6ce68c32\",\"externalId\":\"2603060800-ISOT\",\"userId\":\"6986021ddefdb77feacfe270\",\"description\":\"Pembayaran Tiket Event: . Harga sudah termasuk biaya layanan & pajak daerah.\",\"status\":\"PENDING\",\"merchantName\":\"Beli Senang\",\"merchantProfilePictureUrl\":\"https://du8nwjtfkinx.cloudfront.net/xendit.png\",\"amount\":226000,\"expiryDate\":\"2026-03-06T09:00:51.527Z\",\"invoiceUrl\":\"https://checkout-staging.xendit.co/web/69aa89b3276cf90a6ce68c32\",\"availableBanks\":[],\"availableRetailOutlets\":[],\"availableEwallets\":[{\"ewalletType\":\"OVO\"},{\"ewalletType\":\"SHOPEEPAY\"},{\"ewalletType\":\"NEXCASH\"},{\"ewalletType\":\"DANA\"},{\"ewalletType\":\"ASTRAPAY\"},{\"ewalletType\":\"LINKAJA\"},{\"ewalletType\":\"JENIUSPAY\"},{\"ewalletType\":\"GOPAY\"}],\"availableQrCodes\":[{\"qrCodeType\":\"QRIS\"}],\"availableDirectDebits\":[],\"availablePaylaters\":[],\"shouldExcludeCreditCard\":true,\"shouldSendEmail\":false,\"created\":\"2026-03-06T08:00:51.566Z\",\"updated\":\"2026-03-06T08:00:51.566Z\",\"successRedirectUrl\":\"http://localhost:5173/payment/success\",\"failureRedirectUrl\":\"http://localhost:5173/payment/failed\",\"currency\":\"IDR\",\"items\":[{\"name\":\"REGULER\",\"price\":50000,\"quantity\":2,\"category\":\"ticket\"},{\"name\":\"VIP 1\",\"price\":75000,\"quantity\":1,\"category\":\"ticket\"},{\"name\":\"Biaya Layanan\",\"price\":30000,\"quantity\":1,\"category\":\"service_fee\"},{\"name\":\"Pajak Daerah\",\"price\":21000,\"quantity\":1,\"category\":\"tax\"}],\"customer\":{\"givenNames\":\"paeru 2\",\"email\":\"ghb82816@gmail.com\",\"mobileNumber\":\"+6281234567890\"},\"customerNotificationPreference\":{\"invoiceCreated\":[\"email\"],\"invoiceReminder\":[\"email\"],\"invoicePaid\":[\"email\"]}}', '2026-03-06 15:01:14', '2026-03-06 15:00:51', '2026-03-06 15:01:14'),
('f801177c-1706-492e-828e-d7383bfc6f95', 'a9b51448-8909-439b-abc7-fac640436f5a', 'xendit', '69ac6efbef3260483567815a', 66000.00, 0.00, '', 'INVOICE', NULL, NULL, NULL, '{\"id\":\"69ac6efbef3260483567815a\",\"externalId\":\"2603071831-EMZI\",\"userId\":\"6986021ddefdb77feacfe270\",\"description\":\"Pembayaran Tiket Event: . Harga sudah termasuk biaya layanan & pajak daerah.\",\"status\":\"PENDING\",\"merchantName\":\"Beli Senang\",\"merchantProfilePictureUrl\":\"https://du8nwjtfkinx.cloudfront.net/xendit.png\",\"amount\":66000,\"expiryDate\":\"2026-03-07T19:31:23.668Z\",\"invoiceUrl\":\"https://checkout-staging.xendit.co/web/69ac6efbef3260483567815a\",\"availableBanks\":[],\"availableRetailOutlets\":[],\"availableEwallets\":[{\"ewalletType\":\"OVO\"},{\"ewalletType\":\"SHOPEEPAY\"},{\"ewalletType\":\"NEXCASH\"},{\"ewalletType\":\"DANA\"},{\"ewalletType\":\"ASTRAPAY\"},{\"ewalletType\":\"LINKAJA\"},{\"ewalletType\":\"JENIUSPAY\"},{\"ewalletType\":\"GOPAY\"}],\"availableQrCodes\":[{\"qrCodeType\":\"QRIS\"}],\"availableDirectDebits\":[],\"availablePaylaters\":[],\"shouldExcludeCreditCard\":true,\"shouldSendEmail\":false,\"created\":\"2026-03-07T18:31:23.840Z\",\"updated\":\"2026-03-07T18:31:23.840Z\",\"successRedirectUrl\":\"http://localhost:5173/payment/success\",\"failureRedirectUrl\":\"http://localhost:5173/payment/failed\",\"currency\":\"IDR\",\"items\":[{\"name\":\"REGULER\",\"price\":50000,\"quantity\":1,\"category\":\"ticket\"},{\"name\":\"Biaya Layanan\",\"price\":10000,\"quantity\":1,\"category\":\"service_fee\"},{\"name\":\"Pajak Daerah\",\"price\":6000,\"quantity\":1,\"category\":\"tax\"}],\"customer\":{\"givenNames\":\"paeru 2\",\"email\":\"ghb82816@gmail.com\",\"mobileNumber\":\"+6281234567890\"},\"customerNotificationPreference\":{\"invoiceCreated\":[\"email\"],\"invoiceReminder\":[\"email\"],\"invoicePaid\":[\"email\"]}}', NULL, '2026-03-08 01:31:23', '2026-03-08 01:50:00'),
('fd22c61c-086e-4ea4-b4fe-78e2b6ba3052', 'c5890416-9e32-402f-8a6c-e3d88fd91b7f', 'xendit', '69ac7d9b276cf90a6ce8cfc0', 66000.00, 0.00, '', 'INVOICE', NULL, NULL, NULL, '{\"id\":\"69ac7d9b276cf90a6ce8cfc0\",\"externalId\":\"2603071933-NBTO\",\"userId\":\"6986021ddefdb77feacfe270\",\"description\":\"Pembayaran Tiket Event: . Harga sudah termasuk biaya layanan & pajak daerah.\",\"status\":\"PENDING\",\"merchantName\":\"Beli Senang\",\"merchantProfilePictureUrl\":\"https://du8nwjtfkinx.cloudfront.net/xendit.png\",\"amount\":66000,\"expiryDate\":\"2026-03-07T20:33:47.879Z\",\"invoiceUrl\":\"https://checkout-staging.xendit.co/web/69ac7d9b276cf90a6ce8cfc0\",\"availableBanks\":[],\"availableRetailOutlets\":[],\"availableEwallets\":[{\"ewalletType\":\"OVO\"},{\"ewalletType\":\"SHOPEEPAY\"},{\"ewalletType\":\"NEXCASH\"},{\"ewalletType\":\"DANA\"},{\"ewalletType\":\"ASTRAPAY\"},{\"ewalletType\":\"LINKAJA\"},{\"ewalletType\":\"JENIUSPAY\"},{\"ewalletType\":\"GOPAY\"}],\"availableQrCodes\":[{\"qrCodeType\":\"QRIS\"}],\"availableDirectDebits\":[],\"availablePaylaters\":[],\"shouldExcludeCreditCard\":true,\"shouldSendEmail\":false,\"created\":\"2026-03-07T19:33:48.079Z\",\"updated\":\"2026-03-07T19:33:48.079Z\",\"successRedirectUrl\":\"http://localhost:5173/payment/success\",\"failureRedirectUrl\":\"http://localhost:5173/payment/failed\",\"currency\":\"IDR\",\"items\":[{\"name\":\"REGULER\",\"price\":50000,\"quantity\":1,\"category\":\"ticket\"},{\"name\":\"Biaya Layanan\",\"price\":10000,\"quantity\":1,\"category\":\"service_fee\"},{\"name\":\"Pajak Daerah\",\"price\":6000,\"quantity\":1,\"category\":\"tax\"}],\"customer\":{\"givenNames\":\"paeru 2\",\"email\":\"ghb82816@gmail.com\",\"mobileNumber\":\"+6281234567890\"},\"customerNotificationPreference\":{\"invoiceCreated\":[\"email\"],\"invoiceReminder\":[\"email\"],\"invoicePaid\":[\"email\"]}}', NULL, '2026-03-08 02:33:47', '2026-03-08 02:50:00');

-- --------------------------------------------------------

--
-- Struktur dari tabel `payouts`
--

CREATE TABLE `payouts` (
  `id` char(36) CHARACTER SET utf8mb4 COLLATE utf8mb4_bin NOT NULL DEFAULT uuid(),
  `creator_id` char(36) CHARACTER SET utf8mb4 COLLATE utf8mb4_bin NOT NULL,
  `amount` decimal(15,2) NOT NULL,
  `xendit_disbursement_id` varchar(255) DEFAULT NULL,
  `status` enum('REQUESTED','APPROVED','PENDING','COMPLETED','FAILED','REJECTED') DEFAULT 'REQUESTED',
  `approved_by` char(36) CHARACTER SET utf8mb4 COLLATE utf8mb4_bin DEFAULT NULL,
  `approved_at` datetime DEFAULT NULL,
  `failure_reason` varchar(255) DEFAULT NULL,
  `created_at` datetime DEFAULT NULL,
  `updated_at` datetime DEFAULT NULL
) ENGINE=InnoDB DEFAULT CHARSET=utf8mb4 COLLATE=utf8mb4_general_ci;

-- --------------------------------------------------------

--
-- Struktur dari tabel `regions`
--

CREATE TABLE `regions` (
  `id` char(36) CHARACTER SET utf8mb4 COLLATE utf8mb4_bin NOT NULL DEFAULT uuid(),
  `user_id` char(36) NOT NULL,
  `name` varchar(150) NOT NULL,
  `slug` varchar(191) NOT NULL,
  `description` text DEFAULT NULL,
  `keywords` text DEFAULT NULL,
  `image` text DEFAULT NULL,
  `created_at` datetime NOT NULL,
  `updated_at` datetime NOT NULL
) ENGINE=InnoDB DEFAULT CHARSET=utf8mb4 COLLATE=utf8mb4_general_ci;

--
-- Dumping data untuk tabel `regions`
--

INSERT INTO `regions` (`id`, `user_id`, `name`, `slug`, `description`, `keywords`, `image`, `created_at`, `updated_at`) VALUES
('030bad5b-3ed2-4124-9f1e-d66b946a60cb', '999cf76b-01f9-47fc-b6aa-81f78d533be2', 'malang fsg hgjjhg hk hj', 'malang-fsg-hgjjhg-hk-hj', 'kota malang', 'kota malang, malang, jawa timur, surabaya', '/uploads/regions/1766401141600-668499989.webp', '2025-12-22 17:59:01', '2025-12-22 17:59:01'),
('2acdff35-5152-43ea-a987-d193b37af152', '999cf76b-01f9-47fc-b6aa-81f78d533be2', 'malang fsg hgjjhg hk hj hukhu', 'malang-fsg-hgjjhg-hk-hj-hukhu', 'kota malang', 'kota malang, malang, jawa timur, surabaya', '/uploads/regions/1766401414802-719465663.webp', '2025-12-22 18:03:35', '2025-12-22 18:03:35'),
('3135f046-26c7-4fd4-97d3-00d5e657fb14', 'b62b7429-7550-4da5-aa53-be976b8da2f7', 'malang selatan update', 'malang-selatan-update', 'malang bagian selatan', 'malsel, malang, kabupaten', '/uploads/regions/1767359389827-466622813.webp', '2026-01-02 20:09:49', '2026-01-02 20:10:17'),
('48f9dcb1-5bfa-4ef1-966e-2715eed0e51b', 'b62b7429-7550-4da5-aa53-be976b8da2f7', 'new', 'new', '<p><strong>new skdj </strong>db vsdjkn vjn <strong>sknnk</strong> knkldnv vnsdj</p><h1>vvdvvd </h1><ul><li><p>vdsvv</p></li><li><p>sgsg</p></li></ul><p></p>', 'dasd,fgsdg,gdfg', '/uploads/regions/1767382651656-268242201.webp', '2026-01-03 02:37:31', '2026-01-06 15:10:15');

-- --------------------------------------------------------

--
-- Struktur dari tabel `roles`
--

CREATE TABLE `roles` (
  `id` char(36) CHARACTER SET utf8mb4 COLLATE utf8mb4_bin NOT NULL DEFAULT uuid(),
  `name` varchar(100) NOT NULL,
  `description` varchar(255) DEFAULT NULL,
  `role_scope` enum('global','creator') NOT NULL,
  `created_at` datetime NOT NULL,
  `updated_at` datetime NOT NULL
) ENGINE=InnoDB DEFAULT CHARSET=utf8mb4 COLLATE=utf8mb4_general_ci;

--
-- Dumping data untuk tabel `roles`
--

INSERT INTO `roles` (`id`, `name`, `description`, `role_scope`, `created_at`, `updated_at`) VALUES
('6b9e8940-d37b-11f0-9521-1cb72c0737b7', 'SUPERADMIN', 'Full system access', 'global', '2025-12-07 14:45:48', '2025-12-07 14:45:48'),
('6b9ea51c-d37b-11f0-9521-1cb72c0737b7', 'PROMOTOR_EVENT_ADMIN', 'Manage events & tickets for promotor', 'creator', '2025-12-07 14:45:48', '2025-12-07 14:45:48'),
('6b9ea609-d37b-11f0-9521-1cb72c0737b7', 'SCAN_STAFF', 'Ticket scanner staff', 'creator', '2025-12-07 14:45:48', '2025-12-07 14:45:48'),
('957d6bbc-057a-11f1-a9d5-1cb72c0737b7', 'SYSTEM_ADMIN', 'Manage platform & settings', 'global', '2026-02-09 06:44:47', '2026-02-09 06:44:47'),
('957d9eca-057a-11f1-a9d5-1cb72c0737b7', 'CONTENT_WRITER', 'Create and manage news/articles', 'global', '2026-02-09 06:44:47', '2026-02-09 06:44:47'),
('c1f5ee27-057a-11f1-a9d5-1cb72c0737b7', 'PROMOTOR_OWNER', 'Main promotor owner with full access to promotor', 'creator', '2026-02-09 06:46:38', '2026-02-09 06:46:38');

-- --------------------------------------------------------

--
-- Struktur dari tabel `sequelizemeta`
--

CREATE TABLE `sequelizemeta` (
  `name` varchar(255) NOT NULL
) ENGINE=InnoDB DEFAULT CHARSET=utf8 COLLATE=utf8_unicode_ci;

--
-- Dumping data untuk tabel `sequelizemeta`
--

INSERT INTO `sequelizemeta` (`name`) VALUES
('20251207142739-create-User.js'),
('20251207142808-create-roles.js'),
('20251207142815-create-user-roles.js'),
('20251209073145-create-customer-user.js'),
('20251216100538-create-admin-audit-logs.js'),
('20251216103536-create-admin-refresh-token.js'),
('20251217150426-create-kategoris.js'),
('20251222072618-create-regions.js'),
('20251223083247-create-creator.js'),
('20251223093703-create-events.js'),
('20251224065413-create-ticket-types.js'),
('20251224094734-create-orders.js'),
('20251224094809-create-order-items.js'),
('20251224094839-create-tickets.js'),
('20251224094911-create-payments.js'),
('20260117102704-create-banners.js'),
('20260208143427-create-creator-user-members.js'),
('20260220090519-create-fasilitas.js'),
('20260220091400-create-event-fasilitas.js'),
('20260220092136-create-sponsors.js'),
('20260220092224-create-guest-stars.js'),
('20260224134708-create-creator-bank-accounts.js'),
('20260224135508-create-creator-documents.js'),
('20260224140231-create-payouts.js'),
('20260224141220-create-creator-financials.js'),
('20260225062406-create-creatorfinancesetting.js'),
('20260225062429-create-systemfinancesettings.js'),
('20260304164218-create-event-staff-assignments.js'),
('20260304164532-create-ticket-scan-logs.js'),
('20260305052630-create-ticket-daily-usage.js');

-- --------------------------------------------------------

--
-- Struktur dari tabel `sponsors`
--

CREATE TABLE `sponsors` (
  `id` char(36) CHARACTER SET utf8mb4 COLLATE utf8mb4_bin NOT NULL DEFAULT uuid(),
  `event_id` char(36) CHARACTER SET utf8mb4 COLLATE utf8mb4_bin DEFAULT NULL,
  `name` varchar(255) DEFAULT NULL,
  `image` text DEFAULT NULL,
  `created_at` datetime NOT NULL,
  `updated_at` datetime NOT NULL
) ENGINE=InnoDB DEFAULT CHARSET=utf8mb4 COLLATE=utf8mb4_general_ci;

--
-- Dumping data untuk tabel `sponsors`
--

INSERT INTO `sponsors` (`id`, `event_id`, `name`, `image`, `created_at`, `updated_at`) VALUES
('8b8e6e13-6317-442f-b6dd-b54d91f19a61', 'f9f12d0a-c6db-4ac5-aeb5-a89706350c2f', 'djarum ', '/uploads/sponsors/1772616312134-307004005.webp', '2026-03-04 16:25:12', '2026-03-04 16:25:12'),
('a2f43ca0-ed1e-47a7-8cc4-b61a921fd2c1', 'f9f12d0a-c6db-4ac5-aeb5-a89706350c2f', 'teh pucuk harum', '/uploads/sponsors/1772616274181-350089850.webp', '2026-03-04 16:24:34', '2026-03-04 16:24:34');

-- --------------------------------------------------------

--
-- Struktur dari tabel `system_finance_settings`
--

CREATE TABLE `system_finance_settings` (
  `id` char(36) CHARACTER SET utf8mb4 COLLATE utf8mb4_bin NOT NULL,
  `tax_rate` decimal(5,2) NOT NULL DEFAULT 11.00,
  `service_tax_rate` decimal(5,2) DEFAULT 10.00,
  `created_at` datetime DEFAULT NULL,
  `updated_at` datetime DEFAULT NULL
) ENGINE=InnoDB DEFAULT CHARSET=utf8mb4 COLLATE=utf8mb4_general_ci;

--
-- Dumping data untuk tabel `system_finance_settings`
--

INSERT INTO `system_finance_settings` (`id`, `tax_rate`, `service_tax_rate`, `created_at`, `updated_at`) VALUES
('e1e878a4-1217-11f1-930d-74d02b4698cd', 12.00, 0.00, NULL, '2026-02-26 13:58:30');

-- --------------------------------------------------------

--
-- Struktur dari tabel `tickets`
--

CREATE TABLE `tickets` (
  `id` char(36) CHARACTER SET utf8mb4 COLLATE utf8mb4_bin NOT NULL DEFAULT uuid(),
  `ticket_code` varchar(255) NOT NULL,
  `order_item_id` char(36) CHARACTER SET utf8mb4 COLLATE utf8mb4_bin NOT NULL,
  `creator_id` char(36) NOT NULL,
  `event_id` char(36) CHARACTER SET utf8mb4 COLLATE utf8mb4_bin NOT NULL,
  `ticket_type_id` char(36) CHARACTER SET utf8mb4 COLLATE utf8mb4_bin NOT NULL,
  `owner_name` varchar(255) NOT NULL,
  `owner_email` varchar(255) NOT NULL,
  `owner_phone` varchar(255) NOT NULL,
  `type_identity` varchar(100) NOT NULL,
  `no_identity` varchar(100) NOT NULL,
  `qr_payload` text NOT NULL,
  `status` enum('pending','issued','sent','used','expired','revoked') NOT NULL DEFAULT 'pending',
  `issued_at` datetime DEFAULT NULL,
  `sent_at` datetime DEFAULT NULL,
  `used_at` datetime DEFAULT NULL,
  `used_by` char(36) CHARACTER SET utf8mb4 COLLATE utf8mb4_bin DEFAULT NULL,
  `created_at` datetime NOT NULL DEFAULT current_timestamp(),
  `updated_at` datetime NOT NULL DEFAULT current_timestamp()
) ENGINE=InnoDB DEFAULT CHARSET=utf8mb4 COLLATE=utf8mb4_general_ci;

--
-- Dumping data untuk tabel `tickets`
--

INSERT INTO `tickets` (`id`, `ticket_code`, `order_item_id`, `creator_id`, `event_id`, `ticket_type_id`, `owner_name`, `owner_email`, `owner_phone`, `type_identity`, `no_identity`, `qr_payload`, `status`, `issued_at`, `sent_at`, `used_at`, `used_by`, `created_at`, `updated_at`) VALUES
('02a03cba-cf95-4691-89f2-a6cce4c4a914', 'TIX-d466ddf4926e', 'a88a58fb-7ab6-4f61-9c21-5cbf616c8ab6', '79da363d-f5db-4399-a936-d355788401f5', 'f9f12d0a-c6db-4ac5-aeb5-a89706350c2f', 'cfede144-8cec-4bf6-bae9-66f7439c795c', 'Andi Pratama reg 1.6', 'ghb82816@gmail.com', '081234567890', 'KTP', '3579010101010001', '{\"ticket_code\":\"1ab9f60cd58e\",\"order_id\":\"a88a58fb-7ab6-4f61-9c21-5cbf616c8ab6\"}', 'sent', '2026-03-03 16:23:46', '2026-03-03 16:25:01', NULL, NULL, '2026-03-03 16:23:46', '2026-03-03 16:25:01'),
('0594fa5a-0ff5-4ec4-8ec1-fdde97a851c5', 'BLSNG-5888fbe576fe698f', '6c13ab2d-45f6-4be9-ae9e-14f20983cd4a', '79da363d-f5db-4399-a936-d355788401f5', '3dc6df65-90b4-4f7d-ac6b-84d0c331e5ab', '6f3bbf57-4c39-4779-81f6-e936fff8635d', 'Andi Pratama reg 1.1', 'ghb82816@gmail.com', '081234567890', 'KTP', '3579010101010001', '{\"t\":\"BLSNG-5888fbe576fe698f\",\"e\":\"3dc6df65-90b4-4f7d-ac6b-84d0c331e5ab\",\"s\":\"821e874b1c8a408dbefc7f5ae40a85d37654b0743f71c8f9e62c52af6a0d87b1\"}', 'sent', '2026-03-08 02:46:19', '2026-03-08 02:50:02', NULL, NULL, '2026-03-08 02:46:19', '2026-03-08 02:50:02'),
('0728ad33-7058-430b-bed6-11d0902c9416', 'TIX-b926cddc0426d5f9', 'f57f6e85-b089-4578-8113-5061014e05af', '79da363d-f5db-4399-a936-d355788401f5', '3dc6df65-90b4-4f7d-ac6b-84d0c331e5ab', '6f3bbf57-4c39-4779-81f6-e936fff8635d', 'Andi Pratama reg 1.2', 'ghb82816@gmail.com', '081234567890', 'KTP', '3579010101010001', '{\"t\":\"TIX-b926cddc0426d5f9\",\"e\":\"3dc6df65-90b4-4f7d-ac6b-84d0c331e5ab\",\"s\":\"a07b21482d300f09a2f364e8c008469daca2263cf9dcd564f6679ef64d091df7\"}', 'sent', '2026-03-07 13:53:53', '2026-03-07 13:55:11', NULL, NULL, '2026-03-07 13:53:53', '2026-03-07 13:55:11'),
('0b6c20bb-e15f-4cfa-91e0-a1d6f1448490', 'TIX-43b0d9e0fe158107', '825bdc55-6cae-463a-b8d2-eadf5a247fdc', '79da363d-f5db-4399-a936-d355788401f5', '3dc6df65-90b4-4f7d-ac6b-84d0c331e5ab', '6f3bbf57-4c39-4779-81f6-e936fff8635d', 'Andi Pratama reg 1.1', 'ghb82816@gmail.com', '081234567890', 'KTP', '3579010101010001', '{\"t\":\"TIX-43b0d9e0fe158107\",\"e\":\"3dc6df65-90b4-4f7d-ac6b-84d0c331e5ab\",\"s\":\"a809772330fa83c54737b1edb5d3b885ea2427346b450d80ae987f4c73960cdc\"}', 'sent', '2026-03-06 14:35:33', '2026-03-06 14:40:03', NULL, NULL, '2026-03-06 14:35:33', '2026-03-06 14:40:03'),
('0f23b07c-809b-48f5-810b-ed631d77f9f2', 'BLSNG-72eece367e7a010d', '66271caf-bf16-4af8-bd96-55086de44a4e', '79da363d-f5db-4399-a936-d355788401f5', '3dc6df65-90b4-4f7d-ac6b-84d0c331e5ab', '6f3bbf57-4c39-4779-81f6-e936fff8635d', 'Andi Pratama reg 1.1', 'ghb82816@gmail.com', '081234567890', 'KTP', '3579010101010001', '{\"t\":\"BLSNG-72eece367e7a010d\",\"e\":\"3dc6df65-90b4-4f7d-ac6b-84d0c331e5ab\",\"s\":\"b6d8cb961b8d980f82edcf86b8a7967e9b9ce0dd391f619b6b281083dbc6acb3\"}', 'sent', '2026-03-08 10:02:06', '2026-03-08 10:05:02', NULL, NULL, '2026-03-08 10:02:06', '2026-03-08 10:05:02'),
('11f07764-8a7f-4d33-b694-de6dcd600c46', 'TIX-e9e147cddd38633d', '97d35b12-ab6b-4393-b118-f5d1a3f16c6b', '79da363d-f5db-4399-a936-d355788401f5', '3dc6df65-90b4-4f7d-ac6b-84d0c331e5ab', '6f3bbf57-4c39-4779-81f6-e936fff8635d', 'Andi Pratama reg 1.1', 'ghb82816@gmail.com', '081234567890', 'KTP', '3579010101010001', '{\"t\":\"TIX-e9e147cddd38633d\",\"e\":\"3dc6df65-90b4-4f7d-ac6b-84d0c331e5ab\",\"s\":\"a97408f2f5aa87ff02c56e9b28783be94e91fe4aa33b6fc3f4955ab56d6f4007\"}', 'sent', '2026-03-07 14:38:20', '2026-03-07 14:40:07', NULL, NULL, '2026-03-07 14:38:20', '2026-03-07 14:40:07'),
('14b13107-df46-448c-b6ac-edb801261093', 'TIX-684a0ba67f176824', 'c85ab6b3-c433-42cc-aa58-d06333944291', '79da363d-f5db-4399-a936-d355788401f5', '3dc6df65-90b4-4f7d-ac6b-84d0c331e5ab', '6f3bbf57-4c39-4779-81f6-e936fff8635d', 'Andi Pratama reg 1.1', 'ghb82816@gmail.com', '081234567890', 'KTP', '3579010101010001', '{\"t\":\"TIX-684a0ba67f176824\",\"e\":\"3dc6df65-90b4-4f7d-ac6b-84d0c331e5ab\",\"s\":\"0484d951166fdc31d61ed34a156eae7073cec89314062f7c95f994115c38669c\"}', 'sent', '2026-03-07 14:52:48', '2026-03-07 14:55:06', NULL, NULL, '2026-03-07 14:52:48', '2026-03-07 14:55:06'),
('14e3f42a-e87e-4172-9cfe-9eb32e47ccfe', 'TIX-656f59b6774fd4c5', '94d0ee58-526a-47ec-8835-a2c366d8208e', '', '3dc6df65-90b4-4f7d-ac6b-84d0c331e5ab', '6f3bbf57-4c39-4779-81f6-e936fff8635d', 'Andi Pratama reg 1.1', 'ghb82816@gmail.com', '081234567890', 'KTP', '3579010101010001', '{\"t\":\"TIX-656f59b6774fd4c5\",\"e\":\"3dc6df65-90b4-4f7d-ac6b-84d0c331e5ab\",\"s\":\"93c49fe486928bf5a75a9484cd337948ff681b49e8475f66a2e8d8385a23f4a1\"}', 'sent', '2026-03-08 01:26:41', '2026-03-08 01:30:02', NULL, NULL, '2026-03-08 01:26:41', '2026-03-08 01:30:02'),
('1a79b43a-64ec-47ab-93e6-36c399bf1726', 'BLSNG-517043a05fe2a64f', '9e135079-f9dd-4bf6-b3c9-f530a5c63514', '79da363d-f5db-4399-a936-d355788401f5', '3dc6df65-90b4-4f7d-ac6b-84d0c331e5ab', '6f3bbf57-4c39-4779-81f6-e936fff8635d', 'Andi Pratama reg 1.1', 'ghb82816@gmail.com', '081234567890', 'KTP', '3579010101010001', '{\"t\":\"BLSNG-517043a05fe2a64f\",\"e\":\"3dc6df65-90b4-4f7d-ac6b-84d0c331e5ab\",\"s\":\"7b6695788a6eb936a3510cfbac2feb18f24dba0843360201fff06cefc957c8cb\"}', 'sent', '2026-03-08 03:02:13', '2026-03-08 03:10:02', NULL, NULL, '2026-03-08 03:02:13', '2026-03-08 03:10:02'),
('1ae7da6b-9157-4fa2-83f0-aa984fff7f18', 'TIX-6f72a82ead020cd5', '3edee0c8-d38c-457d-807e-e81c29f336ab', '79da363d-f5db-4399-a936-d355788401f5', '3dc6df65-90b4-4f7d-ac6b-84d0c331e5ab', '49aa5415-d9d1-4ddb-b5d7-4a1281107f87', 'Andi Pratama vip 2.1', 'ghb82816@gmail.com', '081234567890', 'KTP', '3579010101010001', '{\"t\":\"TIX-6f72a82ead020cd5\",\"e\":\"3dc6df65-90b4-4f7d-ac6b-84d0c331e5ab\",\"s\":\"48e8f531c2f53c064011d576f7ec8ad3cc7ea6c721c636864e835c0967587421\"}', 'used', '2026-03-07 14:52:48', '2026-03-07 14:55:06', '2026-03-07 16:21:11', '3d2ef306-35c3-486d-a545-51a35bfe08b6', '2026-03-07 14:52:48', '2026-03-07 16:21:11'),
('1aeadb0d-38b9-4e10-973f-6fe43fc71c42', 'BLSNG-248f94ce6f79c83d', '7bb5f19f-e93b-46d8-9d0d-000a93367f92', '79da363d-f5db-4399-a936-d355788401f5', '3dc6df65-90b4-4f7d-ac6b-84d0c331e5ab', '6f3bbf57-4c39-4779-81f6-e936fff8635d', 'Andi Pratama reg 1.1', 'ghb82816@gmail.com', '081234567890', 'KTP', '3579010101010001', '{\"t\":\"BLSNG-248f94ce6f79c83d\",\"e\":\"3dc6df65-90b4-4f7d-ac6b-84d0c331e5ab\",\"s\":\"eb9954d44c0f93261cf37c342dde38efd5cdc8b0aef262c4a9b2390fc47f5e17\"}', 'sent', '2026-03-08 11:01:04', '2026-03-08 11:10:12', NULL, NULL, '2026-03-08 11:01:04', '2026-03-08 11:10:12'),
('2688a662-07ea-47ad-a9d4-09c7a4c13e07', 'BLSNG-b91a0ed7a1b1501d', 'c887de81-6312-4cf1-b50c-49f827468cdf', '79da363d-f5db-4399-a936-d355788401f5', '3dc6df65-90b4-4f7d-ac6b-84d0c331e5ab', '6f3bbf57-4c39-4779-81f6-e936fff8635d', 'Andi Pratama reg 1.1', 'ghb82816@gmail.com', '081234567890', 'KTP', '3579010101010001', '{\"t\":\"BLSNG-b91a0ed7a1b1501d\",\"e\":\"3dc6df65-90b4-4f7d-ac6b-84d0c331e5ab\",\"s\":\"737f9f5c06f29f2aafb72fe54176e6c1f8b8e6a93340f5cf1e07a81dc0d21afa\"}', 'sent', '2026-03-08 15:38:10', '2026-03-08 16:00:09', NULL, NULL, '2026-03-08 15:38:10', '2026-03-08 16:00:09'),
('26b330bc-cae5-4787-b0ed-b8565f821a51', 'BLSNG-7dc67c018d5b6b95', 'e83c5490-ba94-4c4b-bdc5-7a7ca42d95ee', '79da363d-f5db-4399-a936-d355788401f5', '3dc6df65-90b4-4f7d-ac6b-84d0c331e5ab', '6f3bbf57-4c39-4779-81f6-e936fff8635d', 'Andi Pratama reg 1.1', 'ghb82816@gmail.com', '081234567890', 'KTP', '3579010101010001', '{\"t\":\"BLSNG-7dc67c018d5b6b95\",\"e\":\"3dc6df65-90b4-4f7d-ac6b-84d0c331e5ab\",\"s\":\"fcecab3467ebf6ff07db47b472fe914e0efe46820f8765fb55f83364dba5120e\"}', 'sent', '2026-03-08 11:09:05', '2026-03-08 11:10:12', NULL, NULL, '2026-03-08 11:09:05', '2026-03-08 11:10:12'),
('2a08f9da-b4bd-4681-a2cb-d3805850c5ab', 'TIX-0c3a7c858df10815', '838be10f-08bd-4252-8fbd-6e3ed8af1b8a', '79da363d-f5db-4399-a936-d355788401f5', '3dc6df65-90b4-4f7d-ac6b-84d0c331e5ab', '6f3bbf57-4c39-4779-81f6-e936fff8635d', 'Andi Pratama reg 1.2', 'ghb82816@gmail.com', '081234567890', 'KTP', '3579010101010001', '{\"t\":\"TIX-0c3a7c858df10815\",\"e\":\"3dc6df65-90b4-4f7d-ac6b-84d0c331e5ab\",\"s\":\"2f5b14e5cc7a032626ca8f68c77bcc4b86a934400e81124019ee2c9ab2bd8d2d\"}', 'sent', '2026-03-06 15:52:37', '2026-03-06 15:55:19', NULL, NULL, '2026-03-06 15:52:37', '2026-03-06 15:55:19'),
('2d315cea-299d-42aa-b1c0-4b4ccdbca07e', 'TIX-1613001963ea', '68a0ef4c-8230-4419-8de7-d36c966b573e', '79da363d-f5db-4399-a936-d355788401f5', 'f9f12d0a-c6db-4ac5-aeb5-a89706350c2f', 'cfede144-8cec-4bf6-bae9-66f7439c795c', 'Andi Pratama reg 1.6', 'ghb82816@gmail.com', '081234567890', 'KTP', '3579010101010001', '{\"ticket_code\":\"61fbfc2addd1\",\"order_id\":\"68a0ef4c-8230-4419-8de7-d36c966b573e\"}', 'sent', '2026-03-04 01:13:33', '2026-03-04 01:15:02', NULL, NULL, '2026-03-04 01:13:33', '2026-03-04 01:15:02'),
('328dbe70-01e6-4882-9a66-050455c6b487', 'TIX-09e588009b0d135b', 'eb8e58f4-15c6-468d-b4da-b2766a67a247', '79da363d-f5db-4399-a936-d355788401f5', '3dc6df65-90b4-4f7d-ac6b-84d0c331e5ab', '6f3bbf57-4c39-4779-81f6-e936fff8635d', 'Andi Pratama reg 1.2', 'ghb82816@gmail.com', '081234567890', 'KTP', '3579010101010001', '{\"t\":\"TIX-09e588009b0d135b\",\"e\":\"3dc6df65-90b4-4f7d-ac6b-84d0c331e5ab\",\"s\":\"9fa32a19506179f05af99194d92a5d808d9e6863ee85dafa158e0ec68d6e2c14\"}', 'sent', '2026-03-06 16:02:35', '2026-03-06 16:05:02', NULL, NULL, '2026-03-06 16:02:35', '2026-03-06 16:05:02'),
('37281584-058c-40ad-8519-b490ad983b59', 'TIX-ccf6853eb389ce29', '3effb6bd-33bd-48bc-8423-f08685b9d675', '79da363d-f5db-4399-a936-d355788401f5', '3dc6df65-90b4-4f7d-ac6b-84d0c331e5ab', '6f3bbf57-4c39-4779-81f6-e936fff8635d', 'Andi Pratama reg 1.1', 'ghb82816@gmail.com', '081234567890', 'KTP', '3579010101010001', '{\"t\":\"TIX-ccf6853eb389ce29\",\"e\":\"3dc6df65-90b4-4f7d-ac6b-84d0c331e5ab\",\"s\":\"bb00f47737ec13208dd4a6c28f2b54f7191cd2e274de7f036e46cc011b3f71e1\"}', 'sent', '2026-03-06 16:23:42', '2026-03-06 16:25:04', NULL, NULL, '2026-03-06 16:23:42', '2026-03-06 16:25:04'),
('38cd75dc-d826-4da9-84ff-fee0a4494297', 'TIX-6f851d72981b9351', 'ebb1a74d-7174-43f3-be66-87fd34785b26', '79da363d-f5db-4399-a936-d355788401f5', '3dc6df65-90b4-4f7d-ac6b-84d0c331e5ab', '49aa5415-d9d1-4ddb-b5d7-4a1281107f87', 'Andi Pratama vip 2.1', 'ghb82816@gmail.com', '081234567890', 'KTP', '3579010101010001', '{\"t\":\"TIX-6f851d72981b9351\",\"e\":\"3dc6df65-90b4-4f7d-ac6b-84d0c331e5ab\",\"s\":\"83839191ec8ae64c215201b2b43211bdeded3603a304d271e5d0f4f8e5aad787\"}', 'sent', '2026-03-06 15:01:14', '2026-03-06 15:05:01', NULL, NULL, '2026-03-06 15:01:14', '2026-03-06 15:05:01'),
('450a65b8-c2e0-4a2c-8e1b-a851f83d4832', 'TIX-c0c48d8af8f6b257', '69158d9a-bf4e-4331-9190-d88518b59c31', '79da363d-f5db-4399-a936-d355788401f5', '3dc6df65-90b4-4f7d-ac6b-84d0c331e5ab', '49aa5415-d9d1-4ddb-b5d7-4a1281107f87', 'Andi Pratama vip 2.1', 'ghb82816@gmail.com', '081234567890', 'KTP', '3579010101010001', '{\"t\":\"TIX-c0c48d8af8f6b257\",\"e\":\"3dc6df65-90b4-4f7d-ac6b-84d0c331e5ab\",\"s\":\"6a38e733f2c0a4a3423a5af09033a3f836b89692313cbba9c0a40c7a31228660\"}', 'sent', '2026-03-06 15:20:58', '2026-03-06 15:30:02', NULL, NULL, '2026-03-06 15:20:58', '2026-03-06 15:30:02'),
('4952a4e9-e7c3-4ece-a399-0f18702aac64', 'TIX-9b4b4f47c151', 'ed78dcd7-47cf-44cc-8874-54f57d07d316', '79da363d-f5db-4399-a936-d355788401f5', 'f9f12d0a-c6db-4ac5-aeb5-a89706350c2f', 'cfede144-8cec-4bf6-bae9-66f7439c795c', 'Andi Pratama reg 1.6', 'ghb82816@gmail.com', '081234567890', 'KTP', '3579010101010001', '{\"ticket_code\":\"a7f1ddd48b76\",\"order_id\":\"ed78dcd7-47cf-44cc-8874-54f57d07d316\"}', 'sent', '2026-03-04 00:35:32', '2026-03-04 00:40:01', NULL, NULL, '2026-03-04 00:35:32', '2026-03-04 00:40:01'),
('4c192fc9-0f22-45e3-b3ea-227089e3f24e', 'TIX-de5306b9d3d971b2', 'dc6b2fc5-544b-467a-8b20-8d81f156edb5', '79da363d-f5db-4399-a936-d355788401f5', '3dc6df65-90b4-4f7d-ac6b-84d0c331e5ab', '49aa5415-d9d1-4ddb-b5d7-4a1281107f87', 'Andi Pratama vip 2.1', 'ghb82816@gmail.com', '081234567890', 'KTP', '3579010101010001', '{\"t\":\"TIX-de5306b9d3d971b2\",\"e\":\"3dc6df65-90b4-4f7d-ac6b-84d0c331e5ab\",\"s\":\"73cd8c469834089b6e4e9528c6690899a075dd3932a4d13f45fdd163a6870490\"}', 'sent', '2026-03-06 15:31:56', '2026-03-06 15:55:20', NULL, NULL, '2026-03-06 15:31:56', '2026-03-06 15:55:20'),
('4ee84323-4092-4175-a9bc-c2e9146b95ff', 'BLSNG-ae2116c1f2a5f5c5', '8501048b-f859-41b7-b0ff-7a196e9dad9e', '79da363d-f5db-4399-a936-d355788401f5', '3dc6df65-90b4-4f7d-ac6b-84d0c331e5ab', '6f3bbf57-4c39-4779-81f6-e936fff8635d', 'Andi Pratama reg 1.1', 'ghb82816@gmail.com', '081234567890', 'KTP', '3579010101010001', '{\"t\":\"BLSNG-ae2116c1f2a5f5c5\",\"e\":\"3dc6df65-90b4-4f7d-ac6b-84d0c331e5ab\",\"s\":\"28edcfa2bf1ad5f5dc6713b1f857a9013beb3eac185a6c29090139380c4b923e\"}', 'sent', '2026-03-08 11:18:26', '2026-03-08 11:20:07', NULL, NULL, '2026-03-08 11:18:26', '2026-03-08 11:20:07'),
('5019b8db-a063-45d7-82f5-f96aa9158f1f', 'TIX-3adc09ea4f4c', 'a88a58fb-7ab6-4f61-9c21-5cbf616c8ab6', '79da363d-f5db-4399-a936-d355788401f5', 'f9f12d0a-c6db-4ac5-aeb5-a89706350c2f', 'cfede144-8cec-4bf6-bae9-66f7439c795c', 'Andi Pratama reg 1.5', 'ghb82816@gmail.com', '081234567890', 'KTP', '3579010101010001', '{\"ticket_code\":\"0b813ca97729\",\"order_id\":\"a88a58fb-7ab6-4f61-9c21-5cbf616c8ab6\"}', 'sent', '2026-03-03 16:23:46', '2026-03-03 16:25:02', NULL, NULL, '2026-03-03 16:23:46', '2026-03-03 16:25:02'),
('51a103e4-bee1-47c0-9543-0d1d87933165', 'TIX-ebbf83b6509adcbf', '72ac6cc3-eddd-45eb-848d-8913f2dc5ffc', '79da363d-f5db-4399-a936-d355788401f5', '3dc6df65-90b4-4f7d-ac6b-84d0c331e5ab', '6f3bbf57-4c39-4779-81f6-e936fff8635d', 'Andi Pratama reg 1.2', 'ghb82816@gmail.com', '081234567890', 'KTP', '3579010101010001', '{\"t\":\"TIX-ebbf83b6509adcbf\",\"e\":\"3dc6df65-90b4-4f7d-ac6b-84d0c331e5ab\",\"s\":\"9fe242d923a746db60f4eb37b46717f3237f8416c5e6dce9742e192b3c5f9c87\"}', 'sent', '2026-03-07 14:22:38', '2026-03-07 14:25:05', NULL, NULL, '2026-03-07 14:22:38', '2026-03-07 14:25:05'),
('56a27387-35e4-4f89-a058-b05459c0b67e', 'TIX-a6f94ca4431ffa9a', '838be10f-08bd-4252-8fbd-6e3ed8af1b8a', '79da363d-f5db-4399-a936-d355788401f5', '3dc6df65-90b4-4f7d-ac6b-84d0c331e5ab', '6f3bbf57-4c39-4779-81f6-e936fff8635d', 'Andi Pratama reg 1.1', 'ghb82816@gmail.com', '081234567890', 'KTP', '3579010101010001', '{\"t\":\"TIX-a6f94ca4431ffa9a\",\"e\":\"3dc6df65-90b4-4f7d-ac6b-84d0c331e5ab\",\"s\":\"c427e1e1b595c0e874e95c95b35345d60dae5a2adde1840270a31395f3378f0a\"}', 'sent', '2026-03-06 15:52:37', '2026-03-06 15:55:20', NULL, NULL, '2026-03-06 15:52:37', '2026-03-06 15:55:20'),
('56a3cc09-8fba-4db5-853d-e39623bd6892', 'BLSNG-d396b0adbb566182', 'c3e60b98-d4c4-41b9-a824-f15d1887e79a', '79da363d-f5db-4399-a936-d355788401f5', '3dc6df65-90b4-4f7d-ac6b-84d0c331e5ab', '6f3bbf57-4c39-4779-81f6-e936fff8635d', 'Andi Pratama reg 1.1', 'ghb82816@gmail.com', '081234567890', 'KTP', '3579010101010001', '{\"t\":\"BLSNG-d396b0adbb566182\",\"e\":\"3dc6df65-90b4-4f7d-ac6b-84d0c331e5ab\",\"s\":\"a31fa4f72c5466163e07f621cb081dbbbb7737b28b188419a0264faa278253b5\"}', 'sent', '2026-03-08 10:52:52', '2026-03-08 10:55:05', NULL, NULL, '2026-03-08 10:52:52', '2026-03-08 10:55:05'),
('598bdf18-c231-4443-80f2-ca03d80feddd', 'TIX-2d25a5b30fffeeab', '72ac6cc3-eddd-45eb-848d-8913f2dc5ffc', '79da363d-f5db-4399-a936-d355788401f5', '3dc6df65-90b4-4f7d-ac6b-84d0c331e5ab', '6f3bbf57-4c39-4779-81f6-e936fff8635d', 'Andi Pratama reg 1.1', 'ghb82816@gmail.com', '081234567890', 'KTP', '3579010101010001', '{\"t\":\"TIX-2d25a5b30fffeeab\",\"e\":\"3dc6df65-90b4-4f7d-ac6b-84d0c331e5ab\",\"s\":\"68dfb2a649bca9bf34cfcaa1ded32fd793461394e0f5ae257e549326177e34ee\"}', 'sent', '2026-03-07 14:22:38', '2026-03-07 14:25:05', NULL, NULL, '2026-03-07 14:22:38', '2026-03-07 14:25:05'),
('5c8c7d43-9e34-4e87-ba0e-61e9c3bab4e6', 'TIX-5fd064967d034b82', 'd05467ba-c588-4d99-87ef-242259f23482', '79da363d-f5db-4399-a936-d355788401f5', '3dc6df65-90b4-4f7d-ac6b-84d0c331e5ab', '6f3bbf57-4c39-4779-81f6-e936fff8635d', 'Andi Pratama reg 1.2', 'ghb82816@gmail.com', '081234567890', 'KTP', '3579010101010001', '{\"t\":\"TIX-5fd064967d034b82\",\"e\":\"3dc6df65-90b4-4f7d-ac6b-84d0c331e5ab\",\"s\":\"ae1be718b225e2be74721f6013c6c00955dfb3dc822826da12d1100e4e788dca\"}', 'sent', '2026-03-06 15:08:53', '2026-03-06 15:10:01', NULL, NULL, '2026-03-06 15:08:53', '2026-03-06 15:10:01'),
('5fa14b9d-90fd-4558-8ec6-201e0a5c4d03', 'BLSNG-ac5f8259299bdf4e', '0b2b9896-a600-49ee-b801-a7a47dc5da67', '79da363d-f5db-4399-a936-d355788401f5', '3dc6df65-90b4-4f7d-ac6b-84d0c331e5ab', '6f3bbf57-4c39-4779-81f6-e936fff8635d', 'Andi Pratama reg 1.1', 'ghb82816@gmail.com', '081234567890', 'KTP', '3579010101010001', '{\"t\":\"BLSNG-ac5f8259299bdf4e\",\"e\":\"3dc6df65-90b4-4f7d-ac6b-84d0c331e5ab\",\"s\":\"70ce64f566e71e160abe15e8f73359cfda0b6cccf87d9f9357f5f4e550166a0d\"}', 'sent', '2026-03-08 10:36:54', '2026-03-08 10:40:07', NULL, NULL, '2026-03-08 10:36:54', '2026-03-08 10:40:07'),
('63b69d60-4d27-48c2-ad11-268b62c47b28', 'TIX-04d4afbf08fe6ca9', '2f9dd326-11a0-4ff8-a83d-5aa470ef0700', '79da363d-f5db-4399-a936-d355788401f5', '3dc6df65-90b4-4f7d-ac6b-84d0c331e5ab', '6f3bbf57-4c39-4779-81f6-e936fff8635d', 'Andi Pratama reg 1.2', 'ghb82816@gmail.com', '081234567890', 'KTP', '3579010101010001', '{\"t\":\"TIX-04d4afbf08fe6ca9\",\"e\":\"3dc6df65-90b4-4f7d-ac6b-84d0c331e5ab\",\"s\":\"31f5ecc9086e266ae80ece88c01035bc63c661127c23a22c519a1c0beda9fd4f\"}', 'sent', '2026-03-06 14:19:04', '2026-03-06 14:20:03', NULL, NULL, '2026-03-06 14:19:04', '2026-03-06 14:20:03'),
('678573b3-6b2b-4d40-9c61-a66bdcedda32', 'BLSNG-40237338acc667f4', 'e840dc48-a819-434b-9b9e-63ac205daaa1', '79da363d-f5db-4399-a936-d355788401f5', '3dc6df65-90b4-4f7d-ac6b-84d0c331e5ab', '6f3bbf57-4c39-4779-81f6-e936fff8635d', 'Andi Pratama reg 1.1', 'ghb82816@gmail.com', '081234567890', 'KTP', '3579010101010001', '{\"t\":\"BLSNG-40237338acc667f4\",\"e\":\"3dc6df65-90b4-4f7d-ac6b-84d0c331e5ab\",\"s\":\"4bc36e29177d1fd459b1f68f2062b265cd900dd65ace481e0378ada7328391db\"}', 'sent', '2026-03-08 10:18:00', '2026-03-08 10:20:04', NULL, NULL, '2026-03-08 10:18:00', '2026-03-08 10:20:04'),
('690086b2-6777-4438-b882-785836cfc0a6', 'TIX-ee6c4cca701e18b4', '6f910ba7-d583-434b-b8ab-552f20b42900', '79da363d-f5db-4399-a936-d355788401f5', '3dc6df65-90b4-4f7d-ac6b-84d0c331e5ab', '49aa5415-d9d1-4ddb-b5d7-4a1281107f87', 'Andi Pratama vip 2.1', 'ghb82816@gmail.com', '081234567890', 'KTP', '3579010101010001', '{\"t\":\"TIX-ee6c4cca701e18b4\",\"e\":\"3dc6df65-90b4-4f7d-ac6b-84d0c331e5ab\",\"s\":\"71ca3e428968688a4f83a0061938985cfc0879547995a154502420a57da0c5ae\"}', 'sent', '2026-03-07 13:53:53', '2026-03-07 13:55:08', NULL, NULL, '2026-03-07 13:53:53', '2026-03-07 13:55:08'),
('6d501f0c-841a-46c3-b39f-beaad2c44406', 'BLSNG-e6922f86f1600b2f', '77071eaa-5acd-49f4-980c-8ba4434a16c7', '79da363d-f5db-4399-a936-d355788401f5', '3dc6df65-90b4-4f7d-ac6b-84d0c331e5ab', '6f3bbf57-4c39-4779-81f6-e936fff8635d', 'Andi Pratama reg 1.1', 'ghb82816@gmail.com', '081234567890', 'KTP', '3579010101010001', '{\"t\":\"BLSNG-e6922f86f1600b2f\",\"e\":\"3dc6df65-90b4-4f7d-ac6b-84d0c331e5ab\",\"s\":\"4c3a1ad9c9e004d44069095939e6ec89d63f89803f519b37ef461959b268c99d\"}', 'sent', '2026-03-08 10:42:17', '2026-03-08 10:45:05', NULL, NULL, '2026-03-08 10:42:17', '2026-03-08 10:45:05'),
('6e1bf2a5-b1c4-4f2b-8322-c84212f0731e', 'TIX-965166d10b9f1a2d', '79cb4dbb-03ad-44d4-a0ea-e0d69d3b0685', '79da363d-f5db-4399-a936-d355788401f5', '3dc6df65-90b4-4f7d-ac6b-84d0c331e5ab', '6f3bbf57-4c39-4779-81f6-e936fff8635d', 'Andi Pratama reg 1.2', 'ghb82816@gmail.com', '081234567890', 'KTP', '3579010101010001', '{\"t\":\"TIX-965166d10b9f1a2d\",\"e\":\"3dc6df65-90b4-4f7d-ac6b-84d0c331e5ab\",\"s\":\"28c247521172bcaef2b587fd8f3b2d4b0f19ad9051fc8ce6065f6c88e55fd15f\"}', 'sent', '2026-03-06 15:39:48', '2026-03-06 15:55:20', NULL, NULL, '2026-03-06 15:39:48', '2026-03-06 15:55:20'),
('7124b5c2-d7e1-4eea-9515-9b7ca1138021', 'TIX-4ace646d1cf6', '9d37ac75-f232-4ea6-8b5b-5958855a0fc9', '79da363d-f5db-4399-a936-d355788401f5', 'f9f12d0a-c6db-4ac5-aeb5-a89706350c2f', 'cfede144-8cec-4bf6-bae9-66f7439c795c', 'Andi Pratama reg 1.5', 'ghb82816@gmail.com', '081234567890', 'KTP', '3579010101010001', '{\"ticket_code\":\"d84221cdffc5\",\"order_id\":\"9d37ac75-f232-4ea6-8b5b-5958855a0fc9\"}', 'sent', '2026-03-03 16:24:03', '2026-03-03 16:25:03', NULL, NULL, '2026-03-03 16:24:03', '2026-03-03 16:25:03'),
('73953b14-e2ac-43c4-b063-f6cf911b528d', 'TIX-55221b7ee8e2334b', '5966eda9-1c59-48d8-9948-4d509dc85f9b', '79da363d-f5db-4399-a936-d355788401f5', '3dc6df65-90b4-4f7d-ac6b-84d0c331e5ab', '49aa5415-d9d1-4ddb-b5d7-4a1281107f87', 'Andi Pratama vip 2.1', 'ghb82816@gmail.com', '081234567890', 'KTP', '3579010101010001', '{\"t\":\"TIX-55221b7ee8e2334b\",\"e\":\"3dc6df65-90b4-4f7d-ac6b-84d0c331e5ab\",\"s\":\"c1eabab0dad124c68c3622dbba653689ce829051be17b250b6790798b3fd8049\"}', 'sent', '2026-03-06 15:39:48', '2026-03-06 15:55:20', NULL, NULL, '2026-03-06 15:39:48', '2026-03-06 15:55:20'),
('7948fb92-1936-4d27-83b2-8cfc5847cb96', 'TIX-e83108971a2c2e0e', '8a157686-2e7a-4cbd-a61c-ec1b34b7ac55', '79da363d-f5db-4399-a936-d355788401f5', '3dc6df65-90b4-4f7d-ac6b-84d0c331e5ab', '49aa5415-d9d1-4ddb-b5d7-4a1281107f87', 'Andi Pratama vip 2.1', 'ghb82816@gmail.com', '081234567890', 'KTP', '3579010101010001', '{\"t\":\"TIX-e83108971a2c2e0e\",\"e\":\"3dc6df65-90b4-4f7d-ac6b-84d0c331e5ab\",\"s\":\"fb4abe533a88903a6f58a972e91c6ec207db8940ea0725534eec17d8cdea66b5\"}', 'sent', '2026-03-06 16:23:42', '2026-03-06 16:25:05', NULL, NULL, '2026-03-06 16:23:42', '2026-03-06 16:25:05'),
('7cda20fb-f25b-4959-9b07-b744b9bd1f29', 'TIX-4d113a59c9531f76', 'eb8e58f4-15c6-468d-b4da-b2766a67a247', '', '3dc6df65-90b4-4f7d-ac6b-84d0c331e5ab', '6f3bbf57-4c39-4779-81f6-e936fff8635d', 'Andi Pratama reg 1.1', 'ghb82816@gmail.com', '081234567890', 'KTP', '3579010101010001', '{\"t\":\"TIX-4d113a59c9531f76\",\"e\":\"3dc6df65-90b4-4f7d-ac6b-84d0c331e5ab\",\"s\":\"89f0c1f8ab4c337a5c131f0998de98b8fb13191fad53f417ec48a50150f321da\"}', 'sent', '2026-03-06 16:02:35', '2026-03-06 16:05:02', NULL, NULL, '2026-03-06 16:02:35', '2026-03-06 16:05:02'),
('818f7671-363f-4682-9a38-79380c4987e5', 'BLSNG-4cd0621139f71ecb', 'ca5a11d5-a217-4106-853e-b1637ec636ba', '79da363d-f5db-4399-a936-d355788401f5', '3dc6df65-90b4-4f7d-ac6b-84d0c331e5ab', '6f3bbf57-4c39-4779-81f6-e936fff8635d', 'Andi Pratama reg 1.1', 'ghb82816@gmail.com', '081234567890', 'KTP', '3579010101010001', '{\"t\":\"BLSNG-4cd0621139f71ecb\",\"e\":\"3dc6df65-90b4-4f7d-ac6b-84d0c331e5ab\",\"s\":\"b129c15de3ed833ec8806768a0428a6ead322fdb5c895d2f15f1a6da2a571e1d\"}', 'sent', '2026-03-08 16:38:29', '2026-03-08 16:40:04', NULL, NULL, '2026-03-08 16:38:29', '2026-03-08 16:40:04'),
('821832e1-8804-4f03-9d90-b68819b27bd2', 'BLSNG-26e3799d47c1c2b1', '8f13bf72-273c-402e-a799-98ce52dc760f', '79da363d-f5db-4399-a936-d355788401f5', '3dc6df65-90b4-4f7d-ac6b-84d0c331e5ab', '6f3bbf57-4c39-4779-81f6-e936fff8635d', 'Andi Pratama reg 1.1', 'ghb82816@gmail.com', '081234567890', 'KTP', '3579010101010001', '{\"t\":\"BLSNG-26e3799d47c1c2b1\",\"e\":\"3dc6df65-90b4-4f7d-ac6b-84d0c331e5ab\",\"s\":\"1a979897b2961572b06c94d44dc1a78d9f52a030947d813029f8a787740a4081\"}', 'sent', '2026-03-08 11:36:49', '2026-03-08 11:40:06', NULL, NULL, '2026-03-08 11:36:49', '2026-03-08 11:40:06'),
('8294ea20-fc3f-4257-8cab-cb2fb80706f5', 'TIX-565118cf4a7bbe9b', '12a5c64c-8061-467f-a4be-2038ace22b2b', '', '3dc6df65-90b4-4f7d-ac6b-84d0c331e5ab', '6f3bbf57-4c39-4779-81f6-e936fff8635d', 'Andi Pratama reg 1.1', 'ghb82816@gmail.com', '081234567890', 'KTP', '3579010101010001', '{\"t\":\"TIX-565118cf4a7bbe9b\",\"e\":\"3dc6df65-90b4-4f7d-ac6b-84d0c331e5ab\",\"s\":\"06741f265a59e8c7504365f8f6d34a6c9063abe91e291bb512f189846bf08e97\"}', 'sent', '2026-03-07 22:48:46', '2026-03-07 22:50:02', NULL, NULL, '2026-03-07 22:48:46', '2026-03-07 22:50:02'),
('8d4dfbc2-33da-402b-afce-c5f28f29550a', 'BLSNG-5c680de163e424a7', '9d99f1de-27fc-4ab7-a9bf-ca7856eec595', '79da363d-f5db-4399-a936-d355788401f5', '3dc6df65-90b4-4f7d-ac6b-84d0c331e5ab', '6f3bbf57-4c39-4779-81f6-e936fff8635d', 'Andi Pratama reg 1.1', 'ghb82816@gmail.com', '081234567890', 'KTP', '3579010101010001', '{\"t\":\"BLSNG-5c680de163e424a7\",\"e\":\"3dc6df65-90b4-4f7d-ac6b-84d0c331e5ab\",\"s\":\"ff36f60b03a898ff241c2cf034a41d9a0fa9a18d35676e0025c3e6a365ec528b\"}', 'sent', '2026-03-08 16:22:12', '2026-03-08 16:30:04', NULL, NULL, '2026-03-08 16:22:12', '2026-03-08 16:30:04'),
('8e458a95-3f22-4b17-8e75-13b05eaebe62', 'TIX-bdad1145e94734a1', '995243f2-fb3c-4bfd-97e6-3d9b6e372d95', '', '3dc6df65-90b4-4f7d-ac6b-84d0c331e5ab', '6f3bbf57-4c39-4779-81f6-e936fff8635d', 'Andi Pratama reg 1.1', 'ghb82816@gmail.com', '081234567890', 'KTP', '3579010101010001', '{\"t\":\"TIX-bdad1145e94734a1\",\"e\":\"3dc6df65-90b4-4f7d-ac6b-84d0c331e5ab\",\"s\":\"15a0232358f09b7967fbeb22a25fbaa5a1d473aa02b245be739af578dca67374\"}', 'sent', '2026-03-06 15:01:14', '2026-03-06 15:05:01', NULL, NULL, '2026-03-06 15:01:14', '2026-03-06 15:05:01'),
('9271eb53-1221-4d1f-8e8f-d2ee2ebd0af7', 'BLSNG-019532c9e7072d2b', '1a94786a-421d-4cbf-af7a-16591140d90e', '79da363d-f5db-4399-a936-d355788401f5', '3dc6df65-90b4-4f7d-ac6b-84d0c331e5ab', '6f3bbf57-4c39-4779-81f6-e936fff8635d', 'baskoro', 'putavubi@gmail.com', '87654323768', 'KTP', '3512345678901234', '{\"t\":\"BLSNG-019532c9e7072d2b\",\"e\":\"3dc6df65-90b4-4f7d-ac6b-84d0c331e5ab\",\"s\":\"8753de208e8c2e784812cbc085b92480ef3bb3d1a19bc213baff38498abebd01\"}', 'sent', '2026-03-08 12:53:13', '2026-03-08 16:00:13', NULL, NULL, '2026-03-08 12:53:13', '2026-03-08 16:00:13'),
('943ee8ad-db62-4ba5-b288-ebf48ab270fa', 'TIX-dabeb68a12da65fe', 'f224a59b-fc47-46c0-96fc-925f7b072b5d', '', '3dc6df65-90b4-4f7d-ac6b-84d0c331e5ab', '6f3bbf57-4c39-4779-81f6-e936fff8635d', 'Andi Pratama reg 1.2', 'ghb82816@gmail.com', '081234567890', 'KTP', '3579010101010001', '{\"t\":\"TIX-dabeb68a12da65fe\",\"e\":\"3dc6df65-90b4-4f7d-ac6b-84d0c331e5ab\",\"s\":\"7b16d05df7e655f1056caf70c96a91ddd5f614873af0ca344ff7986ead9399a4\"}', 'sent', '2026-03-06 15:20:58', '2026-03-06 15:30:02', NULL, NULL, '2026-03-06 15:20:58', '2026-03-06 15:30:02'),
('98a0bbb9-936b-44b9-bb3b-3da0d89748e1', 'TIX-690f55e3a6bb11ce', '8ccb9f5d-cc6a-4a3d-b870-21e2beb9f9dc', '', '3dc6df65-90b4-4f7d-ac6b-84d0c331e5ab', '49aa5415-d9d1-4ddb-b5d7-4a1281107f87', 'Andi Pratama vip 2.1', 'ghb82816@gmail.com', '081234567890', 'KTP', '3579010101010001', '{\"t\":\"TIX-690f55e3a6bb11ce\",\"e\":\"3dc6df65-90b4-4f7d-ac6b-84d0c331e5ab\",\"s\":\"9af2748e9a77cb08e1235bf497c11dd44cce5a8f6156c5d787361d5d8cd329c5\"}', 'sent', '2026-03-06 14:35:33', '2026-03-06 14:40:03', NULL, NULL, '2026-03-06 14:35:33', '2026-03-06 14:40:03'),
('99673439-ee15-4627-a03a-6c6b8fc9b757', 'TIX-2f698c3711f89d93', '64888dee-840e-40f1-8247-7fdd7ad81a8f', '', '3dc6df65-90b4-4f7d-ac6b-84d0c331e5ab', '6f3bbf57-4c39-4779-81f6-e936fff8635d', 'Andi Pratama reg 1.1', 'ghb82816@gmail.com', '081234567890', 'KTP', '3579010101010001', '{\"t\":\"TIX-2f698c3711f89d93\",\"e\":\"3dc6df65-90b4-4f7d-ac6b-84d0c331e5ab\",\"s\":\"585003e70fcdf0d33f37d4832040ce4933d06e285ba298094d17fb97f6b96394\"}', 'sent', '2026-03-06 15:31:56', '2026-03-06 15:55:20', NULL, NULL, '2026-03-06 15:31:56', '2026-03-06 15:55:20'),
('9bfc1999-a2de-44f1-acf2-3812a922367f', 'TIX-88f249b20d94bbb8', 'e5e68c22-a59b-429a-a720-8e4cff41b090', '', '3dc6df65-90b4-4f7d-ac6b-84d0c331e5ab', '49aa5415-d9d1-4ddb-b5d7-4a1281107f87', 'Andi Pratama vip 2.1', 'ghb82816@gmail.com', '081234567890', 'KTP', '3579010101010001', '{\"t\":\"TIX-88f249b20d94bbb8\",\"e\":\"3dc6df65-90b4-4f7d-ac6b-84d0c331e5ab\",\"s\":\"8944cac00af5e720e98daa2e2694667bd0475262d99cb2e69bcf5fbff15f0f41\"}', 'sent', '2026-03-06 16:02:35', '2026-03-06 16:05:02', NULL, NULL, '2026-03-06 16:02:35', '2026-03-06 16:05:02'),
('9e0cf5a0-df3c-4996-be40-2ff561e0c525', 'TIX-741c233a3ca6c758', '280635a9-db2a-4b91-87c6-c98b1f869511', '', '3dc6df65-90b4-4f7d-ac6b-84d0c331e5ab', '49aa5415-d9d1-4ddb-b5d7-4a1281107f87', 'Andi Pratama vip 2.1', 'ghb82816@gmail.com', '081234567890', 'KTP', '3579010101010001', '{\"t\":\"TIX-741c233a3ca6c758\",\"e\":\"3dc6df65-90b4-4f7d-ac6b-84d0c331e5ab\",\"s\":\"0c95d4b74635e966321ffb4a20275a51a96dd2f2b0c53d77361255f0b16c8fd2\"}', 'sent', '2026-03-07 14:38:20', '2026-03-07 14:40:06', NULL, NULL, '2026-03-07 14:38:20', '2026-03-07 14:40:06'),
('9ed2ac86-dd02-4c36-8811-46417246f336', 'TIX-bf97834852565837', 'fb1084e1-2d5d-46ef-b965-0ee89b9aadf9', '', '3dc6df65-90b4-4f7d-ac6b-84d0c331e5ab', '49aa5415-d9d1-4ddb-b5d7-4a1281107f87', 'Andi Pratama vip 2.1', 'ghb82816@gmail.com', '081234567890', 'KTP', '3579010101010001', '{\"t\":\"TIX-bf97834852565837\",\"e\":\"3dc6df65-90b4-4f7d-ac6b-84d0c331e5ab\",\"s\":\"c4402363a45d8faf81afa85672106d7f0c390d4781b2491f2f81f102a2cdc12e\"}', 'sent', '2026-03-06 14:19:04', '2026-03-06 14:20:04', NULL, NULL, '2026-03-06 14:19:04', '2026-03-06 14:20:04'),
('9f8d426d-ee56-453b-8abe-7f038c9c0869', 'TIX-46779449ecf6d0b1', 'f57f6e85-b089-4578-8113-5061014e05af', '', '3dc6df65-90b4-4f7d-ac6b-84d0c331e5ab', '6f3bbf57-4c39-4779-81f6-e936fff8635d', 'Andi Pratama reg 1.1', 'ghb82816@gmail.com', '081234567890', 'KTP', '3579010101010001', '{\"t\":\"TIX-46779449ecf6d0b1\",\"e\":\"3dc6df65-90b4-4f7d-ac6b-84d0c331e5ab\",\"s\":\"c715213677b1c22dbeb2cd716bbe657ce2ee61a88bf1d8cdc5af607cb0b4b8fa\"}', 'sent', '2026-03-07 13:53:53', '2026-03-07 13:55:09', NULL, NULL, '2026-03-07 13:53:53', '2026-03-07 13:55:09'),
('a1f53460-0776-4601-bdfc-8fe6ef714cf0', 'TIX-41124f9ea94b65bc', '175559dc-a786-4ca4-89e3-660cc9b620ec', '', '3dc6df65-90b4-4f7d-ac6b-84d0c331e5ab', '6f3bbf57-4c39-4779-81f6-e936fff8635d', 'Andi Pratama reg 1.1', 'ghb82816@gmail.com', '081234567890', 'KTP', '3579010101010001', '{\"t\":\"TIX-41124f9ea94b65bc\",\"e\":\"3dc6df65-90b4-4f7d-ac6b-84d0c331e5ab\",\"s\":\"ce7822dd8a07184caaac22102d75ba0cc3a31d98274a29c312ed11b13a6132f0\"}', 'sent', '2026-03-07 22:29:26', '2026-03-07 22:30:05', NULL, NULL, '2026-03-07 22:29:26', '2026-03-07 22:30:05'),
('a41a5752-7d44-4ee7-afd0-d5961b628ea1', 'TIX-2e55ffada17c429b', 'd05467ba-c588-4d99-87ef-242259f23482', '', '3dc6df65-90b4-4f7d-ac6b-84d0c331e5ab', '6f3bbf57-4c39-4779-81f6-e936fff8635d', 'Andi Pratama reg 1.1', 'ghb82816@gmail.com', '081234567890', 'KTP', '3579010101010001', '{\"t\":\"TIX-2e55ffada17c429b\",\"e\":\"3dc6df65-90b4-4f7d-ac6b-84d0c331e5ab\",\"s\":\"bce8cae479532fe46e75f372e323bbd1faea447c1b3a3ec8eeb2bb2f3e74fdac\"}', 'sent', '2026-03-06 15:08:53', '2026-03-06 15:10:01', NULL, NULL, '2026-03-06 15:08:53', '2026-03-06 15:10:01'),
('a5ab8147-8af9-4940-8730-faa3ee9fe26a', 'BLSNG-252af021d907140f', '1805b660-2880-47c9-a270-0661704e9dea', '79da363d-f5db-4399-a936-d355788401f5', '3dc6df65-90b4-4f7d-ac6b-84d0c331e5ab', '6f3bbf57-4c39-4779-81f6-e936fff8635d', 'Andi Pratama reg 1.1', 'ghb82816@gmail.com', '081234567890', 'KTP', '3579010101010001', '{\"t\":\"BLSNG-252af021d907140f\",\"e\":\"3dc6df65-90b4-4f7d-ac6b-84d0c331e5ab\",\"s\":\"9daf0643325f901f601512a649c5657b3ed35369655ffcb4d01c10eba763da2e\"}', 'sent', '2026-03-08 12:51:32', '2026-03-08 16:00:17', NULL, NULL, '2026-03-08 12:51:32', '2026-03-08 16:00:17'),
('a8830abc-7cbf-4e2d-bc4a-7783a7553375', 'TIX-20efbc20ebca0d53', '175559dc-a786-4ca4-89e3-660cc9b620ec', '', '3dc6df65-90b4-4f7d-ac6b-84d0c331e5ab', '6f3bbf57-4c39-4779-81f6-e936fff8635d', 'Andi Pratama reg 1.2', 'ghb82816@gmail.com', '081234567890', 'KTP', '3579010101010001', '{\"t\":\"TIX-20efbc20ebca0d53\",\"e\":\"3dc6df65-90b4-4f7d-ac6b-84d0c331e5ab\",\"s\":\"790ef0564f021c7255e42e18f17750a8afe9599403a320b29f642d94bfcc11fe\"}', 'sent', '2026-03-07 22:29:26', '2026-03-07 22:30:05', NULL, NULL, '2026-03-07 22:29:26', '2026-03-07 22:30:05'),
('abd77563-bf08-42ea-838e-d94618336935', 'TIX-b1270e6e9dfe', '68a0ef4c-8230-4419-8de7-d36c966b573e', '', 'f9f12d0a-c6db-4ac5-aeb5-a89706350c2f', 'cfede144-8cec-4bf6-bae9-66f7439c795c', 'Andi Pratama reg 1.5', 'ghb82816@gmail.com', '081234567890', 'KTP', '3579010101010001', '{\"ticket_code\":\"58137770f2c4\",\"order_id\":\"68a0ef4c-8230-4419-8de7-d36c966b573e\"}', 'sent', '2026-03-04 01:13:33', '2026-03-04 01:15:04', NULL, NULL, '2026-03-04 01:13:33', '2026-03-04 01:15:04'),
('b831b3d9-6455-4439-bff0-af4745fb4fa3', 'BLSNG-0ec2b93f6237aa4d', 'bb3e1113-bf6b-4989-9107-2cd8f9f01ef0', '79da363d-f5db-4399-a936-d355788401f5', 'f9f12d0a-c6db-4ac5-aeb5-a89706350c2f', 'cfede144-8cec-4bf6-bae9-66f7439c795c', 'baskoro', 'ghb82816@gmail.com', '785784568468578', 'KTP', '3512345678901234', '{\"t\":\"BLSNG-0ec2b93f6237aa4d\",\"e\":\"f9f12d0a-c6db-4ac5-aeb5-a89706350c2f\",\"s\":\"09582a806bbbbf3b138b794a9b4e23fe41e2ddfd222750263b17915852aad6e9\"}', 'sent', '2026-03-08 13:25:56', '2026-03-08 16:00:20', NULL, NULL, '2026-03-08 13:25:56', '2026-03-08 16:00:20'),
('bc4f5c55-7ab0-4b5a-acdd-83417a51b60f', 'TIX-55f189182e05', '9d37ac75-f232-4ea6-8b5b-5958855a0fc9', '', 'f9f12d0a-c6db-4ac5-aeb5-a89706350c2f', 'cfede144-8cec-4bf6-bae9-66f7439c795c', 'Andi Pratama reg 1.6', 'ghb82816@gmail.com', '081234567890', 'KTP', '3579010101010001', '{\"ticket_code\":\"f6d23e7640bd\",\"order_id\":\"9d37ac75-f232-4ea6-8b5b-5958855a0fc9\"}', 'sent', '2026-03-03 16:24:03', '2026-03-03 16:25:04', NULL, NULL, '2026-03-03 16:24:03', '2026-03-03 16:25:04'),
('bd0d50b8-4df2-4573-8f02-e81ff6f3f529', 'BLSNG-6cebac5724ec870c', '1f28d677-4059-466b-9ba6-207bfec85795', '79da363d-f5db-4399-a936-d355788401f5', '3dc6df65-90b4-4f7d-ac6b-84d0c331e5ab', '6f3bbf57-4c39-4779-81f6-e936fff8635d', 'Andi Pratama reg 1.1', 'ghb82816@gmail.com', '081234567890', 'KTP', '3579010101010001', '{\"t\":\"BLSNG-6cebac5724ec870c\",\"e\":\"3dc6df65-90b4-4f7d-ac6b-84d0c331e5ab\",\"s\":\"a607848915d224e62230cf0a7c8872b8a4fd34bde8d33fbe6a99bfa0f85c6768\"}', 'sent', '2026-03-08 11:14:04', '2026-03-08 11:15:07', NULL, NULL, '2026-03-08 11:14:04', '2026-03-08 11:15:07'),
('c3e9c4b8-12d2-478a-aada-8018af903dad', 'TIX-e40f85459e3c71d8', '8eac54a4-acfa-4d0b-ac1d-509c8bbce5a1', '', '3dc6df65-90b4-4f7d-ac6b-84d0c331e5ab', '49aa5415-d9d1-4ddb-b5d7-4a1281107f87', 'Andi Pratama vip 2.1', 'ghb82816@gmail.com', '081234567890', 'KTP', '3579010101010001', '{\"t\":\"TIX-e40f85459e3c71d8\",\"e\":\"3dc6df65-90b4-4f7d-ac6b-84d0c331e5ab\",\"s\":\"b480f4ec4aa0ecc9dea2ca1e9130b2b254c2df6bdf596bda2d9b171758ade541\"}', 'sent', '2026-03-06 15:52:37', '2026-03-06 15:55:20', NULL, NULL, '2026-03-06 15:52:37', '2026-03-06 15:55:20'),
('d3523b91-2b99-4bdc-a800-0d6017449b47', 'TIX-ff6a4aed258f2be4', '3effb6bd-33bd-48bc-8423-f08685b9d675', '', '3dc6df65-90b4-4f7d-ac6b-84d0c331e5ab', '6f3bbf57-4c39-4779-81f6-e936fff8635d', 'Andi Pratama reg 1.2', 'ghb82816@gmail.com', '081234567890', 'KTP', '3579010101010001', '{\"t\":\"TIX-ff6a4aed258f2be4\",\"e\":\"3dc6df65-90b4-4f7d-ac6b-84d0c331e5ab\",\"s\":\"cee945cdac4fecbad10f80070f544a0ed392726a47176ab6a3599301bb068a22\"}', 'sent', '2026-03-06 16:23:42', '2026-03-06 16:25:04', NULL, NULL, '2026-03-06 16:23:42', '2026-03-06 16:25:04'),
('d82b3219-84c0-4192-a6a0-332048ff279b', 'TIX-00e3b4f961048d0a', 'c85ab6b3-c433-42cc-aa58-d06333944291', '', '3dc6df65-90b4-4f7d-ac6b-84d0c331e5ab', '6f3bbf57-4c39-4779-81f6-e936fff8635d', 'Andi Pratama reg 1.2', 'ghb82816@gmail.com', '081234567890', 'KTP', '3579010101010001', '{\"t\":\"TIX-00e3b4f961048d0a\",\"e\":\"3dc6df65-90b4-4f7d-ac6b-84d0c331e5ab\",\"s\":\"fc0c6d54c36328632a1de154970d9dd4cb6e2ba16d6d9ca629ff00e7349c955a\"}', 'used', '2026-03-07 14:52:48', '2026-03-07 14:55:06', '2026-03-07 16:00:22', '3d2ef306-35c3-486d-a545-51a35bfe08b6', '2026-03-07 14:52:48', '2026-03-07 16:00:22'),
('df47ac83-11e5-4e2f-8800-a203a3026a52', 'TIX-4aebb113d8957a56', 'f224a59b-fc47-46c0-96fc-925f7b072b5d', '', '3dc6df65-90b4-4f7d-ac6b-84d0c331e5ab', '6f3bbf57-4c39-4779-81f6-e936fff8635d', 'Andi Pratama reg 1.1', 'ghb82816@gmail.com', '081234567890', 'KTP', '3579010101010001', '{\"t\":\"TIX-4aebb113d8957a56\",\"e\":\"3dc6df65-90b4-4f7d-ac6b-84d0c331e5ab\",\"s\":\"4904e5cf579b10f52e5f79e75bab1bf4b41b9d0d699bbe54d9fc9470dd47c851\"}', 'sent', '2026-03-06 15:20:58', '2026-03-06 15:30:02', NULL, NULL, '2026-03-06 15:20:58', '2026-03-06 15:30:02'),
('df773f0b-1530-4edd-a7dc-1109c6ff0bd6', 'TIX-7bc87fef47a201c5', '64888dee-840e-40f1-8247-7fdd7ad81a8f', '', '3dc6df65-90b4-4f7d-ac6b-84d0c331e5ab', '6f3bbf57-4c39-4779-81f6-e936fff8635d', 'Andi Pratama reg 1.2', 'ghb82816@gmail.com', '081234567890', 'KTP', '3579010101010001', '{\"t\":\"TIX-7bc87fef47a201c5\",\"e\":\"3dc6df65-90b4-4f7d-ac6b-84d0c331e5ab\",\"s\":\"4e843e79c3488714de93d0a7bbcf90eb4af0b7bb9d6648785557ed3f61073a17\"}', 'sent', '2026-03-06 15:31:56', '2026-03-06 15:55:19', NULL, NULL, '2026-03-06 15:31:56', '2026-03-06 15:55:19'),
('e509e641-2bb2-4cd8-aa75-2d798370c821', 'TIX-ad3a8eaaf5bfd481', '825bdc55-6cae-463a-b8d2-eadf5a247fdc', '', '3dc6df65-90b4-4f7d-ac6b-84d0c331e5ab', '6f3bbf57-4c39-4779-81f6-e936fff8635d', 'Andi Pratama reg 1.2', 'ghb82816@gmail.com', '081234567890', 'KTP', '3579010101010001', '{\"t\":\"TIX-ad3a8eaaf5bfd481\",\"e\":\"3dc6df65-90b4-4f7d-ac6b-84d0c331e5ab\",\"s\":\"61051e1634ed5b6aea977a28fb8a3835cbae5653b46134c0318d84a1c4bdad3d\"}', 'sent', '2026-03-06 14:35:33', '2026-03-06 14:40:03', NULL, NULL, '2026-03-06 14:35:33', '2026-03-06 14:40:03'),
('e593e634-8ec6-483a-9149-831f32ec4692', 'BLSNG-40a6ad88ea0ac4fe', '08d4a22e-4851-4305-889b-8d3732e89e08', '79da363d-f5db-4399-a936-d355788401f5', '3dc6df65-90b4-4f7d-ac6b-84d0c331e5ab', '6f3bbf57-4c39-4779-81f6-e936fff8635d', 'Andi Pratama reg 1.1', 'ghb82816@gmail.com', '081234567890', 'KTP', '3579010101010001', '{\"t\":\"BLSNG-40a6ad88ea0ac4fe\",\"e\":\"3dc6df65-90b4-4f7d-ac6b-84d0c331e5ab\",\"s\":\"6fb555dc9362ce6d7cb13dc0aa914380393e1323b0311c835843e448a7ced083\"}', 'sent', '2026-03-08 11:25:40', '2026-03-08 11:30:26', NULL, NULL, '2026-03-08 11:25:40', '2026-03-08 11:30:26'),
('eaa186fe-6f0c-40a0-8b23-c6f3157374f8', 'BLSNG-2730a3a319d93f93', 'd38a3e44-8fac-4d04-89c8-f28ebc8ad68b', '79da363d-f5db-4399-a936-d355788401f5', '3dc6df65-90b4-4f7d-ac6b-84d0c331e5ab', '6f3bbf57-4c39-4779-81f6-e936fff8635d', 'Andi Pratama reg 1.1', 'ghb82816@gmail.com', '081234567890', 'KTP', '3579010101010001', '{\"t\":\"BLSNG-2730a3a319d93f93\",\"e\":\"3dc6df65-90b4-4f7d-ac6b-84d0c331e5ab\",\"s\":\"f0e74de723d47abf246fa646ec51d0c5e005d7fed6f8893e148e70d36944f376\"}', 'sent', '2026-03-08 12:23:54', '2026-03-08 12:25:06', NULL, NULL, '2026-03-08 12:23:54', '2026-03-08 12:25:06'),
('f15abf44-4125-4817-82bc-7034537f5c4d', 'TIX-f46e6319978f55a1', '97d35b12-ab6b-4393-b118-f5d1a3f16c6b', '', '3dc6df65-90b4-4f7d-ac6b-84d0c331e5ab', '6f3bbf57-4c39-4779-81f6-e936fff8635d', 'Andi Pratama reg 1.2', 'ghb82816@gmail.com', '081234567890', 'KTP', '3579010101010001', '{\"t\":\"TIX-f46e6319978f55a1\",\"e\":\"3dc6df65-90b4-4f7d-ac6b-84d0c331e5ab\",\"s\":\"ec1fb06bcd0d861d744e5b4a4cfacc0ae247f023883c619ef3cd8d441760ca50\"}', 'sent', '2026-03-07 14:38:20', '2026-03-07 14:40:07', NULL, NULL, '2026-03-07 14:38:20', '2026-03-07 14:40:07'),
('f20a576b-bebe-4161-8a7a-7d2880bf62b3', 'TIX-9ed740ae8248cca3', '2f9dd326-11a0-4ff8-a83d-5aa470ef0700', '', '3dc6df65-90b4-4f7d-ac6b-84d0c331e5ab', '6f3bbf57-4c39-4779-81f6-e936fff8635d', 'Andi Pratama reg 1.1', 'ghb82816@gmail.com', '081234567890', 'KTP', '3579010101010001', '{\"t\":\"TIX-9ed740ae8248cca3\",\"e\":\"3dc6df65-90b4-4f7d-ac6b-84d0c331e5ab\",\"s\":\"7a425cdbbc432c94517e7da2c7ae76d775c51d85e5ad095752252cf00d6cbc65\"}', 'sent', '2026-03-06 14:19:04', '2026-03-06 14:20:03', NULL, NULL, '2026-03-06 14:19:04', '2026-03-06 14:20:03'),
('f34343c1-1934-4be7-bd92-c31ee6b89ed4', 'TIX-f2ef2065a674fe85', 'ec466c42-e00f-4370-b477-99cb2b3a6261', '', '3dc6df65-90b4-4f7d-ac6b-84d0c331e5ab', '49aa5415-d9d1-4ddb-b5d7-4a1281107f87', 'Andi Pratama vip 2.1', 'ghb82816@gmail.com', '081234567890', 'KTP', '3579010101010001', '{\"t\":\"TIX-f2ef2065a674fe85\",\"e\":\"3dc6df65-90b4-4f7d-ac6b-84d0c331e5ab\",\"s\":\"c8a97296bcc2f4d86d777028e67a9645931dfbf410e172cf234d70a488efbe50\"}', 'sent', '2026-03-06 15:08:53', '2026-03-06 15:10:01', NULL, NULL, '2026-03-06 15:08:53', '2026-03-06 15:10:01'),
('f352510d-4393-40b2-a79e-67a72c5b4644', 'TIX-2236f2d86a0961b2', '62bd14e1-ad5d-4e49-bea9-57ddc40d1d2e', '', '3dc6df65-90b4-4f7d-ac6b-84d0c331e5ab', '49aa5415-d9d1-4ddb-b5d7-4a1281107f87', 'Andi Pratama vip 2.1', 'ghb82816@gmail.com', '081234567890', 'KTP', '3579010101010001', '{\"t\":\"TIX-2236f2d86a0961b2\",\"e\":\"3dc6df65-90b4-4f7d-ac6b-84d0c331e5ab\",\"s\":\"7153457cf1216e09bc538e2c3e35a0df1273b312d72ec9d659bcbee4d2d582cd\"}', 'sent', '2026-03-07 22:29:26', '2026-03-07 22:30:05', NULL, NULL, '2026-03-07 22:29:26', '2026-03-07 22:30:05'),
('f3617da1-f9ec-4f7b-b17c-768d9e63d142', 'TIX-303ba902879eaea2', '79cb4dbb-03ad-44d4-a0ea-e0d69d3b0685', '', '3dc6df65-90b4-4f7d-ac6b-84d0c331e5ab', '6f3bbf57-4c39-4779-81f6-e936fff8635d', 'Andi Pratama reg 1.1', 'ghb82816@gmail.com', '081234567890', 'KTP', '3579010101010001', '{\"t\":\"TIX-303ba902879eaea2\",\"e\":\"3dc6df65-90b4-4f7d-ac6b-84d0c331e5ab\",\"s\":\"be9d2c9412176f0276eaff17a20162ef91d637a4ea8b1a9acfa67b907c791031\"}', 'sent', '2026-03-06 15:39:48', '2026-03-06 15:55:18', NULL, NULL, '2026-03-06 15:39:48', '2026-03-06 15:55:18'),
('f608cab3-65ed-4a63-a3c0-9af788660ac4', 'TIX-37a68a46d27eed35', '995243f2-fb3c-4bfd-97e6-3d9b6e372d95', '', '3dc6df65-90b4-4f7d-ac6b-84d0c331e5ab', '6f3bbf57-4c39-4779-81f6-e936fff8635d', 'Andi Pratama reg 1.2', 'ghb82816@gmail.com', '081234567890', 'KTP', '3579010101010001', '{\"t\":\"TIX-37a68a46d27eed35\",\"e\":\"3dc6df65-90b4-4f7d-ac6b-84d0c331e5ab\",\"s\":\"567e2ea6127bd8b8a1ea00f794cf5a8659ea403078f4f10d1856ecd908415bec\"}', 'sent', '2026-03-06 15:01:14', '2026-03-06 15:05:01', NULL, NULL, '2026-03-06 15:01:14', '2026-03-06 15:05:01'),
('f7f63f26-2d48-4972-b253-9817361c4c2e', 'TIX-13ed85681c4cdecf', '4e6184b4-f490-4bfb-9231-3d963cc3e17b', '', '3dc6df65-90b4-4f7d-ac6b-84d0c331e5ab', '49aa5415-d9d1-4ddb-b5d7-4a1281107f87', 'Andi Pratama vip 2.1', 'ghb82816@gmail.com', '081234567890', 'KTP', '3579010101010001', '{\"t\":\"TIX-13ed85681c4cdecf\",\"e\":\"3dc6df65-90b4-4f7d-ac6b-84d0c331e5ab\",\"s\":\"efc0c6afc6ef5a6d0568b1e3c0b75f50983b15a4c139f8a0f7fe6197a204d695\"}', 'sent', '2026-03-07 14:22:38', '2026-03-07 14:25:04', NULL, NULL, '2026-03-07 14:22:38', '2026-03-07 14:25:04'),
('f90d13d2-2184-479a-9c2c-0a2b62f31b7b', 'BLSNG-114821cc92f6a5b0', '8bf94acd-28e1-4de3-836d-25e8b3b6330a', '79da363d-f5db-4399-a936-d355788401f5', '3dc6df65-90b4-4f7d-ac6b-84d0c331e5ab', '49aa5415-d9d1-4ddb-b5d7-4a1281107f87', 'baskoro', 'putavubi@gmail.com', '87654323768', 'KTP', '3512345678901234', '{\"t\":\"BLSNG-114821cc92f6a5b0\",\"e\":\"3dc6df65-90b4-4f7d-ac6b-84d0c331e5ab\",\"s\":\"54431af911882fc49456935e66d1dc2157ba83224b0e92a0321e436c388b2701\"}', 'sent', '2026-03-08 12:53:13', '2026-03-08 16:00:24', NULL, NULL, '2026-03-08 12:53:13', '2026-03-08 16:00:24'),
('fb314f21-dd11-49c2-870a-c65fe710ad31', 'TIX-d72a51170500', 'ed78dcd7-47cf-44cc-8874-54f57d07d316', '', 'f9f12d0a-c6db-4ac5-aeb5-a89706350c2f', 'cfede144-8cec-4bf6-bae9-66f7439c795c', 'Andi Pratama reg 1.5', 'ghb82816@gmail.com', '081234567890', 'KTP', '3579010101010001', '{\"ticket_code\":\"f2a5df3f7936\",\"order_id\":\"ed78dcd7-47cf-44cc-8874-54f57d07d316\"}', 'sent', '2026-03-04 00:35:32', '2026-03-04 00:40:02', NULL, NULL, '2026-03-04 00:35:32', '2026-03-04 00:40:02');

-- --------------------------------------------------------

--
-- Struktur dari tabel `ticket_daily_usage`
--

CREATE TABLE `ticket_daily_usage` (
  `id` char(36) CHARACTER SET utf8mb4 COLLATE utf8mb4_bin NOT NULL DEFAULT uuid(),
  `creator_id` char(36) CHARACTER SET utf8mb4 COLLATE utf8mb4_bin NOT NULL,
  `ticket_id` char(36) CHARACTER SET utf8mb4 COLLATE utf8mb4_bin NOT NULL,
  `event_id` char(36) CHARACTER SET utf8mb4 COLLATE utf8mb4_bin NOT NULL,
  `usage_date` date NOT NULL,
  `used_at` datetime DEFAULT NULL,
  `scanned_by` char(36) CHARACTER SET utf8mb4 COLLATE utf8mb4_bin DEFAULT NULL,
  `gate` varchar(100) DEFAULT NULL,
  `created_at` datetime NOT NULL
) ENGINE=InnoDB DEFAULT CHARSET=utf8mb4 COLLATE=utf8mb4_general_ci;

-- --------------------------------------------------------

--
-- Struktur dari tabel `ticket_scan_logs`
--

CREATE TABLE `ticket_scan_logs` (
  `id` char(36) CHARACTER SET utf8mb4 COLLATE utf8mb4_bin NOT NULL DEFAULT uuid(),
  `creator_id` char(36) CHARACTER SET utf8mb4 COLLATE utf8mb4_bin NOT NULL,
  `ticket_id` char(36) CHARACTER SET utf8mb4 COLLATE utf8mb4_bin NOT NULL,
  `event_id` char(36) CHARACTER SET utf8mb4 COLLATE utf8mb4_bin NOT NULL,
  `scanned_by` char(36) CHARACTER SET utf8mb4 COLLATE utf8mb4_bin DEFAULT NULL,
  `gate` varchar(100) DEFAULT NULL,
  `device_id` varchar(120) DEFAULT NULL,
  `scan_source` varchar(50) DEFAULT NULL,
  `raw_qr_payload` text DEFAULT NULL,
  `result` enum('success','duplicate','invalid','wrong_event') NOT NULL,
  `message` varchar(255) DEFAULT NULL,
  `scanned_at` datetime NOT NULL
) ENGINE=InnoDB DEFAULT CHARSET=utf8mb4 COLLATE=utf8mb4_general_ci;

--
-- Dumping data untuk tabel `ticket_scan_logs`
--

INSERT INTO `ticket_scan_logs` (`id`, `creator_id`, `ticket_id`, `event_id`, `scanned_by`, `gate`, `device_id`, `scan_source`, `raw_qr_payload`, `result`, `message`, `scanned_at`) VALUES
('8b8abdee-3aa3-487f-b3cd-43c478827c8a', '79da363d-f5db-4399-a936-d355788401f5', 'd82b3219-84c0-4192-a6a0-332048ff279b', '3dc6df65-90b4-4f7d-ac6b-84d0c331e5ab', '3d2ef306-35c3-486d-a545-51a35bfe08b6', 'Gate B', 'scanner-browser', 'web', 'TIX-00e3b4f961048d0a', 'success', 'Ticket valid', '2026-03-07 16:00:22'),
('92f1da66-2adf-4a67-b448-4f6a3c8f0654', '79da363d-f5db-4399-a936-d355788401f5', 'd82b3219-84c0-4192-a6a0-332048ff279b', '3dc6df65-90b4-4f7d-ac6b-84d0c331e5ab', '3d2ef306-35c3-486d-a545-51a35bfe08b6', 'Gate B', 'scanner-browser', 'web', 'TIX-00e3b4f961048d0a', 'duplicate', 'Ticket already used', '2026-03-07 16:00:33'),
('c0947eaa-ea16-4935-8465-95a7c06da65c', '79da363d-f5db-4399-a936-d355788401f5', '1ae7da6b-9157-4fa2-83f0-aa984fff7f18', '3dc6df65-90b4-4f7d-ac6b-84d0c331e5ab', '3d2ef306-35c3-486d-a545-51a35bfe08b6', 'Gate B', 'scanner-browser', 'web', 'TIX-6f72a82ead020cd5', 'duplicate', 'Ticket already used', '2026-03-07 16:21:12'),
('ebe886ce-6f0c-4945-9d5f-bf35a4fa6e46', '79da363d-f5db-4399-a936-d355788401f5', '1ae7da6b-9157-4fa2-83f0-aa984fff7f18', '3dc6df65-90b4-4f7d-ac6b-84d0c331e5ab', '3d2ef306-35c3-486d-a545-51a35bfe08b6', 'Gate B', 'scanner-browser', 'web', 'TIX-6f72a82ead020cd5', 'success', 'Ticket valid', '2026-03-07 16:21:11');

-- --------------------------------------------------------

--
-- Struktur dari tabel `ticket_types`
--

CREATE TABLE `ticket_types` (
  `id` char(36) CHARACTER SET utf8mb4 COLLATE utf8mb4_bin NOT NULL DEFAULT uuid(),
  `event_id` char(36) CHARACTER SET utf8mb4 COLLATE utf8mb4_bin NOT NULL,
  `name` varchar(150) NOT NULL,
  `deskripsi` text DEFAULT NULL,
  `price` decimal(15,2) NOT NULL,
  `total_stock` bigint(20) NOT NULL,
  `ticket_sold` bigint(20) DEFAULT 0,
  `max_per_order` bigint(20) NOT NULL,
  `reserved_stock` bigint(20) NOT NULL,
  `admin_fee_included` tinyint(1) DEFAULT 1,
  `tax_included` tinyint(1) DEFAULT 1,
  `status` enum('draft','available','closed') DEFAULT 'draft',
  `ticket_usage_type` enum('single_entry','daily_entry','multi_entry') DEFAULT 'single_entry',
  `deliver_ticket` datetime DEFAULT NULL,
  `date_start` date DEFAULT NULL,
  `date_end` date DEFAULT NULL,
  `time_start` time DEFAULT NULL,
  `time_end` time DEFAULT NULL,
  `created_at` datetime NOT NULL,
  `updated_at` datetime NOT NULL,
  `deleted_at` datetime DEFAULT NULL
) ENGINE=InnoDB DEFAULT CHARSET=utf8mb4 COLLATE=utf8mb4_general_ci;

--
-- Dumping data untuk tabel `ticket_types`
--

INSERT INTO `ticket_types` (`id`, `event_id`, `name`, `deskripsi`, `price`, `total_stock`, `ticket_sold`, `max_per_order`, `reserved_stock`, `admin_fee_included`, `tax_included`, `status`, `ticket_usage_type`, `deliver_ticket`, `date_start`, `date_end`, `time_start`, `time_end`, `created_at`, `updated_at`, `deleted_at`) VALUES
('21a972c8-bcd8-4ad8-b1dd-3c683bf4ad59', 'fc9424e6-9be9-4abe-aa59-2a6d5653936e', 'reg', '<p>enjnk</p>', 50000.00, 250, 0, 1, 0, 1, 1, 'draft', 'single_entry', '2026-03-19 07:00:00', '2026-03-07', '2026-03-21', '19:04:00', '19:04:00', '2026-03-07 19:04:20', '2026-03-07 19:04:20', NULL),
('326fa66d-6b42-4cc0-b9b3-8d17b9e3cadd', '9053e0f9-f747-49c9-888a-754036d2c2a9', 'gdfgbf', '<p>gdrfdg</p>', 65465.00, 54, 0, 1, 0, 1, 1, 'draft', 'single_entry', '2026-03-24 07:00:00', '2026-03-01', '2026-03-28', '17:04:00', '19:04:00', '2026-03-01 17:05:08', '2026-03-01 17:05:08', NULL),
('49aa5415-d9d1-4ddb-b5d7-4a1281107f87', '3dc6df65-90b4-4f7d-ac6b-84d0c331e5ab', 'vip 1', '<p>fesfed</p>', 75000.00, 100, 16, 4, -1, 1, 1, 'draft', 'single_entry', '2026-02-27 07:00:00', '2026-02-27', '2026-03-14', '18:50:00', '18:50:00', '2026-02-27 18:51:37', '2026-03-08 15:40:00', NULL),
('6f3bbf57-4c39-4779-81f6-e936fff8635d', '3dc6df65-90b4-4f7d-ac6b-84d0c331e5ab', 'reguler', '<p>fesfed</p>', 50000.00, 250, 51, 4, -3, 1, 1, 'draft', 'single_entry', '2026-02-27 07:00:00', '2026-02-27', '2026-03-14', '18:50:00', '18:50:00', '2026-02-27 18:51:37', '2026-03-08 16:38:29', NULL),
('735051fd-0746-4ba6-96af-4ef56004fd19', '829b5b1c-5a64-4d4e-b946-f2efa8b6a1ed', 'tref', '<p>fesde</p>', 25000.00, 100, 0, 1, 0, 1, 1, 'draft', 'single_entry', '2026-03-15 07:00:00', '2026-03-01', '2026-03-21', '17:02:00', '17:02:00', '2026-03-01 17:03:04', '2026-03-01 17:03:04', NULL),
('74dd9bf9-0595-4c5f-a0d6-5603ce8f7338', '9398b3ae-2856-4647-9770-ce11351aa44e', 'fgf', '<p>gdgd</p>', 50000.00, 200, 0, 2, 0, 1, 1, 'draft', 'single_entry', '2026-03-12 07:00:00', '2026-03-01', '2026-03-14', '16:59:00', '16:59:00', '2026-03-01 16:59:31', '2026-03-01 16:59:31', NULL),
('cfede144-8cec-4bf6-bae9-66f7439c795c', 'f9f12d0a-c6db-4ac5-aeb5-a89706350c2f', 'festival', '<p>tiket reguler</p>', 40000.00, 300, 9, 2, 0, 0, 0, 'draft', 'single_entry', '2026-03-01 07:00:00', '2026-03-01', '2026-03-28', '16:46:00', '19:00:00', '2026-03-01 16:46:54', '2026-03-08 15:40:00', NULL);

-- --------------------------------------------------------

--
-- Struktur dari tabel `users`
--

CREATE TABLE `users` (
  `id` char(36) CHARACTER SET utf8mb4 COLLATE utf8mb4_bin NOT NULL DEFAULT uuid(),
  `email` varchar(191) NOT NULL,
  `password_hash` varchar(255) NOT NULL,
  `full_name` varchar(255) NOT NULL,
  `phone` varchar(50) DEFAULT NULL,
  `is_active` tinyint(1) DEFAULT 1,
  `is_email_verified` tinyint(1) DEFAULT 0,
  `failed_login_attempts` int(1) NOT NULL,
  `is_locked` tinyint(1) NOT NULL,
  `image` text DEFAULT NULL,
  `locked_at` datetime DEFAULT NULL,
  `created_at` datetime NOT NULL,
  `updated_at` datetime NOT NULL,
  `deleted_at` datetime DEFAULT NULL
) ENGINE=InnoDB DEFAULT CHARSET=utf8mb4 COLLATE=utf8mb4_general_ci;

--
-- Dumping data untuk tabel `users`
--

INSERT INTO `users` (`id`, `email`, `password_hash`, `full_name`, `phone`, `is_active`, `is_email_verified`, `failed_login_attempts`, `is_locked`, `image`, `locked_at`, `created_at`, `updated_at`, `deleted_at`) VALUES
('217964b7-2332-43d1-be35-c92716920f10', 'paeru@gmail.com', '$2b$10$cjFUZP1Cu2tKAkdMxU9p9u9BG45ICPNvy6PqZiSLnQqi0N2lJtG8S', 'paeru', '078777474', 1, 0, 0, 0, '/uploads/image/1771397049364-85349446.webp', NULL, '2026-02-10 15:03:20', '2026-03-07 18:59:01', NULL),
('32aa631c-e79b-44ab-bed5-c2bcf5a5cff6', 'adminevent@gmail.com', '$2b$10$ui/OzhARFIQZY2IiY/WKJuFEnqpzE7jpB4Eb1ZIDv7JKd0DV2RQP2', 'admin event', '08123242344', 1, 0, 0, 0, '/uploads/image/1771571993119-821682966.webp', NULL, '2026-02-17 19:11:15', '2026-02-20 14:22:03', NULL),
('3d2ef306-35c3-486d-a545-51a35bfe08b6', 'scanadmin@gmail.com', '$2b$10$yPvB0m3b27biVKMPKr0XVOiiemx98ANo.unjNsm9l.l/wOz7Ar1Xm', 'scan admin', '0988756755', 1, 0, 0, 0, '/uploads/image/1772696520027-218821910.webp', NULL, '2026-02-17 19:38:54', '2026-03-07 12:48:19', NULL),
('6374cc16-07aa-438e-95a9-9c6d64486558', 'system@gmail.com', '$2b$10$743lfMwvSR15m5gNmOSmUOHD4Zn.j2oASY8Fp2jvJEPEekFue5a7O', 'system', '081232323', 1, 0, 0, 0, NULL, NULL, '2026-02-21 13:10:41', '2026-02-21 13:10:41', NULL),
('7f647c00-e1ed-4ee6-8fdd-0ca68d47f9c8', 'sistem@gmail.com', '$2b$10$O6xD5AkHsyNDoja/3z7keez8HnH.Jb9Vh9X0zQKSPp6DX2ERdIIfe', 'sistem', '0853553', 1, 0, 0, 0, NULL, NULL, '2026-02-21 13:35:29', '2026-02-21 14:07:27', NULL),
('999cf76b-01f9-47fc-b6aa-81f78d533be2', 'superadmin@gmail.com', '$2b$10$mp2sO496oj.qUHYzRgop5ullje5gddpH0LwpZNLnNmf2C3MVKz8m6', 'super admin', '08123243433', 1, 0, 0, 0, '/uploads/users/1771418802542-721742320.webp', NULL, '2025-12-07 15:57:01', '2026-03-07 19:16:20', NULL),
('adb8c9b1-ccb5-44c1-b754-a27842663a60', 'content@gmail.com', '$2b$10$LWBC573KPxZTHtzNc57DkeYHrOT/bnjjqbcjStChLttNhkeazSlXG', 'content', '0853553', 1, 0, 0, 0, NULL, NULL, '2026-02-21 13:46:08', '2026-02-21 13:47:08', '2026-02-21 13:47:08'),
('d4d759fd-6696-47c3-b3ec-b9b3b3d3f796', 'test112@gmail.com', '$2b$10$aD1R60zxENQ1SyCWG8iZdOP.a/Nuj5I51zNRArWxUghA/.0oHmDXq', 'test', '4534537', 1, 0, 0, 0, '/uploads/image/1771742270290-969133118.webp', NULL, '2026-02-16 20:03:16', '2026-03-07 21:26:10', NULL);

-- --------------------------------------------------------

--
-- Struktur dari tabel `user_roles`
--

CREATE TABLE `user_roles` (
  `user_id` char(36) CHARACTER SET utf8mb4 COLLATE utf8mb4_bin NOT NULL,
  `role_id` char(36) CHARACTER SET utf8mb4 COLLATE utf8mb4_bin NOT NULL,
  `created_at` datetime NOT NULL,
  `updated_at` timestamp NULL DEFAULT NULL
) ENGINE=InnoDB DEFAULT CHARSET=utf8mb4 COLLATE=utf8mb4_general_ci;

--
-- Dumping data untuk tabel `user_roles`
--

INSERT INTO `user_roles` (`user_id`, `role_id`, `created_at`, `updated_at`) VALUES
('7f647c00-e1ed-4ee6-8fdd-0ca68d47f9c8', '957d6bbc-057a-11f1-a9d5-1cb72c0737b7', '2026-02-21 13:35:29', NULL),
('999cf76b-01f9-47fc-b6aa-81f78d533be2', '6b9e8940-d37b-11f0-9521-1cb72c0737b7', '2025-12-07 15:57:01', NULL),
('adb8c9b1-ccb5-44c1-b754-a27842663a60', '957d9eca-057a-11f1-a9d5-1cb72c0737b7', '2026-02-21 13:46:08', NULL);

--
-- Indexes for dumped tables
--

--
-- Indeks untuk tabel `admin_audit_logs`
--
ALTER TABLE `admin_audit_logs`
  ADD PRIMARY KEY (`id`);

--
-- Indeks untuk tabel `admin_refresh_tokens`
--
ALTER TABLE `admin_refresh_tokens`
  ADD PRIMARY KEY (`id`);

--
-- Indeks untuk tabel `banners`
--
ALTER TABLE `banners`
  ADD PRIMARY KEY (`id`);

--
-- Indeks untuk tabel `creators`
--
ALTER TABLE `creators`
  ADD PRIMARY KEY (`id`);

--
-- Indeks untuk tabel `creator_bank_accounts`
--
ALTER TABLE `creator_bank_accounts`
  ADD PRIMARY KEY (`id`),
  ADD UNIQUE KEY `unique_bank_per_creator` (`creator_id`);

--
-- Indeks untuk tabel `creator_documents`
--
ALTER TABLE `creator_documents`
  ADD PRIMARY KEY (`id`);

--
-- Indeks untuk tabel `creator_finance_settings`
--
ALTER TABLE `creator_finance_settings`
  ADD PRIMARY KEY (`id`);

--
-- Indeks untuk tabel `creator_financials`
--
ALTER TABLE `creator_financials`
  ADD PRIMARY KEY (`id`);

--
-- Indeks untuk tabel `creator_user_members`
--
ALTER TABLE `creator_user_members`
  ADD PRIMARY KEY (`id`);

--
-- Indeks untuk tabel `customer_users`
--
ALTER TABLE `customer_users`
  ADD PRIMARY KEY (`id`),
  ADD UNIQUE KEY `email` (`email`);

--
-- Indeks untuk tabel `events`
--
ALTER TABLE `events`
  ADD PRIMARY KEY (`id`),
  ADD KEY `status` (`status`),
  ADD KEY `kategori_id` (`kategori_id`),
  ADD KEY `creator_id` (`creator_id`),
  ADD KEY `province` (`province`),
  ADD KEY `date_start` (`date_start`),
  ADD KEY `created_at` (`created_at`),
  ADD KEY `idx_events_status_created` (`status`,`created_at`),
  ADD KEY `total_ticket_sold` (`total_ticket_sold`);

--
-- Indeks untuk tabel `event_fasilitas`
--
ALTER TABLE `event_fasilitas`
  ADD PRIMARY KEY (`id`);

--
-- Indeks untuk tabel `event_staff_assignments`
--
ALTER TABLE `event_staff_assignments`
  ADD PRIMARY KEY (`id`),
  ADD KEY `event_staff_assignments_event_id` (`event_id`),
  ADD KEY `event_staff_assignments_user_id` (`user_id`),
  ADD KEY `event_staff_assignments_creator_id` (`creator_id`);

--
-- Indeks untuk tabel `fasilitas`
--
ALTER TABLE `fasilitas`
  ADD PRIMARY KEY (`id`);

--
-- Indeks untuk tabel `guest_stars`
--
ALTER TABLE `guest_stars`
  ADD PRIMARY KEY (`id`);

--
-- Indeks untuk tabel `kategoris`
--
ALTER TABLE `kategoris`
  ADD PRIMARY KEY (`id`);

--
-- Indeks untuk tabel `orders`
--
ALTER TABLE `orders`
  ADD PRIMARY KEY (`id`),
  ADD UNIQUE KEY `code_order` (`code_order`),
  ADD KEY `status` (`status`),
  ADD KEY `expired_at` (`expired_at`);

--
-- Indeks untuk tabel `order_items`
--
ALTER TABLE `order_items`
  ADD PRIMARY KEY (`id`);

--
-- Indeks untuk tabel `payments`
--
ALTER TABLE `payments`
  ADD PRIMARY KEY (`id`);

--
-- Indeks untuk tabel `payouts`
--
ALTER TABLE `payouts`
  ADD PRIMARY KEY (`id`);

--
-- Indeks untuk tabel `regions`
--
ALTER TABLE `regions`
  ADD PRIMARY KEY (`id`),
  ADD UNIQUE KEY `slug` (`slug`);

--
-- Indeks untuk tabel `roles`
--
ALTER TABLE `roles`
  ADD PRIMARY KEY (`id`),
  ADD UNIQUE KEY `name` (`name`);

--
-- Indeks untuk tabel `sequelizemeta`
--
ALTER TABLE `sequelizemeta`
  ADD PRIMARY KEY (`name`),
  ADD UNIQUE KEY `name` (`name`);

--
-- Indeks untuk tabel `sponsors`
--
ALTER TABLE `sponsors`
  ADD PRIMARY KEY (`id`);

--
-- Indeks untuk tabel `system_finance_settings`
--
ALTER TABLE `system_finance_settings`
  ADD PRIMARY KEY (`id`);

--
-- Indeks untuk tabel `tickets`
--
ALTER TABLE `tickets`
  ADD PRIMARY KEY (`id`),
  ADD UNIQUE KEY `ticket_code` (`ticket_code`),
  ADD KEY `tickets_ticket_code` (`ticket_code`),
  ADD KEY `tickets_event_id` (`event_id`),
  ADD KEY `tickets_status` (`status`),
  ADD KEY `order_item_id` (`order_item_id`),
  ADD KEY `sent_at` (`sent_at`),
  ADD KEY `creator_id` (`creator_id`);

--
-- Indeks untuk tabel `ticket_daily_usage`
--
ALTER TABLE `ticket_daily_usage`
  ADD PRIMARY KEY (`id`),
  ADD UNIQUE KEY `unique_ticket_daily_usage` (`ticket_id`,`usage_date`),
  ADD KEY `ticket_daily_usage_ticket_id` (`ticket_id`),
  ADD KEY `ticket_daily_usage_event_id` (`event_id`),
  ADD KEY `ticket_daily_usage_usage_date` (`usage_date`);

--
-- Indeks untuk tabel `ticket_scan_logs`
--
ALTER TABLE `ticket_scan_logs`
  ADD PRIMARY KEY (`id`),
  ADD KEY `ticket_scan_logs_event_id` (`event_id`),
  ADD KEY `ticket_scan_logs_ticket_id` (`ticket_id`),
  ADD KEY `ticket_scan_logs_scanned_at` (`scanned_at`);

--
-- Indeks untuk tabel `ticket_types`
--
ALTER TABLE `ticket_types`
  ADD PRIMARY KEY (`id`),
  ADD KEY `ticket_sold` (`ticket_sold`),
  ADD KEY `event_id` (`event_id`),
  ADD KEY `status` (`status`),
  ADD KEY `idx_eventId_sold` (`event_id`,`ticket_sold`),
  ADD KEY `ticket_usage_type` (`ticket_usage_type`);

--
-- Indeks untuk tabel `users`
--
ALTER TABLE `users`
  ADD PRIMARY KEY (`id`),
  ADD UNIQUE KEY `email` (`email`);

--
-- Indeks untuk tabel `user_roles`
--
ALTER TABLE `user_roles`
  ADD PRIMARY KEY (`user_id`,`role_id`);
COMMIT;

/*!40101 SET CHARACTER_SET_CLIENT=@OLD_CHARACTER_SET_CLIENT */;
/*!40101 SET CHARACTER_SET_RESULTS=@OLD_CHARACTER_SET_RESULTS */;
/*!40101 SET COLLATION_CONNECTION=@OLD_COLLATION_CONNECTION */;
